ISO-10303-21;
HEADER;
FILE_DESCRIPTION (( 'STEP AP203' ),
    '1' );
FILE_NAME ('ÐØ÷¢ÓÒ.STEP',
    '2025-12-08T03:40:13',
    ( '' ),
    ( '' ),
    'SwSTEP 2.0',
    'SolidWorks 2024',
    '' );
FILE_SCHEMA (( 'CONFIG_CONTROL_DESIGN' ));
ENDSEC;

DATA;
#1 = CARTESIAN_POINT ( 'NONE',  ( 123.3232104093771113, -33.43869146809631587, 25.30006399937030892 ) ) ;
#2 = CARTESIAN_POINT ( 'NONE',  ( 116.7417157824581011, 43.39489910961199115, 16.00827758488070529 ) ) ;
#3 = CARTESIAN_POINT ( 'NONE',  ( 84.72828514618205986, -25.30892157419880917, 26.96733301627905988 ) ) ;
#4 = CARTESIAN_POINT ( 'NONE',  ( 100.8459723347731654, -31.73501883910462951, 23.44922024115233583 ) ) ;
#5 = CARTESIAN_POINT ( 'NONE',  ( 113.6732104093771625, -25.29446283226606695, -11.01287290228125038 ) ) ;
#6 = ORIENTED_EDGE ( 'NONE', *, *, #1758, .T. ) ;
#7 = CARTESIAN_POINT ( 'NONE',  ( 51.09853543125214514, 18.74155931576184386, -20.91811928265419596 ) ) ;
#8 = VERTEX_POINT ( 'NONE', #1588 ) ;
#9 = CARTESIAN_POINT ( 'NONE',  ( 103.2856270030050894, -24.81042800205504761, -30.74458130336572381 ) ) ;
#10 = CARTESIAN_POINT ( 'NONE',  ( 43.30926810620312750, -34.16657762154287070, -3.735814599599783126 ) ) ;
#11 = CARTESIAN_POINT ( 'NONE',  ( 130.0000000000000000, 1.339643116750333096E-05, 35.00000000000000000 ) ) ;
#12 = CARTESIAN_POINT ( 'NONE',  ( 73.62321040937716532, -19.52046272058802856, 25.57925195902972959 ) ) ;
#13 = CARTESIAN_POINT ( 'NONE',  ( 118.4499440723211023, -29.37600761128145876, -31.05587701080541052 ) ) ;
#14 = CARTESIAN_POINT ( 'NONE',  ( 51.09853543125247910, 18.74157032516695764, 20.91812178477241702 ) ) ;
#15 = EDGE_CURVE ( 'NONE', #3934, #1908, #76, .T. ) ;
#16 = CARTESIAN_POINT ( 'NONE',  ( 83.68342308812964347, -25.50159779069283772, 26.29912329257884451 ) ) ;
#17 = CARTESIAN_POINT ( 'NONE',  ( 83.78913208788807765, -29.51966168863283713, -23.26497895200537513 ) ) ;
#18 = CARTESIAN_POINT ( 'NONE',  ( 85.74772078972648615, -27.67073607976375982, 23.55180684224886534 ) ) ;
#19 = EDGE_CURVE ( 'NONE', #4493, #2353, #1326, .T. ) ;
#20 = CARTESIAN_POINT ( 'NONE',  ( 84.53209873165801014, -27.30903729341735087, -23.54265347144239229 ) ) ;
#21 = CARTESIAN_POINT ( 'NONE',  ( 74.49647921103114356, -2.143097591408291702, -32.05332510539010826 ) ) ;
#22 = DATE_TIME_ROLE ( 'creation_date' ) ;
#23 = EDGE_LOOP ( 'NONE', ( #1652, #3623, #3727, #3711 ) ) ;
#24 = EDGE_CURVE ( 'NONE', #435, #3932, #724, .T. ) ;
#25 = CARTESIAN_POINT ( 'NONE',  ( 139.0048509918063360, -45.30751158441105275, 65.70879298749477471 ) ) ;
#26 = CARTESIAN_POINT ( 'NONE',  ( 106.8732104093771511, -25.95650464203404084, 21.76283572278063971 ) ) ;
#27 = CARTESIAN_POINT ( 'NONE',  ( 130.0000000000001137, 16.70194809373178302, 33.17440851663070589 ) ) ;
#28 = CARTESIAN_POINT ( 'NONE',  ( 101.7312896559707980, -20.94877478739452314, 29.24600443506749770 ) ) ;
#29 = CARTESIAN_POINT ( 'NONE',  ( 109.4695235122385668, -31.89500482359424538, 24.57878344797486037 ) ) ;
#30 = CARTESIAN_POINT ( 'NONE',  ( 123.9629486871792494, -21.61684612304549447, -31.15812227335030826 ) ) ;
#31 = VERTEX_POINT ( 'NONE', #2869 ) ;
#32 = CARTESIAN_POINT ( 'NONE',  ( 2.595098964619822812, 2.922528291292773250, -5.738001927305857564 ) ) ;
#33 = ORIENTED_EDGE ( 'NONE', *, *, #2443, .F. ) ;
#34 = CARTESIAN_POINT ( 'NONE',  ( 115.7457421653340077, -25.61614095637338906, -28.85390076307512430 ) ) ;
#35 = CARTESIAN_POINT ( 'NONE',  ( 131.4052868953209270, -48.75064983121367845, -8.350415371480575999 ) ) ;
#36 = CARTESIAN_POINT ( 'NONE',  ( 0.000000000000000000, -0.8411391468596743914, 3.467302228020898269 ) ) ;
#37 = DIRECTION ( 'NONE',  ( -3.290533628671976386E-18, -0.4277609429282533404, -0.9038919048786374644 ) ) ;
#38 = CARTESIAN_POINT ( 'NONE',  ( 134.6910939706295096, -45.20253259244903887, -65.75847361008577252 ) ) ;
#39 = ADVANCED_FACE ( 'NONE', ( #323 ), #998, .T. ) ;
#40 = CARTESIAN_POINT ( 'NONE',  ( 32.31490397883113985, 20.88773987447666869, 12.70912154815672146 ) ) ;
#41 = CARTESIAN_POINT ( 'NONE',  ( 118.7388273287652396, -28.76121888263877224, -31.68991493938533921 ) ) ;
#42 = CARTESIAN_POINT ( 'NONE',  ( 4.673729940918086356, -9.800770930146144977, -1.873029678921825036 ) ) ;
#43 = ORIENTED_EDGE ( 'NONE', *, *, #3146, .T. ) ;
#44 = DIRECTION ( 'NONE',  ( 0.000000000000000000, 0.4277609429282503428, 0.9038919048786389077 ) ) ;
#45 = ADVANCED_FACE ( 'NONE', ( #979 ), #3853, .T. ) ;
#46 = ADVANCED_FACE ( 'NONE', ( #3169 ), #2145, .T. ) ;
#47 = CARTESIAN_POINT ( 'NONE',  ( 110.2323095497452101, -29.65917487695163501, -26.10747615186976844 ) ) ;
#48 = CARTESIAN_POINT ( 'NONE',  ( 130.9298369111538136, -16.76270356060538447, -33.19462813226952136 ) ) ;
#49 = ORIENTED_EDGE ( 'NONE', *, *, #4247, .F. ) ;
#50 = CARTESIAN_POINT ( 'NONE',  ( 99.16471303150633787, -25.22931103905600736, 20.22621948448694695 ) ) ;
#51 = CARTESIAN_POINT ( 'NONE',  ( 118.0099282580525397, -29.57612698551335484, 30.70155902230721523 ) ) ;
#52 = CARTESIAN_POINT ( 'NONE',  ( 12.01090769245362999, 16.76639545643025286, -0.8608082283819123992 ) ) ;
#53 = CARTESIAN_POINT ( 'NONE',  ( 119.2361473198740640, -23.99807846550225676, 29.83668965518760885 ) ) ;
#54 = CARTESIAN_POINT ( 'NONE',  ( 108.3817077872479899, -23.24482892739813167, 23.04611855156539946 ) ) ;
#55 = DIRECTION ( 'NONE',  ( -0.000000000000000000, 0.4277609429282503428, -0.9038919048786389077 ) ) ;
#56 = ORIENTED_EDGE ( 'NONE', *, *, #319, .F. ) ;
#57 = CARTESIAN_POINT ( 'NONE',  ( 131.3932345683773519, 8.473265971378015848, -34.67761262358008878 ) ) ;
#58 = ORIENTED_EDGE ( 'NONE', *, *, #3837, .T. ) ;
#59 = CARTESIAN_POINT ( 'NONE',  ( 112.4713796450257917, -26.01097098922480555, -31.44997798328715177 ) ) ;
#60 = CARTESIAN_POINT ( 'NONE',  ( 27.94483090126543345, -26.50230112831799545, -4.303951532363312182 ) ) ;
#61 = CARTESIAN_POINT ( 'NONE',  ( 13.49062453388675387, -0.9545855340293146751, 13.77254560041768627 ) ) ;
#62 = CARTESIAN_POINT ( 'NONE',  ( 106.8732104093771511, -22.21170408430874943, 19.10973022487138806 ) ) ;
#63 = FACE_OUTER_BOUND ( 'NONE', #3807, .T. ) ;
#64 = CARTESIAN_POINT ( 'NONE',  ( 77.25523553384761044, 14.19329362672772277, 29.87148019277350386 ) ) ;
#65 = VECTOR ( 'NONE', #4025, 1000.000000000000000 ) ;
#66 = CARTESIAN_POINT ( 'NONE',  ( 82.72624637745481380, -26.20059446257423730, -25.04492388584276341 ) ) ;
#67 = CARTESIAN_POINT ( 'NONE',  ( 91.41201140093401989, -44.67133523268618944, -9.764690174353733099 ) ) ;
#68 = B_SPLINE_CURVE_WITH_KNOTS ( 'NONE', 3,
 ( #1195, #3977, #1523, #2526, #3950, #1544, #723, #1171, #2950, #751 ),
 .UNSPECIFIED., .F., .F.,
 ( 4, 2, 2, 2, 4 ),
 ( 0.0008120826055753486506, 0.01312798718288850017, 0.02544389176020165136, 0.03775979633751479908, 0.05007570091482795027 ),
 .UNSPECIFIED. ) ;
#69 = B_SPLINE_CURVE_WITH_KNOTS ( 'NONE', 3,
 ( #4124, #2644, #4073, #4165 ),
 .UNSPECIFIED., .F., .F.,
 ( 4, 4 ),
 ( 0.000000000000000000, 0.0004322384445342242545 ),
 .UNSPECIFIED. ) ;
#70 = EDGE_LOOP ( 'NONE', ( #3635, #4019, #1859, #84 ) ) ;
#71 = DIRECTION ( 'NONE',  ( 3.290533628671976001E-18, 0.4277609429282533404, 0.9038919048786373533 ) ) ;
#72 = VECTOR ( 'NONE', #3540, 1000.000000000000000 ) ;
#73 = CARTESIAN_POINT ( 'NONE',  ( 85.74772078972304712, -27.67073607976459115, -23.55180684224972154 ) ) ;
#74 = EDGE_LOOP ( 'NONE', ( #2189, #1501, #252, #4479, #4515 ) ) ;
#75 = AXIS2_PLACEMENT_3D ( 'NONE', #3492, #1757, #3537 ) ;
#76 = CIRCLE ( 'NONE', #4028, 0.8000000000000014877 ) ;
#77 = CARTESIAN_POINT ( 'NONE',  ( 115.1446905700826022, -33.61371544471542450, 36.96494088232976338 ) ) ;
#78 = DIRECTION ( 'NONE',  ( 0.000000000000000000, -0.9038919048786374644, -0.4277609429282532849 ) ) ;
#79 = CIRCLE ( 'NONE', #2986, 5.500000000000004441 ) ;
#80 = CARTESIAN_POINT ( 'NONE',  ( 4.897582507596345280, 10.46632594654757931, 0.6241556376676979934 ) ) ;
#81 = CARTESIAN_POINT ( 'NONE',  ( 114.2140026322502138, -26.41457408989410993, 31.51990388055785175 ) ) ;
#82 = CARTESIAN_POINT ( 'NONE',  ( 82.70358114230906210, -22.57889978223172278, -25.77700869065131073 ) ) ;
#83 = DIRECTION ( 'NONE',  ( -3.290533628671975616E-18, -0.4277609429282532849, -0.9038919048786374644 ) ) ;
#84 = ORIENTED_EDGE ( 'NONE', *, *, #502, .F. ) ;
#85 = CARTESIAN_POINT ( 'NONE',  ( 2.321339412014962633, 1.946972759165340294, -5.840407883655048593 ) ) ;
#86 = VERTEX_POINT ( 'NONE', #4595 ) ;
#87 = AXIS2_PLACEMENT_3D ( 'NONE', #984, #3114, #3724 ) ;
#88 = CARTESIAN_POINT ( 'NONE',  ( 118.4127188496867689, -27.34065369274302881, -28.29524619173861666 ) ) ;
#89 = CARTESIAN_POINT ( 'NONE',  ( 116.7417157824574616, -43.39490341878748580, -16.00828768754458409 ) ) ;
#90 = PERSON ( 'æœª', 'æœª', 'æœª', ('æœª'), ('æœª'), ('æœª') ) ;
#91 = CARTESIAN_POINT ( 'NONE',  ( 99.16471303150633787, -22.51763532442009463, 21.50950231327170670 ) ) ;
#92 = LINE ( 'NONE', #62, #2016 ) ;
#93 = CARTESIAN_POINT ( 'NONE',  ( 118.7388273287653817, -28.76121888263883264, 31.68991493938530368 ) ) ;
#94 = CARTESIAN_POINT ( 'NONE',  ( 18.45344217075507842, 12.02769115333753014, 11.70572732842446406 ) ) ;
#95 = EDGE_CURVE ( 'NONE', #722, #3462, #3383, .T. ) ;
#96 = DIRECTION ( 'NONE',  ( 3.761581922631320453E-34, -0.9038919048786374644, 0.4277609429282533404 ) ) ;
#97 = CARTESIAN_POINT ( 'NONE',  ( 130.0000000000000853, -49.75819800989945918, 4.204627066612818709 ) ) ;
#98 = ORIENTED_EDGE ( 'NONE', *, *, #538, .T. ) ;
#99 = CARTESIAN_POINT ( 'NONE',  ( 124.1232104093771227, -22.08608564870091939, 31.00061132816046694 ) ) ;
#100 = B_SPLINE_CURVE_WITH_KNOTS ( 'NONE', 3,
 ( #1181, #2610, #4038, #2679, #2703, #2052, #1275, #3754, #4452, #3100 ),
 .UNSPECIFIED., .F., .F.,
 ( 4, 2, 2, 2, 4 ),
 ( 2.536258270415962346E-16, 0.0003145536213244863491, 0.0006291072426487189949, 0.0009436608639729516948, 0.001258214485297184503 ),
 .UNSPECIFIED. ) ;
#101 = CARTESIAN_POINT ( 'NONE',  ( 90.36343510634571885, -30.49308269099115165, -22.55271419194609450 ) ) ;
#102 = CARTESIAN_POINT ( 'NONE',  ( 82.65183847757938906, -25.90706901628209735, -25.16500593539283059 ) ) ;
#103 = CARTESIAN_POINT ( 'NONE',  ( 89.96960742000362643, -29.21318220604083038, 25.85826768957207733 ) ) ;
#104 = CARTESIAN_POINT ( 'NONE',  ( 67.41748257341450312, 42.54371922178950172, -0.8377365992724673527 ) ) ;
#105 = CARTESIAN_POINT ( 'NONE',  ( 120.0760542501194408, -24.47149139637021165, 29.71436076993525432 ) ) ;
#106 = CARTESIAN_POINT ( 'NONE',  ( 80.73129400092382468, -26.00252439991993825, -23.57191940899588545 ) ) ;
#107 = CARTESIAN_POINT ( 'NONE',  ( 121.5447400642281792, -28.96119501504462690, 27.72733968711150609 ) ) ;
#108 = ORIENTED_EDGE ( 'NONE', *, *, #2164, .T. ) ;
#109 = CARTESIAN_POINT ( 'NONE',  ( 43.68083218481485375, 1.675457188323056679, -24.71518654164717432 ) ) ;
#110 = ORIENTED_EDGE ( 'NONE', *, *, #3360, .F. ) ;
#111 = CARTESIAN_POINT ( 'NONE',  ( 114.0680261112641318, -25.12911548073050838, -28.89784679422588809 ) ) ;
#112 = CARTESIAN_POINT ( 'NONE',  ( 130.0000000000001421, -8.410036173537422499, -34.67073453029551899 ) ) ;
#113 = EDGE_CURVE ( 'NONE', #273, #2580, #764, .T. ) ;
#114 = CARTESIAN_POINT ( 'NONE',  ( 113.6732104093771625, -28.84487865857057542, 18.51517571277395646 ) ) ;
#115 = CARTESIAN_POINT ( 'NONE',  ( 74.21558368255465155, -18.85589143839417403, 25.99748620968558299 ) ) ;
#116 = CARTESIAN_POINT ( 'NONE',  ( 118.7680279198548448, -28.86612785599456998, 31.67387043368431065 ) ) ;
#117 = CARTESIAN_POINT ( 'NONE',  ( 130.0000000000000000, -2.803317189729630066, 35.00000000000000000 ) ) ;
#118 = CARTESIAN_POINT ( 'NONE',  ( 82.76586219373061226, -26.25595118226898350, -25.04627887446518031 ) ) ;
#119 = CARTESIAN_POINT ( 'NONE',  ( 116.7211243807025767, -49.26500433982791094, -3.870390424975494348 ) ) ;
#120 = VERTEX_POINT ( 'NONE', #2241 ) ;
#121 = DIRECTION ( 'NONE',  ( -1.000000000000000000, 1.407561767737851301E-18, -2.974286709687526747E-18 ) ) ;
#122 = CARTESIAN_POINT ( 'NONE',  ( 112.9491961101827542, -29.40543246315449011, -26.59149123743470611 ) ) ;
#123 = CARTESIAN_POINT ( 'NONE',  ( 107.3587758326524977, -27.36071251830254170, 18.88564955573661308 ) ) ;
#124 = DIRECTION ( 'NONE',  ( 0.000000000000000000, 0.9038919048786375754, -0.4277609429282530074 ) ) ;
#125 = CARTESIAN_POINT ( 'NONE',  ( 44.26631466506144363, 35.26944309773888619, -0.6215961148064593766 ) ) ;
#126 = LINE ( 'NONE', #3253, #3131 ) ;
#127 = CARTESIAN_POINT ( 'NONE',  ( 84.87274861174641671, -21.81156136698504611, -26.51234547089550730 ) ) ;
#128 = CARTESIAN_POINT ( 'NONE',  ( 114.2518250149011578, -29.20720778233396686, 26.85810974671265328 ) ) ;
#129 = ORIENTED_EDGE ( 'NONE', *, *, #2527, .F. ) ;
#130 = CARTESIAN_POINT ( 'NONE',  ( 129.9999999999996589, 39.22622868376744520, -22.08680587660836991 ) ) ;
#131 = CARTESIAN_POINT ( 'NONE',  ( 115.3368066943419450, -25.48486318567913145, -28.87084777839361038 ) ) ;
#132 = CARTESIAN_POINT ( 'NONE',  ( 130.4664392539287405, -32.36607691273803056, -26.99657296043998045 ) ) ;
#133 = DIRECTION ( 'NONE',  ( 0.000000000000000000, 0.9038919048786375754, -0.4277609429282530074 ) ) ;
#134 = CARTESIAN_POINT ( 'NONE',  ( 121.8472246766548182, -26.53954946744778809, -28.95785846975174138 ) ) ;
#135 = ORIENTED_EDGE ( 'NONE', *, *, #3622, .F. ) ;
#136 = CARTESIAN_POINT ( 'NONE',  ( 106.8732104093771511, -24.60066678471608981, -22.40447713717301781 ) ) ;
#137 = CARTESIAN_POINT ( 'NONE',  ( 21.11045646049037927, -4.138923101424619055, 16.82782662198169987 ) ) ;
#138 = CARTESIAN_POINT ( 'NONE',  ( 131.3928290221502380, 1.481458074228884017E-05, 35.00000000000000000 ) ) ;
#139 = CARTESIAN_POINT ( 'NONE',  ( 67.41748257341450312, -42.54371922178950172, -0.8377285941615285614 ) ) ;
#140 = ORIENTED_EDGE ( 'NONE', *, *, #3347, .T. ) ;
#141 = CARTESIAN_POINT ( 'NONE',  ( 108.2778792198901101, -22.47490518437445672, 21.41921022765681570 ) ) ;
#142 = CARTESIAN_POINT ( 'NONE',  ( 130.9372043342831944, 50.03417758307752905, -1.410068978961235953 ) ) ;
#143 = CARTESIAN_POINT ( 'NONE',  ( 82.13838682897774390, -25.99755230569140352, -23.84850410357763906 ) ) ;
#144 = VECTOR ( 'NONE', #3682, 1000.000000000000000 ) ;
#145 = AXIS2_PLACEMENT_3D ( 'NONE', #2520, #2967, #1468 ) ;
#146 = CARTESIAN_POINT ( 'NONE',  ( 108.1741595565064102, -25.14380230098474911, 20.04553291780346314 ) ) ;
#147 = CARTESIAN_POINT ( 'NONE',  ( 101.3732104093771511, -21.67889521275150599, 12.72391667399426574 ) ) ;
#148 = CARTESIAN_POINT ( 'NONE',  ( 28.73577996214139674, 27.65241802754836087, 2.896751538687695859 ) ) ;
#149 = AXIS2_PLACEMENT_3D ( 'NONE', #4568, #1319, #1672 ) ;
#150 = DIRECTION ( 'NONE',  ( 3.290533628671976001E-18, 0.4277609429282533404, 0.9038919048786374644 ) ) ;
#151 = DIRECTION ( 'NONE',  ( -1.000000000000000000, 0.000000000000000000, 0.000000000000000000 ) ) ;
#152 = CARTESIAN_POINT ( 'NONE',  ( 112.0504369723664126, -29.50525080893347862, 26.42438661418637480 ) ) ;
#153 = ORIENTED_EDGE ( 'NONE', *, *, #450, .F. ) ;
#154 = CARTESIAN_POINT ( 'NONE',  ( 43.68083218481485375, 0.000000000000000000, -24.71518654164717432 ) ) ;
#155 = CARTESIAN_POINT ( 'NONE',  ( 3.554467107526687819, -6.338548881327762174, -4.466852918930498184 ) ) ;
#156 = AXIS2_PLACEMENT_3D ( 'NONE', #4482, #2985, #1284 ) ;
#157 = LINE ( 'NONE', #1514, #528 ) ;
#158 = CARTESIAN_POINT ( 'NONE',  ( 121.4852768367772740, -29.04642786766164875, -27.67626075014570830 ) ) ;
#159 = SECURITY_CLASSIFICATION ( '', '', #1447 ) ;
#160 = ORIENTED_EDGE ( 'NONE', *, *, #329, .T. ) ;
#161 = CARTESIAN_POINT ( 'NONE',  ( 115.1446905700826022, -33.61371544471542450, -36.96494088232976338 ) ) ;
#162 = CARTESIAN_POINT ( 'NONE',  ( 80.30438725906597597, -21.91170114730473983, 27.05896826497812668 ) ) ;
#163 = CARTESIAN_POINT ( 'NONE',  ( 13.98690629757352788, 3.224254192620830128, 13.60264213475799089 ) ) ;
#164 = CARTESIAN_POINT ( 'NONE',  ( 93.08178496474421593, -47.82351979117675000, 1.071559035138545113 ) ) ;
#165 = CARTESIAN_POINT ( 'NONE',  ( -1.278143573239510503E-16, -25.10098275617752961, -19.95505191302336101 ) ) ;
#166 = CARTESIAN_POINT ( 'NONE',  ( 129.9999999999996021, 47.00483632671557643, -12.15046273737481464 ) ) ;
#167 = EDGE_CURVE ( 'NONE', #1236, #4212, #1257, .T. ) ;
#168 = CARTESIAN_POINT ( 'NONE',  ( 89.51383541642246655, -21.08076655920847742, 27.56721246660973890 ) ) ;
#169 = CARTESIAN_POINT ( 'NONE',  ( 73.62321040937716532, -21.32834265930705797, -24.73840301617873294 ) ) ;
#170 = LINE ( 'NONE', #3419, #1341 ) ;
#171 = CARTESIAN_POINT ( 'NONE',  ( 130.4684289651070799, 48.71365951725286436, -8.309094667702591863 ) ) ;
#172 = CARTESIAN_POINT ( 'NONE',  ( 120.6854829490986702, -38.36121521756554387, 55.03086281600964469 ) ) ;
#173 = FACE_OUTER_BOUND ( 'NONE', #23, .T. ) ;
#174 = CARTESIAN_POINT ( 'NONE',  ( 115.1799038123657084, -30.26048330820899679, 29.61731100270042916 ) ) ;
#175 = CARTESIAN_POINT ( 'NONE',  ( 113.6732104093771625, -24.60066678471608626, 22.40447713717301781 ) ) ;
#176 = CARTESIAN_POINT ( 'NONE',  ( 47.20424122687249024, -11.86146245284793288, -23.06043357499037683 ) ) ;
#177 = EDGE_CURVE ( 'NONE', #4361, #339, #834, .T. ) ;
#178 = CARTESIAN_POINT ( 'NONE',  ( 117.8598165271587135, -24.33253357993971733, -20.31871546885979996 ) ) ;
#179 = FACE_OUTER_BOUND ( 'NONE', #1348, .T. ) ;
#180 = CARTESIAN_POINT ( 'NONE',  ( 117.9379537922544614, -30.98410822794626185, -26.20191363293072939 ) ) ;
#181 = VERTEX_POINT ( 'NONE', #1183 ) ;
#182 = CARTESIAN_POINT ( 'NONE',  ( 93.87321040937715111, -23.74514489885957147, 20.59669332741573911 ) ) ;
#183 = CARTESIAN_POINT ( 'NONE',  ( 80.72745083131525234, -26.01248527411403799, -23.56572839941498998 ) ) ;
#184 = CARTESIAN_POINT ( 'NONE',  ( 3.502994080361221840, -4.427750037490236323, 5.692900975712390732 ) ) ;
#185 = CARTESIAN_POINT ( 'NONE',  ( 13.49062453388675387, 0.9545764123518019062, 13.77254560041768627 ) ) ;
#186 = CARTESIAN_POINT ( 'NONE',  ( 130.4684289651071367, -48.71365955192084130, -8.309095083763615719 ) ) ;
#187 = CARTESIAN_POINT ( 'NONE',  ( 82.82498077779881385, -26.33855987734752091, -25.04830092061537528 ) ) ;
#188 = CARTESIAN_POINT ( 'NONE',  ( 11.68595265865851296, 16.33706840907456836, -1.662933309306533936 ) ) ;
#189 = CARTESIAN_POINT ( 'NONE',  ( 120.0522994648738830, -24.45627623532963213, 29.71864459819678217 ) ) ;
#190 = EDGE_CURVE ( 'NONE', #4202, #4058, #2523, .T. ) ;
#191 = CARTESIAN_POINT ( 'NONE',  ( 99.16471303150633787, -21.67889521275150599, 12.72391667399426751 ) ) ;
#192 = DIRECTION ( 'NONE',  ( -3.290533628671975616E-18, -0.4277609429282532849, -0.9038919048786374644 ) ) ;
#193 = CARTESIAN_POINT ( 'NONE',  ( 0.000000000000000000, 3.922680848039705737, -2.208651666515998535 ) ) ;
#194 = CARTESIAN_POINT ( 'NONE',  ( 90.13098277037555306, -30.50321985341679110, 38.43696261405080605 ) ) ;
#195 = FACE_OUTER_BOUND ( 'NONE', #3115, .T. ) ;
#196 = CARTESIAN_POINT ( 'NONE',  ( 116.7430742009679960, -29.96067057113983623, 30.10361017227558023 ) ) ;
#197 = CARTESIAN_POINT ( 'NONE',  ( 123.9629486871792494, -21.61684612304549447, 31.15812227335030826 ) ) ;
#198 = CARTESIAN_POINT ( 'NONE',  ( 13.49062453388675387, -0.9545855340293146751, -13.77254560041768627 ) ) ;
#199 = CARTESIAN_POINT ( 'NONE',  ( 125.0400672494144061, -39.95649474031795023, -54.27590719664459584 ) ) ;
#200 = CARTESIAN_POINT ( 'NONE',  ( 83.00484648445583957, -25.65748675358788589, 25.67479963342239202 ) ) ;
#201 = DIRECTION ( 'NONE',  ( 0.000000000000000000, 0.9038919048786369093, 0.4277609429282543951 ) ) ;
#202 = CARTESIAN_POINT ( 'NONE',  ( 87.52802503470195461, -29.88782609787347866, -22.44333591854164567 ) ) ;
#203 = ORIENTED_EDGE ( 'NONE', *, *, #1630, .T. ) ;
#204 = CARTESIAN_POINT ( 'NONE',  ( 139.3516413448148796, -45.09246137588908709, -65.81056409472317625 ) ) ;
#205 = CARTESIAN_POINT ( 'NONE',  ( 81.21767703616981748, -23.69527739039576630, -24.94219112909072678 ) ) ;
#206 = CARTESIAN_POINT ( 'NONE',  ( 0.000000000000000000, -0.8411391472904639066, 3.467302228025639366 ) ) ;
#207 = PLANE ( 'NONE',  #746 ) ;
#208 = B_SPLINE_CURVE_WITH_KNOTS ( 'NONE', 3,
 ( #3208, #4360, #3232, #3586, #30, #1455, #705, #1155 ),
 .UNSPECIFIED., .F., .F.,
 ( 4, 2, 2, 4 ),
 ( 2.642252078890984739E-17, 0.0003142538912009386364, 0.0006285077824018509268, 0.001257015564803644174 ),
 .UNSPECIFIED. ) ;
#209 = CARTESIAN_POINT ( 'NONE',  ( 130.4664392539287405, -32.36607691273803056, 26.99657296043998045 ) ) ;
#210 = CARTESIAN_POINT ( 'NONE',  ( 85.05497497006710717, -27.77304144968129052, -25.42086850719570279 ) ) ;
#211 = CARTESIAN_POINT ( 'NONE',  ( 92.93658726354304633, 47.56355878076121968, -3.255739634032611463 ) ) ;
#212 = CARTESIAN_POINT ( 'NONE',  ( 81.12136801412951570, -26.78557323843754290, -23.18556065033092750 ) ) ;
#213 = CARTESIAN_POINT ( 'NONE',  ( 107.3587758326524835, -20.12957727927344109, 22.30773709916263670 ) ) ;
#214 = CIRCLE ( 'NONE', #656, 5.500000000000007105 ) ;
#215 = CARTESIAN_POINT ( 'NONE',  ( 134.6897895703582151, -45.13319204520066563, 65.79128857138150011 ) ) ;
#216 = CARTESIAN_POINT ( 'NONE',  ( 5.157310616045856833, 7.160682168904419775, -5.394358534533495231 ) ) ;
#217 = CARTESIAN_POINT ( 'NONE',  ( 116.9370847967340978, -32.47966174386318983, 37.50162439259194258 ) ) ;
#218 = DIRECTION ( 'NONE',  ( 0.000000000000000000, -0.9038919048786374644, 0.4277609429282532849 ) ) ;
#219 = EDGE_LOOP ( 'NONE', ( #2269, #1755, #1961, #4068 ) ) ;
#220 = CARTESIAN_POINT ( 'NONE',  ( 106.5345537689848783, -29.82299270370335620, 25.52799665598883294 ) ) ;
#221 = VECTOR ( 'NONE', #2323, 1000.000000000000114 ) ;
#222 = DIRECTION ( 'NONE',  ( 0.000000000000000000, -0.4277609429282532849, 0.9038919048786374644 ) ) ;
#223 = CARTESIAN_POINT ( 'NONE',  ( 74.02160111919896224, -30.44377556593104828, 19.20603550699139106 ) ) ;
#224 = AXIS2_PLACEMENT_3D ( 'NONE', #620, #2437, #683 ) ;
#225 = CARTESIAN_POINT ( 'NONE',  ( 82.80819150832138575, -25.73517950169600255, 25.43794655218886547 ) ) ;
#226 = CARTESIAN_POINT ( 'NONE',  ( 101.3732104093771511, -22.21170408430874943, -19.10973022487138806 ) ) ;
#227 = CARTESIAN_POINT ( 'NONE',  ( 81.15024618789375666, -26.78546722295531524, -23.18999435533660503 ) ) ;
#228 = VERTEX_POINT ( 'NONE', #3317 ) ;
#229 = CARTESIAN_POINT ( 'NONE',  ( 115.0177809679165222, -26.25905704328201651, -19.40700081713564629 ) ) ;
#230 = CARTESIAN_POINT ( 'NONE',  ( 82.75734123861992941, -25.76519553496894943, -25.36712089542911386 ) ) ;
#231 = CARTESIAN_POINT ( 'NONE',  ( 130.9368579302141598, -48.73215474353730059, 8.329755850865145916 ) ) ;
#232 = CARTESIAN_POINT ( 'NONE',  ( 130.4672503463835085, 39.25253085590053104, 22.12025403932359069 ) ) ;
#233 = CIRCLE ( 'NONE', #675, 5.800000000000006040 ) ;
#234 = CARTESIAN_POINT ( 'NONE',  ( 116.8044477273400332, -23.81196162818589457, 30.07344364188627139 ) ) ;
#235 = ORIENTED_EDGE ( 'NONE', *, *, #1360, .T. ) ;
#236 = EDGE_CURVE ( 'NONE', #3462, #722, #3992, .T. ) ;
#237 = CARTESIAN_POINT ( 'NONE',  ( 65.28489289006350305, 39.61616276511861656, -7.603028941835417776 ) ) ;
#238 = CARTESIAN_POINT ( 'NONE',  ( 93.28568190106940961, -20.85960315071664439, 28.19986363980513033 ) ) ;
#239 = B_SPLINE_CURVE_WITH_KNOTS ( 'NONE', 3,
 ( #3787, #1288, #2737, #2691, #889, #4071, #1946, #2316, #3089, #3373, #3066, #1635, #586, #4509, #543, #2015, #1993, #1261, #1972, #3442, #1308, #4420, #564, #168, #2291, #4121, #238, #2340, #3718, #3765, #841, #514, #915, #3016, #491, #1923, #4462, #3348, #3416, #2642, #4439, #2665, #3394, #189, #1610, #3038, #4209, #325 ),
 .UNSPECIFIED., .F., .F.,
 ( 4, 2, 2, 2, 2, 2, 2, 2, 2, 2, 2, 2, 2, 2, 2, 2, 2, 2, 2, 2, 2, 2, 2, 4 ),
 ( 0.04523988195058698675, 0.04560838969092000789, 0.04597689743125303596, 0.04671391291191908518, 0.04745092839258514134, 0.04818794387325119055, 0.04892495935391723977, 0.04966197483458329592, 0.05113600579591537354, 0.05261003675724745116, 0.05408406771857952877, 0.05703212964124368400, 0.05998019156390783230, 0.06292825348657199447, 0.06882437733190030493, 0.07472050117722861540, 0.07766856309989274287, 0.08061662502255688423, 0.08356468694522101170, 0.08651274886788515306, 0.08798677982921723761, 0.08946081079054932217, 0.09093484175188140672, 0.09240887271321349128 ),
 .UNSPECIFIED. ) ;
#240 = CARTESIAN_POINT ( 'NONE',  ( 79.65474997908000887, -25.74063093739000152, 19.65234258720577998 ) ) ;
#241 = LINE ( 'NONE', #147, #818 ) ;
#242 = CARTESIAN_POINT ( 'NONE',  ( 130.4664392539287974, 32.36607691273813003, -26.99657296043995558 ) ) ;
#243 = CARTESIAN_POINT ( 'NONE',  ( 88.26625363028300342, -27.36071251830254170, 18.88564955573661308 ) ) ;
#244 = LINE ( 'NONE', #1312, #1573 ) ;
#245 = EDGE_LOOP ( 'NONE', ( #2935, #1362, #3244, #4427, #4522, #2510, #3565, #2402, #3284, #1763 ) ) ;
#246 = CARTESIAN_POINT ( 'NONE',  ( 93.13401471990717084, -29.80269063970317944, 26.15683583243880506 ) ) ;
#247 = CARTESIAN_POINT ( 'NONE',  ( 2.190032415392462184, 0.000000000000000000, -6.158470319802441750 ) ) ;
#248 = CARTESIAN_POINT ( 'NONE',  ( 138.0702852415943767, -44.88248158071678517, -65.90993566193598951 ) ) ;
#249 = CARTESIAN_POINT ( 'NONE',  ( 125.1362128771300632, -39.69567427079982735, 54.39933878107839149 ) ) ;
#250 = DIRECTION ( 'NONE',  ( 1.348150961071065268E-33, -0.9038919048786374644, 0.4277609429282533404 ) ) ;
#251 = CARTESIAN_POINT ( 'NONE',  ( 102.8826055981937770, -20.52142366897000159, -29.56456320944946015 ) ) ;
#252 = ORIENTED_EDGE ( 'NONE', *, *, #2057, .F. ) ;
#253 = CARTESIAN_POINT ( 'NONE',  ( 96.22224898891042244, -29.38571893414495406, -38.96581262849484517 ) ) ;
#254 = ADVANCED_FACE ( 'NONE', ( #63 ), #3643, .T. ) ;
#255 = CARTESIAN_POINT ( 'NONE',  ( 80.77518888750742576, -24.39742703357450182, -24.48488020921609376 ) ) ;
#256 = CARTESIAN_POINT ( 'NONE',  ( 129.9999999999999432, -47.00483632671583223, 12.15046273737486615 ) ) ;
#257 = CARTESIAN_POINT ( 'NONE',  ( 130.9345006927673580, 39.27883302803361687, 22.15370220203881502 ) ) ;
#258 = CARTESIAN_POINT ( 'NONE',  ( 131.4035253038957194, -44.10174805352301775, 17.02099816919155728 ) ) ;
#259 = ORIENTED_EDGE ( 'NONE', *, *, #2304, .F. ) ;
#260 = CARTESIAN_POINT ( 'NONE',  ( 129.9999999999998863, 47.00483632677174484, 12.15046273773360319 ) ) ;
#261 = CARTESIAN_POINT ( 'NONE',  ( 118.0316369584383693, -27.91585499523628755, 31.61307722358287009 ) ) ;
#262 = CARTESIAN_POINT ( 'NONE',  ( 117.6924677931879444, -28.22897148181064608, -27.77309485243316445 ) ) ;
#263 = CARTESIAN_POINT ( 'NONE',  ( 130.0000000000000568, 48.69516436027244310, -8.288434315813605124 ) ) ;
#264 = CARTESIAN_POINT ( 'NONE',  ( 82.65183847757938906, -25.90706901628209735, -25.16500593539283059 ) ) ;
#265 = DIRECTION ( 'NONE',  ( 0.000000000000000000, -0.9038919048786373533, -0.4277609429282531739 ) ) ;
#266 = ORIENTED_EDGE ( 'NONE', *, *, #3132, .F. ) ;
#267 = CARTESIAN_POINT ( 'NONE',  ( 83.01618099176761234, -26.54766869045654332, 25.08634491602688499 ) ) ;
#268 = CARTESIAN_POINT ( 'NONE',  ( 117.5191359416765380, -27.59450272219715217, -31.59511465507853956 ) ) ;
#269 = CARTESIAN_POINT ( 'NONE',  ( 73.93174106037004378, -30.38708361247189060, 19.22605632197947756 ) ) ;
#270 = CARTESIAN_POINT ( 'NONE',  ( 118.0486133214183013, -23.44769901528613687, 20.73745764994232843 ) ) ;
#271 = FACE_OUTER_BOUND ( 'NONE', #4311, .T. ) ;
#272 = CARTESIAN_POINT ( 'NONE',  ( 99.16471303150633787, -25.22931103905600736, 20.22621948448694695 ) ) ;
#273 = VERTEX_POINT ( 'NONE', #2919 ) ;
#274 = FACE_OUTER_BOUND ( 'NONE', #3925, .T. ) ;
#275 = VERTEX_POINT ( 'NONE', #1516 ) ;
#276 = CARTESIAN_POINT ( 'NONE',  ( 81.94270082257695265, -25.22635003155403766, -24.24613817634281432 ) ) ;
#277 = CARTESIAN_POINT ( 'NONE',  ( 116.7311806466760373, -46.43678834253245213, 11.38477863178808391 ) ) ;
#278 = CARTESIAN_POINT ( 'NONE',  ( 131.4017510391511792, 39.30513520016670270, 22.18715036475403579 ) ) ;
#279 = CARTESIAN_POINT ( 'NONE',  ( 130.9364270373475563, -47.04492530637441661, 12.20449895847540844 ) ) ;
#280 = CARTESIAN_POINT ( 'NONE',  ( 93.07820806486360254, -29.78644558356045735, -26.15277894160688632 ) ) ;
#281 = CARTESIAN_POINT ( 'NONE',  ( 130.9356835359306785, 44.07919344025336272, 16.98868372250075609 ) ) ;
#282 = CARTESIAN_POINT ( 'NONE',  ( 113.7681933312401981, -26.29680663040478805, 31.50542771232129624 ) ) ;
#283 = CARTESIAN_POINT ( 'NONE',  ( 118.7732089031977836, -28.86772468428432958, -31.68091684467122349 ) ) ;
#284 = CARTESIAN_POINT ( 'NONE',  ( 130.9285526814335014, 2.820136222542879878, -35.00000000000000000 ) ) ;
#285 = COORDINATED_UNIVERSAL_TIME_OFFSET ( 8, 0, .AHEAD. ) ;
#286 = CARTESIAN_POINT ( 'NONE',  ( 116.0596499652294682, -26.96238876116519378, -31.56928206470239928 ) ) ;
#287 = FACE_OUTER_BOUND ( 'NONE', #3587, .T. ) ;
#288 = AXIS2_PLACEMENT_3D ( 'NONE', #2969, #3926, #2225 ) ;
#289 = CARTESIAN_POINT ( 'NONE',  ( 106.0744573642800219, -25.07151503409666304, 31.00691930986705103 ) ) ;
#290 = CARTESIAN_POINT ( 'NONE',  ( 113.6732104093771625, -28.98771794715570493, -18.11567985843185369 ) ) ;
#291 = CARTESIAN_POINT ( 'NONE',  ( 73.62321040937716532, -29.92055936164068797, 19.49173520828042072 ) ) ;
#292 = ORIENTED_EDGE ( 'NONE', *, *, #3404, .T. ) ;
#293 = CARTESIAN_POINT ( 'NONE',  ( 116.8427573120004297, 0.000000000000000000, -35.00000000000000000 ) ) ;
#294 = EDGE_LOOP ( 'NONE', ( #1986, #3496, #781, #929, #1448, #4148, #3014, #2289 ) ) ;
#295 = CARTESIAN_POINT ( 'NONE',  ( 86.55453342600513622, -21.46276400103183946, -26.94364133651914983 ) ) ;
#296 = CARTESIAN_POINT ( 'NONE',  ( 12.08968467034340044, -16.86769957714969692, 0.2906128387237498778 ) ) ;
#297 = CIRCLE ( 'NONE', #1405, 0.8000000000000014877 ) ;
#298 = CARTESIAN_POINT ( 'NONE',  ( 55.54915737911482410, 25.65604728712985505, 18.01645253878996300 ) ) ;
#299 = CARTESIAN_POINT ( 'NONE',  ( 4.066130117077076278, -7.948462868566168460, 3.558496703514454129 ) ) ;
#300 = VECTOR ( 'NONE', #1960, 1000.000000000000000 ) ;
#301 = DIRECTION ( 'NONE',  ( 0.000000000000000000, 0.9038919048786395738, 0.4277609429282486775 ) ) ;
#302 = CARTESIAN_POINT ( 'NONE',  ( 116.7417157824577600, 43.39490341878762081, 16.00828768754455567 ) ) ;
#303 = VECTOR ( 'NONE', #3988, 1000.000000000000000 ) ;
#304 = CARTESIAN_POINT ( 'NONE',  ( 115.3044312119589137, -26.71660625116312815, 31.55237592645484312 ) ) ;
#305 = EDGE_CURVE ( 'NONE', #3864, #2649, #1707, .T. ) ;
#306 = CC_DESIGN_APPROVAL ( #4392, ( #1197 ) ) ;
#307 = ADVANCED_FACE ( 'NONE', ( #2516 ), #1454, .F. ) ;
#308 = CARTESIAN_POINT ( 'NONE',  ( 117.9595013349221944, -28.06861595913569474, -27.88335194120426763 ) ) ;
#309 = CARTESIAN_POINT ( 'NONE',  ( 116.8427573120004297, -2.564973223106075118, -35.00000000000000000 ) ) ;
#310 = APPLICATION_PROTOCOL_DEFINITION ( 'international standard', 'config_control_design', 1994, #4527 ) ;
#311 = CARTESIAN_POINT ( 'NONE',  ( 102.0391503541043079, -24.73155365862033506, -30.60758094912221239 ) ) ;
#312 = CARTESIAN_POINT ( 'NONE',  ( 123.3232104093771540, -50.62046365063918074, -63.47667889898840343 ) ) ;
#313 = CARTESIAN_POINT ( 'NONE',  ( 84.40699611242573042, -25.36597490576367164, 26.79026285854090261 ) ) ;
#314 = CARTESIAN_POINT ( 'NONE',  ( 95.11555813593734854, -31.22107693424794306, 22.88180293295049950 ) ) ;
#315 = DIRECTION ( 'NONE',  ( 0.000000000000000000, 0.9038919048786387966, 0.4277609429282502318 ) ) ;
#316 = ORIENTED_EDGE ( 'NONE', *, *, #4584, .F. ) ;
#317 = CARTESIAN_POINT ( 'NONE',  ( 2.006231500456003847, 0.000000000000000000, -5.864981991046377630 ) ) ;
#318 = ORIENTED_EDGE ( 'NONE', *, *, #791, .F. ) ;
#319 = EDGE_CURVE ( 'NONE', #488, #1313, #2900, .T. ) ;
#320 = CARTESIAN_POINT ( 'NONE',  ( 93.12887926059656252, -24.55649912925564138, -29.32447261856699328 ) ) ;
#321 = CARTESIAN_POINT ( 'NONE',  ( 67.41748257341450312, -42.54371922178950172, 0.8377285941615285614 ) ) ;
#322 = CARTESIAN_POINT ( 'NONE',  ( 131.3947553667297825, -16.79307908241312219, 33.20473774745646267 ) ) ;
#323 = FACE_OUTER_BOUND ( 'NONE', #706, .T. ) ;
#324 = CARTESIAN_POINT ( 'NONE',  ( 63.24502449729344278, 36.75260273470649963, 10.78249181167480764 ) ) ;
#325 = CARTESIAN_POINT ( 'NONE',  ( 121.6565371457189713, -26.12780639248391523, 29.12955228016831200 ) ) ;
#326 = CARTESIAN_POINT ( 'NONE',  ( 130.0000000000000284, -44.03408421382737714, -16.92405482931950900 ) ) ;
#327 = CARTESIAN_POINT ( 'NONE',  ( 118.1563599565489255, -29.51378908023805892, -30.80774602997974654 ) ) ;
#328 = CARTESIAN_POINT ( 'NONE',  ( 129.9999999999995737, 16.70194809206823550, -33.17440851660807510 ) ) ;
#329 = EDGE_CURVE ( 'NONE', #4058, #1565, #1486, .T. ) ;
#330 = APPROVAL_STATUS ( 'not_yet_approved' ) ;
#331 = ORIENTED_EDGE ( 'NONE', *, *, #1190, .F. ) ;
#332 = CARTESIAN_POINT ( 'NONE',  ( 83.68342308812962926, -25.50159779069284482, -26.29912329257883741 ) ) ;
#333 = FACE_OUTER_BOUND ( 'NONE', #2382, .T. ) ;
#334 = CARTESIAN_POINT ( 'NONE',  ( 103.2856270030050894, -24.81042800205504761, 30.74458130336572381 ) ) ;
#335 = CARTESIAN_POINT ( 'NONE',  ( 124.0361870100643102, -33.14440388680529281, -25.57049320002115422 ) ) ;
#336 = CARTESIAN_POINT ( 'NONE',  ( 108.2778792198901101, -22.47490518437445672, -21.41921022765681570 ) ) ;
#337 = ORIENTED_EDGE ( 'NONE', *, *, #3707, .T. ) ;
#338 = DIRECTION ( 'NONE',  ( 0.000000000000000000, 0.9038919048786373533, 0.4277609429282531739 ) ) ;
#339 = VERTEX_POINT ( 'NONE', #2706 ) ;
#340 = CARTESIAN_POINT ( 'NONE',  ( 110.3647584322150550, -21.76926678796271730, -29.87531312574270359 ) ) ;
#341 = CARTESIAN_POINT ( 'NONE',  ( 92.93658726354338739, -47.56355894079505475, -3.255749796728424350 ) ) ;
#342 = CARTESIAN_POINT ( 'NONE',  ( 130.4644115227926591, -8.431111936017845920, 34.67302721454486658 ) ) ;
#343 = CARTESIAN_POINT ( 'NONE',  ( 118.0099282580524687, -29.57612698551335129, -30.70155902230714773 ) ) ;
#344 = CARTESIAN_POINT ( 'NONE',  ( 4.897582507596355939, 10.46632597721892211, 0.6241575854733625306 ) ) ;
#345 = DIRECTION ( 'NONE',  ( -3.290533628671975616E-18, -0.4277609429282532849, 0.9038919048786374644 ) ) ;
#346 = CARTESIAN_POINT ( 'NONE',  ( 4.809640427829905640, -10.20805179897553039, -1.256104403120215540 ) ) ;
#347 = CARTESIAN_POINT ( 'NONE',  ( 87.03301108894568472, -28.00121260209782648, 23.58688886593841616 ) ) ;
#348 = CARTESIAN_POINT ( 'NONE',  ( 118.3324687397276449, -29.43234059266382729, -30.95115682771396237 ) ) ;
#349 = CARTESIAN_POINT ( 'NONE',  ( 0.000000000000000000, -0.8411391472904639066, -3.467302228025639366 ) ) ;
#350 = APPROVAL_ROLE ( '' ) ;
#351 = VERTEX_POINT ( 'NONE', #3780 ) ;
#352 = DIRECTION ( 'NONE',  ( 0.000000000000000000, -0.9038919048786373533, 0.4277609429282533404 ) ) ;
#353 = CARTESIAN_POINT ( 'NONE',  ( 117.1549777272469157, -31.47449815811093643, -37.97731149734178047 ) ) ;
#354 = CARTESIAN_POINT ( 'NONE',  ( 97.90876222810611296, -20.81614906646145613, 28.83079903422052226 ) ) ;
#355 = CARTESIAN_POINT ( 'NONE',  ( 116.0877889808480319, -31.36654213703041805, 25.75464809989833270 ) ) ;
#356 = FACE_OUTER_BOUND ( 'NONE', #1955, .T. ) ;
#357 = ORIENTED_EDGE ( 'NONE', *, *, #431, .F. ) ;
#358 = CARTESIAN_POINT ( 'NONE',  ( 74.49647921103111514, 2.143097591408290814, -32.05332510539010826 ) ) ;
#359 = ORIENTED_EDGE ( 'NONE', *, *, #791, .T. ) ;
#360 = ADVANCED_FACE ( 'NONE', ( #579 ), #2403, .T. ) ;
#361 = CARTESIAN_POINT ( 'NONE',  ( 90.31279473502065969, -21.01647979657581189, -27.71221022326943384 ) ) ;
#362 = CARTESIAN_POINT ( 'NONE',  ( 130.0000000000000000, -50.00000000000000000, -1.401658592245195400 ) ) ;
#363 = AXIS2_PLACEMENT_3D ( 'NONE', #595, #2299, #1931 ) ;
#364 = CARTESIAN_POINT ( 'NONE',  ( 2.190032415392461740, -0.4108458737562661334, 6.158470319802441750 ) ) ;
#365 = CARTESIAN_POINT ( 'NONE',  ( 82.76586219373061226, -26.25595118226897640, 25.04627887446519807 ) ) ;
#366 =( BOUNDED_SURFACE ( )  B_SPLINE_SURFACE ( 3, 2, ( 
 ( #1297, #4152, #3840 ),
 ( #903, #3776, #3453 ),
 ( #948, #4105, #2329 ),
 ( #3118, #2372, #4476 ),
 ( #1317, #1343, #3099 ),
 ( #3405, #2072, #2004 ),
 ( #575, #3493, #4519 ),
 ( #3796, #3820, #4543 ),
 ( #3753, #3429, #225 ),
 ( #2747, #553, #3028 ),
 ( #598, #2029, #200 ),
 ( #968, #2769, #2678 ),
 ( #1649, #1623, #3052 ),
 ( #4197, #2399, #1600 ),
 ( #4451, #1248, #4233 ),
 ( #1367, #4566, #313 ),
 ( #3206, #1100, #3 ),
 ( #1716, #2158, #1430 ),
 ( #3861, #2505, #3954 ),
 ( #1031, #2461, #3929 ),
 ( #4586, #3885, #681 ),
 ( #1737, #1079, #728 ),
 ( #3180, #3584, #2859 ),
 ( #4608, #3230, #2531 ),
 ( #3560, #385, #1760 ),
 ( #3140, #1806, #4283 ),
 ( #754, #3160, #703 ),
 ( #4306, #1452, #3906 ),
 ( #354, #2115, #1406 ),
 ( #28, #2883, #3538 ),
 ( #1384, #2834, #334 ),
 ( #2186, #2810, #289 ),
 ( #1009, #2790, #4261 ),
 ( #1782, #1054, #4215 ),
 ( #660, #2481, #2435 ),
 ( #2093, #2135, #3519 ),
 ( #3607, #3632, #2972 ),
 ( #455, #4030, #2209 ),
 ( #3677, #1200, #81 ),
 ( #847, #2626, #1882 ),
 ( #1927, #3980, #4335 ),
 ( #2256, #1506, #1547 ),
 ( #3307, #4055, #3281 ),
 ( #3701, #409, #1905 ),
 ( #53, #4005, #1832 ),
 ( #105, #3656, #1526 ),
 ( #776, #1223, #1575 ),
 ( #4358, #475, #2276 ),
 ( #495, #4379, #3353 ),
 ( #2953, #432, #3327 ) ),
 .UNSPECIFIED., .F., .F., .T. ) 
 B_SPLINE_SURFACE_WITH_KNOTS ( ( 4, 2, 2, 2, 2, 2, 2, 2, 2, 2, 2, 2, 2, 2, 2, 2, 2, 2, 2, 2, 2, 2, 2, 2, 4 ),
 ( 3, 3 ),
 ( 0.04699485859200848437, 0.04772915325750862886, 0.04846344792300877335, 0.04919774258850891091, 0.04993203725400905540, 0.05066633191950919990, 0.05140062658500933745, 0.05286921591600962644, 0.05433780524700990849, 0.05580639457801019054, 0.05727498390901047953, 0.05874357324001076158, 0.06168075190201133262, 0.06461793056401189672, 0.07049228788801303880, 0.07636664521201418088, 0.07930382387401474498, 0.08224100253601532295, 0.08517818119801590093, 0.08664677052901617604, 0.08811535986001646503, 0.08958394919101675402, 0.09105253852201702913, 0.09252112785301731812, 0.09398971718401760711 ),
 ( 0.000000000000000000, 1.000000000000000000 ),
 .UNSPECIFIED. ) 
 GEOMETRIC_REPRESENTATION_ITEM ( )  RATIONAL_B_SPLINE_SURFACE ( (
 ( 1.000000000000000000, 0.9088756205952528422, 1.000000000000000000),
 ( 1.000000000000000000, 0.9110886398104035555, 1.000000000000000000),
 ( 1.000000000000000000, 0.9126577948660219430, 1.000000000000000000),
 ( 1.000000000000000000, 0.9140262128378549011, 1.000000000000000000),
 ( 1.000000000000000000, 0.9138532766023643727, 1.000000000000000000),
 ( 1.000000000000000000, 0.9117418359623568058, 1.000000000000000000),
 ( 1.000000000000000000, 0.9098062068589968243, 1.000000000000000000),
 ( 1.000000000000000000, 0.9044890436077791529, 1.000000000000000000),
 ( 1.000000000000000000, 0.9010469388936511725, 1.000000000000000000),
 ( 1.000000000000000000, 0.8932221842290938296, 1.000000000000000000),
 ( 1.000000000000000000, 0.8888363476821811160, 1.000000000000000000),
 ( 1.000000000000000000, 0.8794602600934077197, 1.000000000000000000),
 ( 1.000000000000000000, 0.8744543324106256454, 1.000000000000000000),
 ( 1.000000000000000000, 0.8595228536087604621, 1.000000000000000000),
 ( 1.000000000000000000, 0.8495684335818334265, 1.000000000000000000),
 ( 1.000000000000000000, 0.8316107784206503428, 1.000000000000000000),
 ( 1.000000000000000000, 0.8238317450408779719, 1.000000000000000000),
 ( 1.000000000000000000, 0.8107090158117534751, 1.000000000000000000),
 ( 1.000000000000000000, 0.8053120989990625311, 1.000000000000000000),
 ( 1.000000000000000000, 0.7961731838046277598, 1.000000000000000000),
 ( 1.000000000000000000, 0.7924202955806909365, 1.000000000000000000),
 ( 1.000000000000000000, 0.7859613453884639611, 1.000000000000000000),
 ( 1.000000000000000000, 0.7832577045430116902, 1.000000000000000000),
 ( 1.000000000000000000, 0.7761909844894074872, 1.000000000000000000),
 ( 1.000000000000000000, 0.7727992070418552295, 1.000000000000000000),
 ( 1.000000000000000000, 0.7670790194044774246, 1.000000000000000000),
 ( 1.000000000000000000, 0.7647853672907857225, 1.000000000000000000),
 ( 1.000000000000000000, 0.7586728257651838003, 1.000000000000000000),
 ( 1.000000000000000000, 0.7555939268757578819, 1.000000000000000000),
 ( 1.000000000000000000, 0.7497071865171398564, 1.000000000000000000),
 ( 1.000000000000000000, 0.7470153943311169664, 1.000000000000000000),
 ( 1.000000000000000000, 0.7422385449358896992, 1.000000000000000000),
 ( 1.000000000000000000, 0.7405411399154276930, 1.000000000000000000),
 ( 1.000000000000000000, 0.7367828373818622323, 1.000000000000000000),
 ( 1.000000000000000000, 0.7347257367931390171, 1.000000000000000000),
 ( 1.000000000000000000, 0.7299221077594009177, 1.000000000000000000),
 ( 1.000000000000000000, 0.7271965577787354862, 1.000000000000000000),
 ( 1.000000000000000000, 0.7219835026490084573, 1.000000000000000000),
 ( 1.000000000000000000, 0.7200539878922361803, 1.000000000000000000),
 ( 1.000000000000000000, 0.7155551259705438261, 1.000000000000000000),
 ( 1.000000000000000000, 0.7129934451460712141, 1.000000000000000000),
 ( 1.000000000000000000, 0.7067968611426566072, 1.000000000000000000),
 ( 1.000000000000000000, 0.7031662247724043135, 1.000000000000000000),
 ( 1.000000000000000000, 0.6939205913345617427, 1.000000000000000000),
 ( 1.000000000000000000, 0.6882494501610837423, 1.000000000000000000),
 ( 1.000000000000000000, 0.6737830620722564667, 1.000000000000000000),
 ( 1.000000000000000000, 0.6650056738479936946, 1.000000000000000000),
 ( 1.000000000000000000, 0.6462707834452330324, 1.000000000000000000),
 ( 1.000000000000000000, 0.6368082618384887095, 1.000000000000000000),
 ( 1.000000000000000000, 0.6294365157814896250, 1.000000000000000000) ) ) 
 REPRESENTATION_ITEM ( '' )  SURFACE ( )  );
#367 = CARTESIAN_POINT ( 'NONE',  ( 108.7495816434553149, -30.77852101977878263, -28.24723588177750244 ) ) ;
#368 = ADVANCED_FACE ( 'NONE', ( #3910 ), #1027, .F. ) ;
#369 = CIRCLE ( 'NONE', #740, 5.800000000000003375 ) ;
#370 = CARTESIAN_POINT ( 'NONE',  ( 7.047958085399645967, 9.954672282668449057, 4.895580816780737976 ) ) ;
#371 = CARTESIAN_POINT ( 'NONE',  ( 93.87321040937715111, -23.74514489885957147, 20.59669332741573911 ) ) ;
#372 = CIRCLE ( 'NONE', #2539, 5.500000000000003553 ) ;
#373 = ADVANCED_FACE ( 'NONE', ( #274 ), #3103, .F. ) ;
#374 = CARTESIAN_POINT ( 'NONE',  ( 116.7814619765437385, -31.46971761275502999, -26.16320285186913353 ) ) ;
#375 = CARTESIAN_POINT ( 'NONE',  ( 110.2323095497501555, -29.65917487694507315, 26.10747615187113624 ) ) ;
#376 = VECTOR ( 'NONE', #576, 1000.000000000000000 ) ;
#377 = CARTESIAN_POINT ( 'NONE',  ( 90.41211169230064115, -29.30458499324671706, -25.89795173328099054 ) ) ;
#378 = CARTESIAN_POINT ( 'NONE',  ( 130.0000000000004547, 24.73805695321725651, -30.63195096075192225 ) ) ;
#379 = CC_DESIGN_APPROVAL ( #1419, ( #1363 ) ) ;
#380 = ORIENTED_EDGE ( 'NONE', *, *, #3404, .F. ) ;
#381 = CARTESIAN_POINT ( 'NONE',  ( 125.1362128771300632, -39.73354473372631190, 54.38141683173564189 ) ) ;
#382 = CARTESIAN_POINT ( 'NONE',  ( 139.3516413448148796, -45.09246137588908709, -65.81056409472317625 ) ) ;
#383 = CARTESIAN_POINT ( 'NONE',  ( 129.9999999999996021, 47.00483632671557643, 12.15046273737481464 ) ) ;
#384 = EDGE_CURVE ( 'NONE', #2353, #339, #4237, .T. ) ;
#385 = CARTESIAN_POINT ( 'NONE',  ( 90.67830227749543326, -23.26602922870407397, 26.77495885840788148 ) ) ;
#386 = DIRECTION ( 'NONE',  ( -3.290533628671975231E-18, -0.4277609429282532849, -0.9038919048786373533 ) ) ;
#387 = CARTESIAN_POINT ( 'NONE',  ( 118.7767967315445219, -28.99082050352877360, 31.61962228152740551 ) ) ;
#388 = ORIENTED_EDGE ( 'NONE', *, *, #509, .F. ) ;
#389 = CARTESIAN_POINT ( 'NONE',  ( 130.4649184555767931, 16.73232582716864769, -33.18451832445015981 ) ) ;
#390 = ORIENTED_EDGE ( 'NONE', *, *, #1190, .T. ) ;
#391 = CARTESIAN_POINT ( 'NONE',  ( 107.4911800148056358, -21.41322292718438547, -29.71180304353757151 ) ) ;
#392 = CARTESIAN_POINT ( 'NONE',  ( 67.23203999225361827, -42.30010019038846991, -2.542608884049171181 ) ) ;
#393 = DIRECTION ( 'NONE',  ( -0.000000000000000000, 0.4277609429282542286, -0.9038919048786369093 ) ) ;
#394 = CARTESIAN_POINT ( 'NONE',  ( 74.31842620612934525, -18.84492531713110353, 26.02199272978849720 ) ) ;
#395 = CARTESIAN_POINT ( 'NONE',  ( 137.6828852184097514, -45.38391992602849001, -65.67263323865594771 ) ) ;
#396 = EDGE_CURVE ( 'NONE', #1734, #181, #2439, .T. ) ;
#397 = CARTESIAN_POINT ( 'NONE',  ( 116.8044477273400901, 23.81196162818580220, 30.07344364188631403 ) ) ;
#398 = CARTESIAN_POINT ( 'NONE',  ( 87.22988415506948456, -24.94377750095672042, 27.96445342532837941 ) ) ;
#399 = CARTESIAN_POINT ( 'NONE',  ( 0.000000000000000000, -2.473873534356184400, -3.063308152908785775 ) ) ;
#400 = ORIENTED_EDGE ( 'NONE', *, *, #4107, .T. ) ;
#401 = CARTESIAN_POINT ( 'NONE',  ( 108.0705324782445871, -22.38930704154162044, 21.23833474180811720 ) ) ;
#402 = CARTESIAN_POINT ( 'NONE',  ( 83.01618099176923238, -26.54766869045868916, -25.08634491602119709 ) ) ;
#403 = CARTESIAN_POINT ( 'NONE',  ( 77.25523553384827835, -14.19327618537353963, -29.87147867257807476 ) ) ;
#404 = PERSON_AND_ORGANIZATION ( #90, #533 ) ;
#405 = ORIENTED_EDGE ( 'NONE', *, *, #95, .T. ) ;
#406 = FACE_OUTER_BOUND ( 'NONE', #2947, .T. ) ;
#407 = CARTESIAN_POINT ( 'NONE',  ( 117.5110701777520745, -29.74939769752208818, 30.42724653568811988 ) ) ;
#408 = CARTESIAN_POINT ( 'NONE',  ( 130.9372043342831944, 50.03417758307752194, -1.410068111271440827 ) ) ;
#409 = CARTESIAN_POINT ( 'NONE',  ( 117.5285560087457242, -26.38117077302090507, 28.68484317980362874 ) ) ;
#410 = CARTESIAN_POINT ( 'NONE',  ( 117.8830715785608163, -23.43708939686843706, -29.94317288949541478 ) ) ;
#411 = CARTESIAN_POINT ( 'NONE',  ( 73.62321040937716532, -50.62046365063918074, -63.47667889898840343 ) ) ;
#412 = ORIENTED_EDGE ( 'NONE', *, *, #1682, .F. ) ;
#413 = CARTESIAN_POINT ( 'NONE',  ( 130.4644115227923464, 8.431112770401183454, -34.67302722804856074 ) ) ;
#414 = ORIENTED_EDGE ( 'NONE', *, *, #2995, .F. ) ;
#415 = CARTESIAN_POINT ( 'NONE',  ( 116.8825832558325004, -26.05290615135051979, -28.77143853341262059 ) ) ;
#416 = CARTESIAN_POINT ( 'NONE',  ( 116.7250750566207245, -48.17102550674299977, -7.702935465272983784 ) ) ;
#417 = CARTESIAN_POINT ( 'NONE',  ( 130.0000000000000000, -2.803317184490408565, 35.00000000000000000 ) ) ;
#418 = CARTESIAN_POINT ( 'NONE',  ( 74.42321040937719090, -18.85269963210745203, 26.03842045768015367 ) ) ;
#419 = CARTESIAN_POINT ( 'NONE',  ( 118.7763173811389379, -28.91941495697903264, 31.65753788272757774 ) ) ;
#420 = CARTESIAN_POINT ( 'NONE',  ( 3.554467107526689151, 6.338548881327771944, 4.466852918930497296 ) ) ;
#421 = CARTESIAN_POINT ( 'NONE',  ( 118.7680279198548590, -28.86612785599452380, -31.67387043368460198 ) ) ;
#422 = CARTESIAN_POINT ( 'NONE',  ( 11.18374942461132093, -15.66263231203303086, -2.394048666767570221 ) ) ;
#423 = ORIENTED_EDGE ( 'NONE', *, *, #530, .T. ) ;
#424 = LINE ( 'NONE', #3269, #1491 ) ;
#425 = CARTESIAN_POINT ( 'NONE',  ( 99.00976284266812399, -29.62435074455935435, -24.57101358699180338 ) ) ;
#426 = ORIENTED_EDGE ( 'NONE', *, *, #509, .T. ) ;
#427 = B_SPLINE_CURVE_WITH_KNOTS ( 'NONE', 3,
 ( #418, #394, #115, #3216, #2892, #3642, #1439, #12 ),
 .UNSPECIFIED., .F., .F.,
 ( 4, 2, 2, 4 ),
 ( 2.881939084222627117E-17, 0.0003145512501429790207, 0.0006291025002859292016, 0.001258205000571835635 ),
 .UNSPECIFIED. ) ;
#428 = CARTESIAN_POINT ( 'NONE',  ( 117.5517712539160442, -24.61497829503941048, 20.18505035137833303 ) ) ;
#429 = CARTESIAN_POINT ( 'NONE',  ( 82.82498077779878543, -26.33855987734751025, 25.04830092061536462 ) ) ;
#430 = CARTESIAN_POINT ( 'NONE',  ( 0.000000000000000000, 4.869741587137655259, -0.8290359989806687091 ) ) ;
#431 = EDGE_CURVE ( 'NONE', #4339, #733, #1322, .T. ) ;
#432 = CARTESIAN_POINT ( 'NONE',  ( 118.3110384117056384, -27.42878408622646802, 28.21771350813269663 ) ) ;
#433 = CARTESIAN_POINT ( 'NONE',  ( 90.45521913920170221, -21.00594860169884726, -27.73746284456722222 ) ) ;
#434 = CARTESIAN_POINT ( 'NONE',  ( 108.1741595565064245, -22.43212658634882928, -21.32881574658820867 ) ) ;
#435 = VERTEX_POINT ( 'NONE', #2751 ) ;
#436 = CARTESIAN_POINT ( 'NONE',  ( 130.0000000000000000, 2.803317189729622960, -35.00000000000000000 ) ) ;
#437 = VERTEX_POINT ( 'NONE', #3184 ) ;
#438 = CARTESIAN_POINT ( 'NONE',  ( 108.3817077872479899, -23.24482892739813167, -23.04611855156539946 ) ) ;
#439 = CARTESIAN_POINT ( 'NONE',  ( 40.06464684568351942, -30.32165310494031019, -7.768918308037206621 ) ) ;
#440 = CARTESIAN_POINT ( 'NONE',  ( 113.6732104093771625, -23.74514489885957502, 20.59669332741573555 ) ) ;
#441 = CARTESIAN_POINT ( 'NONE',  ( 115.1319331580686764, -33.08692830777317084, -24.55676127782201235 ) ) ;
#442 = CARTESIAN_POINT ( 'NONE',  ( 125.1183577332007104, -39.84644367750127003, -54.32798814365455797 ) ) ;
#443 = CARTESIAN_POINT ( 'NONE',  ( 55.54915737911444751, 25.65605529369427629, 18.01645654206995317 ) ) ;
#444 = FACE_OUTER_BOUND ( 'NONE', #4432, .T. ) ;
#445 = CARTESIAN_POINT ( 'NONE',  ( 0.000000000000000000, -4.975386526993264447, 0.4203602061403937107 ) ) ;
#446 = ORIENTED_EDGE ( 'NONE', *, *, #3343, .F. ) ;
#447 = CARTESIAN_POINT ( 'NONE',  ( 123.3232104093771824, -21.30515158963326527, -31.22064082669394125 ) ) ;
#448 = VECTOR ( 'NONE', #345, 999.9999999999998863 ) ;
#449 = CARTESIAN_POINT ( 'NONE',  ( 85.30637170168785133, -27.87717775573307222, -25.44697563192108802 ) ) ;
#450 = EDGE_CURVE ( 'NONE', #4258, #1689, #1321, .T. ) ;
#451 = EDGE_CURVE ( 'NONE', #2404, #1734, #515, .T. ) ;
#452 = CARTESIAN_POINT ( 'NONE',  ( 74.42321040937719090, -18.85269963210745203, 26.03842045768015367 ) ) ;
#453 = DIRECTION ( 'NONE',  ( -3.290533628671977157E-18, -0.4277609429282533404, 0.9038919048786374644 ) ) ;
#454 = CARTESIAN_POINT ( 'NONE',  ( 67.23203999225346195, 42.30010019038844860, -2.542608884049185836 ) ) ;
#455 = CARTESIAN_POINT ( 'NONE',  ( 114.6419556820872145, -22.53590444670910387, 29.99920810933479132 ) ) ;
#456 = CARTESIAN_POINT ( 'NONE',  ( 87.63571392270316096, -21.29023274629835427, -27.19111954201565950 ) ) ;
#457 = CARTESIAN_POINT ( 'NONE',  ( 118.5272879372913621, -29.32330669143376056, 31.15416046742310741 ) ) ;
#458 = ORIENTED_EDGE ( 'NONE', *, *, #167, .T. ) ;
#459 = CARTESIAN_POINT ( 'NONE',  ( 2.006231500456003847, 0.5812256774474995336, -5.864981991046377630 ) ) ;
#460 = VERTEX_POINT ( 'NONE', #4201 ) ;
#461 = CARTESIAN_POINT ( 'NONE',  ( 114.2140026322503843, -26.41457408989429823, -31.51990388055816439 ) ) ;
#462 = CARTESIAN_POINT ( 'NONE',  ( 44.42260250945866318, -5.422142659309523438, -24.39985062864666432 ) ) ;
#463 = DIRECTION ( 'NONE',  ( 3.290533628671963290E-18, 0.4277609429282533404, 0.9038919048786374644 ) ) ;
#464 = LINE ( 'NONE', #2844, #4182 ) ;
#465 = CARTESIAN_POINT ( 'NONE',  ( 118.6954067346216846, -28.66121406745266498, 31.68898590004275206 ) ) ;
#466 = CARTESIAN_POINT ( 'NONE',  ( 83.78913208788740974, 29.51967192985585342, 23.26498407266391055 ) ) ;
#467 = CARTESIAN_POINT ( 'NONE',  ( 82.64455492732200526, -26.01813495072142857, -25.08375447627611265 ) ) ;
#468 = CARTESIAN_POINT ( 'NONE',  ( 0.000000000000000000, -4.869741587137654371, 0.8290359989806673768 ) ) ;
#469 = ORIENTED_EDGE ( 'NONE', *, *, #1613, .F. ) ;
#470 = CARTESIAN_POINT ( 'NONE',  ( 93.87321040937715111, -28.84487865857055411, -18.51517571277392804 ) ) ;
#471 = CARTESIAN_POINT ( 'NONE',  ( 95.26881433802246590, -29.31369165994247439, -24.18057134832293542 ) ) ;
#472 = CARTESIAN_POINT ( 'NONE',  ( 125.1362128771300632, -39.77141519665280356, 54.36349488239287808 ) ) ;
#473 = CARTESIAN_POINT ( 'NONE',  ( 113.6732104093771625, -18.50257185056348419, 23.07770679639960321 ) ) ;
#474 = CARTESIAN_POINT ( 'NONE',  ( 44.26631466506144363, 35.26944309773888619, 0.6215901750565867578 ) ) ;
#475 = CARTESIAN_POINT ( 'NONE',  ( 118.4127188496002390, -27.34065369270685864, 28.29524619177141886 ) ) ;
#476 = CARTESIAN_POINT ( 'NONE',  ( 80.66085958799378375, -24.73539273516283998, -24.27814493006205510 ) ) ;
#477 = CARTESIAN_POINT ( 'NONE',  ( 117.6335612435238858, -31.05544113935286177, 26.12399982849310121 ) ) ;
#478 = ORIENTED_EDGE ( 'NONE', *, *, #3084, .F. ) ;
#479 = CARTESIAN_POINT ( 'NONE',  ( 116.7584762257465485, 38.48084488617338650, -21.13891007465461769 ) ) ;
#480 = CARTESIAN_POINT ( 'NONE',  ( 118.6415863962672432, -28.54784643955321144, -31.68513544867403908 ) ) ;
#481 = CARTESIAN_POINT ( 'NONE',  ( 116.8245602592863861, -15.84108682532363588, -32.88790597791415848 ) ) ;
#482 = CARTESIAN_POINT ( 'NONE',  ( 99.37226126224790335, -22.43212658634882928, 21.32881574658820156 ) ) ;
#483 = CARTESIAN_POINT ( 'NONE',  ( 83.84144008799646031, -28.68651013526631033, -22.53110892631884710 ) ) ;
#484 = CARTESIAN_POINT ( 'NONE',  ( 139.3140530997617361, -45.19350797833955369, -65.76274444979590328 ) ) ;
#485 = CARTESIAN_POINT ( 'NONE',  ( 130.9288230455846076, -8.452189370889719555, 34.67531992581439226 ) ) ;
#486 = CARTESIAN_POINT ( 'NONE',  ( 0.000000000000000000, 1.670036308073700848, 3.317257051284888458 ) ) ;
#487 = CARTESIAN_POINT ( 'NONE',  ( 11.68595265865844368, -16.33706863148148969, 1.662935975679579181 ) ) ;
#488 = VERTEX_POINT ( 'NONE', #1371 ) ;
#489 = DIRECTION ( 'NONE',  ( -1.000000000000000000, 0.000000000000000000, 0.000000000000000000 ) ) ;
#490 = CARTESIAN_POINT ( 'NONE',  ( 130.9364270373470731, 47.04492546175733025, -12.20449974544961869 ) ) ;
#491 = CARTESIAN_POINT ( 'NONE',  ( 110.3951197311371715, -21.77368101831911673, 29.87670040044730868 ) ) ;
#492 = CARTESIAN_POINT ( 'NONE',  ( 139.3746786733645706, -45.11256657128916459, 65.80104944225678310 ) ) ;
#493 = CARTESIAN_POINT ( 'NONE',  ( 86.16330933059727215, -28.19601702393530474, 25.52810314344174358 ) ) ;
#494 = CARTESIAN_POINT ( 'NONE',  ( 66.46708934496496113, 41.25705676901479535, 5.105864789804154036 ) ) ;
#495 = CARTESIAN_POINT ( 'NONE',  ( 121.4472963613324339, -25.73123735812459856, 29.29133045280171288 ) ) ;
#496 = CARTESIAN_POINT ( 'NONE',  ( 110.3951197311371999, -21.77368101831912739, -29.87670040044732289 ) ) ;
#497 = CARTESIAN_POINT ( 'NONE',  ( 118.6873329921050271, -29.19398988757508917, 31.38908299633901677 ) ) ;
#498 = ORIENTED_EDGE ( 'NONE', *, *, #2250, .F. ) ;
#499 = CARTESIAN_POINT ( 'NONE',  ( 116.2546693373623583, -27.03164513395445567, -31.57298955515750549 ) ) ;
#500 = CARTESIAN_POINT ( 'NONE',  ( 130.4672503463842190, -39.25253058578864085, -22.12025374207685857 ) ) ;
#501 = CARTESIAN_POINT ( 'NONE',  ( 113.6732104093771625, -25.95650464203404084, -21.76283572278063971 ) ) ;
#502 = EDGE_CURVE ( 'NONE', #2077, #1214, #3370, .T. ) ;
#503 = CARTESIAN_POINT ( 'NONE',  ( 95.11555813593733433, -31.22107693424793240, -22.88180293295049950 ) ) ;
#504 = ORIENTED_EDGE ( 'NONE', *, *, #113, .T. ) ;
#505 = CARTESIAN_POINT ( 'NONE',  ( 116.9370847967340978, -31.27967326010202953, -38.06951110841072961 ) ) ;
#506 = CARTESIAN_POINT ( 'NONE',  ( 3.554467107526739778, -6.338546917832069916, 4.466851937318335963 ) ) ;
#507 = CARTESIAN_POINT ( 'NONE',  ( 47.20424122687266788, 11.86144881716648847, 23.06043238651396621 ) ) ;
#508 = CARTESIAN_POINT ( 'NONE',  ( 28.73577996214130081, -27.65241802754828981, -2.896751538687683869 ) ) ;
#509 = EDGE_CURVE ( 'NONE', #1372, #2353, #2076, .T. ) ;
#510 = EDGE_LOOP ( 'NONE', ( #3177, #3637, #4001, #2138 ) ) ;
#511 = VECTOR ( 'NONE', #887, 1000.000000000000000 ) ;
#512 = CARTESIAN_POINT ( 'NONE',  ( 4.918901799660963192, 10.52716937784333773, -0.2054209739301128546 ) ) ;
#513 = EDGE_CURVE ( 'NONE', #2298, #3888, #972, .T. ) ;
#514 = CARTESIAN_POINT ( 'NONE',  ( 106.5869390331813804, -21.32111290580599672, 29.64966112232954032 ) ) ;
#515 = CIRCLE ( 'NONE', #1708, 5.500000000000007105 ) ;
#516 = CIRCLE ( 'NONE', #1112, 3.000000000000004885 ) ;
#517 = CARTESIAN_POINT ( 'NONE',  ( 124.9123266616314680, -39.40338964621657425, 54.53766057148313706 ) ) ;
#518 = DIRECTION ( 'NONE',  ( -3.290533628671975231E-18, -0.4277609429282532849, 0.9038919048786375754 ) ) ;
#519 = CARTESIAN_POINT ( 'NONE',  ( 130.4682135186736218, 47.02488081657303098, -12.17748084810452092 ) ) ;
#520 = AXIS2_PLACEMENT_3D ( 'NONE', #4422, #3019, #566 ) ;
#521 = AXIS2_PLACEMENT_3D ( 'NONE', #2491, #3916, #301 ) ;
#522 = CARTESIAN_POINT ( 'NONE',  ( 125.0400672494144061, -39.95649474031795023, 54.27590719664459584 ) ) ;
#523 = CARTESIAN_POINT ( 'NONE',  ( 106.8732104093771511, -22.88962301300307800, 18.78890951765846751 ) ) ;
#524 = CARTESIAN_POINT ( 'NONE',  ( 118.2361842633378615, -27.82262903398297382, 28.03309424592117693 ) ) ;
#525 = ORIENTED_EDGE ( 'NONE', *, *, #24, .F. ) ;
#526 = CARTESIAN_POINT ( 'NONE',  ( 131.3928290221502380, -2.828545741569128413, -35.00000000000000000 ) ) ;
#527 = CARTESIAN_POINT ( 'NONE',  ( 0.000000000000000000, -0.8411391468596743914, -3.467302228020898269 ) ) ;
#528 = VECTOR ( 'NONE', #4345, 1000.000000000000000 ) ;
#529 = CARTESIAN_POINT ( 'NONE',  ( 96.22224898891043665, -34.37361606982027951, -36.60532287250782701 ) ) ;
#530 = EDGE_CURVE ( 'NONE', #4161, #1785, #3542, .T. ) ;
#531 = CARTESIAN_POINT ( 'NONE',  ( 93.87321040937715111, -23.74514489885957147, -20.59669332741573911 ) ) ;
#532 = CARTESIAN_POINT ( 'NONE',  ( 121.9861625841816277, -27.84723695945110222, -28.34176424153277196 ) ) ;
#533 = ORGANIZATION ( 'æœª', 'æœª', '' ) ;
#534 = ORIENTED_EDGE ( 'NONE', *, *, #2185, .T. ) ;
#535 = CARTESIAN_POINT ( 'NONE',  ( 117.3189776973625129, -31.87966750198260968, -37.78556775050133609 ) ) ;
#536 = CARTESIAN_POINT ( 'NONE',  ( 82.09433480819679119, -24.91765421008822656, -24.44641955675825429 ) ) ;
#537 = CARTESIAN_POINT ( 'NONE',  ( 130.9298369111538136, -16.76270356060538447, 33.19462813226952136 ) ) ;
#538 = EDGE_CURVE ( 'NONE', #2663, #2420, #2085, .T. ) ;
#539 = CARTESIAN_POINT ( 'NONE',  ( 2.190032415392462628, 0.4108419478602260422, 6.158470319802441750 ) ) ;
#540 = CARTESIAN_POINT ( 'NONE',  ( 131.4052868953211544, -48.75064993515375988, -8.350416617966674337 ) ) ;
#541 = ORIENTED_EDGE ( 'NONE', *, *, #3013, .T. ) ;
#542 = CARTESIAN_POINT ( 'NONE',  ( 0.000000000000000000, 4.869741587150354434, -0.8290359988406459379 ) ) ;
#543 = CARTESIAN_POINT ( 'NONE',  ( 81.76107093132409886, -23.17827383164780031, 25.30866213657618502 ) ) ;
#544 = LINE ( 'NONE', #191, #3869 ) ;
#545 = CARTESIAN_POINT ( 'NONE',  ( 108.3817077872479899, -21.67889521275150599, 12.72391667399426751 ) ) ;
#546 = CARTESIAN_POINT ( 'NONE',  ( 130.9364270373473573, 47.04492530637431713, -12.20449895847544042 ) ) ;
#547 = CARTESIAN_POINT ( 'NONE',  ( 78.46543541032936275, -30.90156322634224040, 19.93891610292685002 ) ) ;
#548 = DIRECTION ( 'NONE',  ( 3.290533628671976001E-18, 0.4277609429282533404, -0.9038919048786374644 ) ) ;
#549 = CARTESIAN_POINT ( 'NONE',  ( 116.3693268983325027, -30.04425797721527402, 29.97445139948361259 ) ) ;
#550 = DIRECTION ( 'NONE',  ( -2.974286709687527903E-18, 0.000000000000000000, -1.000000000000000000 ) ) ;
#551 = CARTESIAN_POINT ( 'NONE',  ( 131.3968844844238220, -24.83609363738964859, -30.69107468608293487 ) ) ;
#552 = CARTESIAN_POINT ( 'NONE',  ( 125.1362128771300632, -39.77141519665280356, -54.36349488239287808 ) ) ;
#553 = CARTESIAN_POINT ( 'NONE',  ( 82.36489643108831160, -24.64773653600549608, 24.64606110155555285 ) ) ;
#554 = CARTESIAN_POINT ( 'NONE',  ( 121.9980335233390036, -27.18888254376130575, 28.66480780126744321 ) ) ;
#555 = CARTESIAN_POINT ( 'NONE',  ( 120.1181263332203883, -30.19529258368550373, -26.90388429795498126 ) ) ;
#556 = EDGE_LOOP ( 'NONE', ( #2548, #4279, #108, #2213 ) ) ;
#557 = CARTESIAN_POINT ( 'NONE',  ( 134.6897895703582151, -45.27156291369411178, -65.72580546122077294 ) ) ;
#558 = CARTESIAN_POINT ( 'NONE',  ( 82.93195234733096299, -25.68146093599628088, -25.59169435991622521 ) ) ;
#559 = CARTESIAN_POINT ( 'NONE',  ( 32.31490397883149512, -20.88773393358286512, 12.70911857775771026 ) ) ;
#560 = CARTESIAN_POINT ( 'NONE',  ( 43.68083218481485375, 1.675457188323056679, 24.71518654164717432 ) ) ;
#561 = CARTESIAN_POINT ( 'NONE',  ( 130.0000000000000853, -47.00483632677183721, 12.15046273773356944 ) ) ;
#562 = CARTESIAN_POINT ( 'NONE',  ( 83.98626957977458574, -27.24820401270892489, -25.28310183904927300 ) ) ;
#563 = CARTESIAN_POINT ( 'NONE',  ( 130.4684289651074778, 48.71365955192110420, -8.309095083763658351 ) ) ;
#564 = CARTESIAN_POINT ( 'NONE',  ( 87.63571392270318938, -21.29023274629840401, 27.19111954201565950 ) ) ;
#565 = CARTESIAN_POINT ( 'NONE',  ( 118.0916708396743076, -23.64537059685788734, 20.64391086446181589 ) ) ;
#566 = DIRECTION ( 'NONE',  ( 0.000000000000000000, -0.9038919048786374644, 0.4277609429282533404 ) ) ;
#567 = CARTESIAN_POINT ( 'NONE',  ( 66.46708934496473375, 41.25705741015097061, -5.105872475494325435 ) ) ;
#568 = CARTESIAN_POINT ( 'NONE',  ( 79.65474997908000887, -21.74965886018598127, 21.54104406769346980 ) ) ;
#569 = FACE_OUTER_BOUND ( 'NONE', #3792, .T. ) ;
#570 = CARTESIAN_POINT ( 'NONE',  ( 90.63953352122983631, -28.69542388760529761, 23.79436988082869675 ) ) ;
#571 = FACE_OUTER_BOUND ( 'NONE', #4417, .T. ) ;
#572 = CARTESIAN_POINT ( 'NONE',  ( 20.36349329260115582, -1.243192229612916533, -17.02055174897400036 ) ) ;
#573 = CARTESIAN_POINT ( 'NONE',  ( 74.21443977044619089, -30.52539553255772020, 19.19245659200283072 ) ) ;
#574 = ADVANCED_FACE ( 'NONE', ( #622, #664 ), #3956, .T. ) ;
#575 = CARTESIAN_POINT ( 'NONE',  ( 80.64966205791952802, -24.78472655946134751, 24.24871302951397212 ) ) ;
#576 = DIRECTION ( 'NONE',  ( 1.000000000000000000, 0.000000000000000000, 0.000000000000000000 ) ) ;
#577 = CARTESIAN_POINT ( 'NONE',  ( 85.19792200758578815, -29.20670937160479852, -22.45401296157232807 ) ) ;
#578 = ORIENTED_EDGE ( 'NONE', *, *, #451, .F. ) ;
#579 = FACE_OUTER_BOUND ( 'NONE', #1583, .T. ) ;
#580 = CARTESIAN_POINT ( 'NONE',  ( 82.71805365338809679, -26.18914645268739605, -25.04464366475211889 ) ) ;
#581 = CARTESIAN_POINT ( 'NONE',  ( 130.4644115227921191, -8.431112770401302470, 34.67302722804863180 ) ) ;
#582 = CARTESIAN_POINT ( 'NONE',  ( 2.006231500456003847, 0.5812256774474995336, 5.864981991046377630 ) ) ;
#583 = CARTESIAN_POINT ( 'NONE',  ( 0.000000000000000000, -4.403304394047800052, 1.692557972329556959 ) ) ;
#584 = ORIENTED_EDGE ( 'NONE', *, *, #877, .T. ) ;
#585 = CARTESIAN_POINT ( 'NONE',  ( 63.24502449729363462, 36.75259991991021025, -10.78248521259642345 ) ) ;
#586 = CARTESIAN_POINT ( 'NONE',  ( 81.27687918269541001, -23.62720464129922249, 24.98874544372254292 ) ) ;
#587 = CARTESIAN_POINT ( 'NONE',  ( 118.0486133214183013, -23.44769901528613687, 20.73745764994232843 ) ) ;
#588 = ADVANCED_FACE ( 'NONE', ( #2026 ), #3728, .T. ) ;
#589 = CARTESIAN_POINT ( 'NONE',  ( 118.3110384117056384, -27.42878408622646091, -28.21771350813269663 ) ) ;
#590 = CARTESIAN_POINT ( 'NONE',  ( 18.45344217075507842, 12.02769115333753014, -11.70572732842446406 ) ) ;
#591 = CARTESIAN_POINT ( 'NONE',  ( 118.0916708396743076, -23.84491920071809190, 20.54947579043743389 ) ) ;
#592 = CARTESIAN_POINT ( 'NONE',  ( 93.87321040937715111, -23.74514489885957147, -20.59669332741573911 ) ) ;
#593 = CARTESIAN_POINT ( 'NONE',  ( 104.7723098071290622, -31.90671858873045963, 23.91866301608046896 ) ) ;
#594 = CC_DESIGN_PERSON_AND_ORGANIZATION_ASSIGNMENT ( #1005, #1801, ( #1363 ) ) ;
#595 = CARTESIAN_POINT ( 'NONE',  ( 113.6732104093771625, -22.21170408430874943, 19.10973022487138806 ) ) ;
#596 = LINE ( 'NONE', #3098, #2690 ) ;
#597 = CIRCLE ( 'NONE', #2092, 5.500000000000004441 ) ;
#598 = CARTESIAN_POINT ( 'NONE',  ( 81.21767703617339862, -23.69527739039532932, 24.94219112909159719 ) ) ;
#599 = CARTESIAN_POINT ( 'NONE',  ( 113.6732104093771625, -20.32305735543355496, 13.36555808838664561 ) ) ;
#600 = CARTESIAN_POINT ( 'NONE',  ( 99.47588834050972650, -25.10098275617752961, -19.95505191302336101 ) ) ;
#601 = ORIENTED_EDGE ( 'NONE', *, *, #4585, .T. ) ;
#602 = CARTESIAN_POINT ( 'NONE',  ( 120.6854829490986702, -41.10587424988709415, -53.73197084746163199 ) ) ;
#603 = VECTOR ( 'NONE', #3777, 1000.000000000000000 ) ;
#604 = CARTESIAN_POINT ( 'NONE',  ( 83.83086631847834269, -25.47249393746665547, -26.41659442292641913 ) ) ;
#605 = CARTESIAN_POINT ( 'NONE',  ( 131.4017510391512928, -39.30513520016700113, 22.18715036475398605 ) ) ;
#606 = CARTESIAN_POINT ( 'NONE',  ( 26.58005605112672498, 24.49955931971394563, 6.089030538327960151 ) ) ;
#607 = CARTESIAN_POINT ( 'NONE',  ( 130.4684289651069093, -48.71365951725283594, 8.309094667702604298 ) ) ;
#608 = ORIENTED_EDGE ( 'NONE', *, *, #1396, .F. ) ;
#609 = CARTESIAN_POINT ( 'NONE',  ( 129.9999999999998295, 49.75819800989940944, 4.204627066612847131 ) ) ;
#610 = CARTESIAN_POINT ( 'NONE',  ( 117.6955728787248887, -27.69408411475855658, 31.59938911070281264 ) ) ;
#611 = CARTESIAN_POINT ( 'NONE',  ( 113.6732104093771625, -29.57207226154860180, 20.05179195106762435 ) ) ;
#612 = CARTESIAN_POINT ( 'NONE',  ( 116.7417157824577600, 43.39490341878762081, -16.00828768754455567 ) ) ;
#613 = CARTESIAN_POINT ( 'NONE',  ( 118.0916708396743076, -23.74514489878799139, 20.59669332744962489 ) ) ;
#614 = CARTESIAN_POINT ( 'NONE',  ( 137.0348611002443704, -45.13319204520066563, -65.79128857138150011 ) ) ;
#615 = CARTESIAN_POINT ( 'NONE',  ( 98.70222465976773663, -30.44822556689567250, 26.78413441134789608 ) ) ;
#616 = CARTESIAN_POINT ( 'NONE',  ( 118.6517418167815663, -28.56923790609418035, -31.68586199973024620 ) ) ;
#617 = CARTESIAN_POINT ( 'NONE',  ( 112.7681726696171722, -41.10587424988709415, -53.73197084746163199 ) ) ;
#618 = CARTESIAN_POINT ( 'NONE',  ( 117.8598165271587135, -23.15775621763626546, 20.87467118603945693 ) ) ;
#619 = CARTESIAN_POINT ( 'NONE',  ( -1.278143573239510503E-16, -25.10098275617752961, -19.95505191302336101 ) ) ;
#620 = CARTESIAN_POINT ( 'NONE',  ( 74.42321040937716248, -39.86414998258337761, -68.56703411983463070 ) ) ;
#621 = ORIENTED_EDGE ( 'NONE', *, *, #1276, .F. ) ;
#622 = FACE_BOUND ( 'NONE', #2839, .T. ) ;
#623 = VERTEX_POINT ( 'NONE', #3772 ) ;
#624 = CARTESIAN_POINT ( 'NONE',  ( 80.86570969912696683, -24.20893333637050304, -24.60381255998721528 ) ) ;
#625 = CARTESIAN_POINT ( 'NONE',  ( 129.9999999999998863, -49.75819800988173114, 4.204627064787312740 ) ) ;
#626 = CARTESIAN_POINT ( 'NONE',  ( 51.09853543125214514, 18.74155931576184386, 20.91811928265419596 ) ) ;
#627 = CARTESIAN_POINT ( 'NONE',  ( 3.554467107526687819, -6.338548881327762174, 4.466852918930498184 ) ) ;
#628 = CARTESIAN_POINT ( 'NONE',  ( 117.8466242322704005, -29.63704304212603091, -30.60377063581206869 ) ) ;
#629 = CARTESIAN_POINT ( 'NONE',  ( 129.9999999999999716, 44.03408421371376846, 16.92405482911920700 ) ) ;
#630 = DIRECTION ( 'NONE',  ( -3.290533628671976386E-18, -0.4277609429282533404, 0.9038919048786374644 ) ) ;
#631 = PRODUCT ( '\X2\80f89ccd53f3\X0\', '\X2\80f89ccd53f3\X0\', '', ( #1733 ) ) ;
#632 = CARTESIAN_POINT ( 'NONE',  ( 118.9908753824636420, -30.67491023580311804, -26.50381582600709152 ) ) ;
#633 = CARTESIAN_POINT ( 'NONE',  ( 129.9999999999996021, -8.410036169912887161, -34.67073453028287133 ) ) ;
#634 =( LENGTH_UNIT ( ) NAMED_UNIT ( * ) SI_UNIT ( .MILLI., .METRE. ) );
#635 = ORIENTED_EDGE ( 'NONE', *, *, #15, .T. ) ;
#636 = CARTESIAN_POINT ( 'NONE',  ( 106.7471554775259364, -25.13506806355558609, -31.06988957377973293 ) ) ;
#637 = CARTESIAN_POINT ( 'NONE',  ( 101.3732104093771511, -24.60066678471608981, 22.40447713717301781 ) ) ;
#638 = CARTESIAN_POINT ( 'NONE',  ( 116.9370847967340978, -31.27967326010202953, 38.06951110841072961 ) ) ;
#639 = CARTESIAN_POINT ( 'NONE',  ( 121.9644376653357796, -26.96740525683823719, 28.76747327764777040 ) ) ;
#640 = CARTESIAN_POINT ( 'NONE',  ( 124.1232104093770801, -29.36465259690056584, 27.81582934112952898 ) ) ;
#641 = EDGE_LOOP ( 'NONE', ( #1467, #541, #803, #4571, #1991 ) ) ;
#642 = DIRECTION ( 'NONE',  ( -3.290533628671976001E-18, -0.4277609429282533404, 0.9038919048786374644 ) ) ;
#643 = ORIENTED_EDGE ( 'NONE', *, *, #1823, .F. ) ;
#644 = CARTESIAN_POINT ( 'NONE',  ( 92.22147544674801622, -24.58362735276344324, -29.15513478692869498 ) ) ;
#645 = CARTESIAN_POINT ( 'NONE',  ( 131.4057051148678568, -49.81040761591249577, 4.240009439592975049 ) ) ;
#646 = CARTESIAN_POINT ( 'NONE',  ( 130.9298369111534441, 16.76270356060551237, 33.19462813226960662 ) ) ;
#647 = EDGE_CURVE ( 'NONE', #2440, #8, #214, .T. ) ;
#648 = CARTESIAN_POINT ( 'NONE',  ( 4.673729940918094350, -9.800771282946831420, 1.873031465969044351 ) ) ;
#649 = CARTESIAN_POINT ( 'NONE',  ( 118.7423358732401795, -29.11569188955092358, -31.50266644820608875 ) ) ;
#650 = CARTESIAN_POINT ( 'NONE',  ( 0.000000000000000000, 4.975386526993265335, 0.4203602061403945989 ) ) ;
#651 = DIRECTION ( 'NONE',  ( -2.974286709687527133E-18, 0.000000000000000000, -1.000000000000000000 ) ) ;
#652 = CARTESIAN_POINT ( 'NONE',  ( 121.9072577139405524, -28.20206902846396346, -28.15595909761028537 ) ) ;
#653 = CARTESIAN_POINT ( 'NONE',  ( 0.000000000000000000, 0.2803317184490399239, -3.500000000000000000 ) ) ;
#654 = EDGE_CURVE ( 'NONE', #1689, #460, #2725, .T. ) ;
#655 = COORDINATED_UNIVERSAL_TIME_OFFSET ( 8, 0, .AHEAD. ) ;
#656 = AXIS2_PLACEMENT_3D ( 'NONE', #4129, #1295, #4172 ) ;
#657 = CARTESIAN_POINT ( 'NONE',  ( 87.98846057178054991, -24.86258521962698609, -28.18202886559046760 ) ) ;
#658 = CARTESIAN_POINT ( 'NONE',  ( 117.5517712539160442, -22.87531150253656875, -21.00833630352092030 ) ) ;
#659 = VECTOR ( 'NONE', #1566, 1000.000000000000000 ) ;
#660 = CARTESIAN_POINT ( 'NONE',  ( 110.3647584322150550, -21.76926678796271730, 29.87531312574270359 ) ) ;
#661 = CARTESIAN_POINT ( 'NONE',  ( -8.810216209892869141E-17, -11.45305539656967397, 24.20119047853855321 ) ) ;
#662 = CARTESIAN_POINT ( 'NONE',  ( 99.16471303150633787, -25.22931103905600736, -20.22621948448694695 ) ) ;
#663 = ORIENTED_EDGE ( 'NONE', *, *, #2107, .T. ) ;
#664 = FACE_OUTER_BOUND ( 'NONE', #2233, .T. ) ;
#665 = ORIENTED_EDGE ( 'NONE', *, *, #1682, .T. ) ;
#666 = CARTESIAN_POINT ( 'NONE',  ( 84.73210534109018965, -21.84783401551052862, -26.47223040565851093 ) ) ;
#667 = CARTESIAN_POINT ( 'NONE',  ( 0.000000000000000000, -4.700487605599025898, 1.214892451258636763 ) ) ;
#668 = AXIS2_PLACEMENT_3D ( 'NONE', #680, #2114, #2768 ) ;
#669 = CARTESIAN_POINT ( 'NONE',  ( 2.321339412015000825, -1.946978140744372254, 5.840407970451197528 ) ) ;
#670 = CARTESIAN_POINT ( 'NONE',  ( 113.6732104093771625, -21.67889521275150599, -12.72391667399426574 ) ) ;
#671 = CARTESIAN_POINT ( 'NONE',  ( 89.81483668772432338, 41.57528358624058740, 13.86928259789799256 ) ) ;
#672 = CONICAL_SURFACE ( 'NONE', #2318, 5.800000000000003375, 0.7853981633974489451 ) ;
#673 = CARTESIAN_POINT ( 'NONE',  ( 92.62329748046907696, -24.55969801750212866, 29.24363702567988810 ) ) ;
#674 = ADVANCED_FACE ( 'NONE', ( #571 ), #3426, .T. ) ;
#675 = AXIS2_PLACEMENT_3D ( 'NONE', #592, #1269, #3072 ) ;
#676 = CARTESIAN_POINT ( 'NONE',  ( 118.6568989062628674, -29.22496269746340758, -31.33589633962422738 ) ) ;
#677 = CARTESIAN_POINT ( 'NONE',  ( 21.11045646049037927, -4.138923101424619055, -16.82782662198169987 ) ) ;
#678 = ORIENTED_EDGE ( 'NONE', *, *, #1471, .T. ) ;
#679 = CARTESIAN_POINT ( 'NONE',  ( 84.17385366739567587, -25.40882736556374510, -26.64184089814569489 ) ) ;
#680 = CARTESIAN_POINT ( 'NONE',  ( 93.87321040937715111, -23.74514489885957147, 20.59669332741573911 ) ) ;
#681 = CARTESIAN_POINT ( 'NONE',  ( 86.97536007243989786, -24.97820824548898599, 27.87258823045763378 ) ) ;
#682 = CARTESIAN_POINT ( 'NONE',  ( 117.4757416143728648, -31.09100382672207985, 26.08433322916181396 ) ) ;
#683 = DIRECTION ( 'NONE',  ( 0.000000000000000000, 0.9038919048786395738, -0.4277609429282486775 ) ) ;
#684 = ORIENTED_EDGE ( 'NONE', *, *, #1336, .T. ) ;
#685 = CARTESIAN_POINT ( 'NONE',  ( 93.87321040937715111, -23.87347318173804922, -20.86786089887932860 ) ) ;
#686 = ORIENTED_EDGE ( 'NONE', *, *, #4330, .F. ) ;
#687 = CARTESIAN_POINT ( 'NONE',  ( 97.90876222810662455, -20.81614906646314367, -28.83079903421988632 ) ) ;
#688 = CARTESIAN_POINT ( 'NONE',  ( 130.9372043342831944, -50.03417758307752905, 1.410068978961241726 ) ) ;
#689 = CARTESIAN_POINT ( 'NONE',  ( 2.275309583650859224, -1.332654313096459209, 6.078275149453403969 ) ) ;
#690 = CARTESIAN_POINT ( 'NONE',  ( 137.8091592012827959, -44.89167574438435082, -65.90558458400438724 ) ) ;
#691 = CARTESIAN_POINT ( 'NONE',  ( 4.066130117077062955, 7.948462868566159578, 3.558496703514459014 ) ) ;
#692 = CARTESIAN_POINT ( 'NONE',  ( 99.16471303150633787, -23.24482892739813167, -23.04611855156539946 ) ) ;
#693 = CARTESIAN_POINT ( 'NONE',  ( 130.9345006927674717, -39.27883302803391530, -22.15370220203876528 ) ) ;
#694 = CARTESIAN_POINT ( 'NONE',  ( 89.41109070607105025, -30.31040634319658977, 22.50500091884166665 ) ) ;
#695 = CARTESIAN_POINT ( 'NONE',  ( 115.1799038123509717, -30.26048330821066301, -29.61731100269567563 ) ) ;
#696 = CARTESIAN_POINT ( 'NONE',  ( 130.0000000000000000, -2.803317189729630066, -35.00000000000000000 ) ) ;
#697 = CARTESIAN_POINT ( 'NONE',  ( 123.3232104093771540, -17.64387454085718332, -23.48407969221533875 ) ) ;
#698 = ORIENTED_EDGE ( 'NONE', *, *, #3764, .T. ) ;
#699 = B_SPLINE_CURVE_WITH_KNOTS ( 'NONE', 3,
 ( #2567, #1166, #467, #3319, #66, #118 ),
 .UNSPECIFIED., .F., .F.,
 ( 4, 2, 4 ),
 ( 0.03937881002876791187, 0.03958120686449045217, 0.03978360370021299247 ),
 .UNSPECIFIED. ) ;
#700 = CARTESIAN_POINT ( 'NONE',  ( 114.9225192391468084, -26.60565755958144507, -31.54211994854425072 ) ) ;
#701 = DIRECTION ( 'NONE',  ( 0.000000000000000000, 0.9038919048786373533, 0.4277609429282533404 ) ) ;
#702 = ADVANCED_FACE ( 'NONE', ( #4079 ), #2002, .T. ) ;
#703 = CARTESIAN_POINT ( 'NONE',  ( 93.12887926059718779, -24.55649912925250078, 29.32447261856205856 ) ) ;
#704 = CARTESIAN_POINT ( 'NONE',  ( 121.1985743593150602, -29.38656872968291367, 27.46490747441850999 ) ) ;
#705 = CARTESIAN_POINT ( 'NONE',  ( 123.5352077310943457, -21.31164440812851879, -31.23436065356154145 ) ) ;
#706 = EDGE_LOOP ( 'NONE', ( #2966, #2056, #318, #1084 ) ) ;
#707 = CARTESIAN_POINT ( 'NONE',  ( 113.6732104093771625, -23.74514489885957857, -20.59669332741573555 ) ) ;
#708 = ORIENTED_EDGE ( 'NONE', *, *, #4325, .T. ) ;
#709 = CARTESIAN_POINT ( 'NONE',  ( 111.8676763186074368, -24.63481593189537477, -28.88302808138935873 ) ) ;
#710 = CARTESIAN_POINT ( 'NONE',  ( 0.000000000000000000, -4.869741587137654371, -0.8290359989806673768 ) ) ;
#711 = EDGE_CURVE ( 'NONE', #3734, #2785, #4321, .T. ) ;
#712 = CARTESIAN_POINT ( 'NONE',  ( 131.3932345683777214, -8.473263460978692763, 34.67761258304355465 ) ) ;
#713 = CARTESIAN_POINT ( 'NONE',  ( 113.6732104093771625, -28.84487865857057542, -18.51517571277395646 ) ) ;
#714 = DIRECTION ( 'NONE',  ( 3.290533628671975616E-18, 0.4277609429282533404, 0.9038919048786373533 ) ) ;
#715 = CARTESIAN_POINT ( 'NONE',  ( 116.8427573120004297, 2.564997733305851124, 35.00000000000000000 ) ) ;
#716 = DIRECTION ( 'NONE',  ( -3.290533628671976386E-18, -0.4277609429282533404, 0.9038919048786374644 ) ) ;
#717 = CARTESIAN_POINT ( 'NONE',  ( 129.9999999999997726, -39.22622868376774363, -22.08680587660832018 ) ) ;
#718 = CARTESIAN_POINT ( 'NONE',  ( 82.29585500935085918, -26.20762177868314069, 23.75901693477871035 ) ) ;
#719 = ADVANCED_FACE ( 'NONE', ( #1668 ), #4517, .F. ) ;
#720 = CARTESIAN_POINT ( 'NONE',  ( 121.9925980763860593, -27.79381335296329070, -28.36885885751307512 ) ) ;
#721 = CARTESIAN_POINT ( 'NONE',  ( 131.3928290221502380, 2.828545741569119532, -35.00000000000000000 ) ) ;
#722 = VERTEX_POINT ( 'NONE', #1597 ) ;
#723 = CARTESIAN_POINT ( 'NONE',  ( 106.9648830090599319, -20.70325624416598487, 29.94878948227778181 ) ) ;
#724 = B_SPLINE_CURVE_WITH_KNOTS ( 'NONE', 3,
 ( #2756, #187, #1608, #3036, #2338, #4141, #3761, #562, #3414, #210, #1633, #3063, #4485, #935, #2012, #3504, #1376, #280, #2845, #3528, #1354, #4618, #2427, #1747, #367, #1794, #3831, #1769, #4575, #2445, #3128, #1418, #3189, #1440, #4271, #628, #343, #2779, #13, #3151, #1064, #2082, #649, #4207, #3217, #3871 ),
 .UNSPECIFIED., .F., .F.,
 ( 4, 2, 2, 2, 2, 2, 2, 2, 2, 2, 2, 2, 2, 2, 2, 2, 2, 2, 2, 2, 2, 2, 4 ),
 ( 0.03978360370021299247, 0.04008563999461882410, 0.04038767628902465573, 0.04099174887783627041, 0.04219989405545954142, 0.04340803923308281242, 0.04461618441070608343, 0.04703247476595261850, 0.04944876512119915357, 0.05428134583169223065, 0.05911392654218530773, 0.06394650725267837788, 0.06877908796317146189, 0.07119537831841799003, 0.07361166867366453204, 0.07481981385128780304, 0.07602795902891107405, 0.07663203161772270955, 0.07723610420653434505, 0.07784017679534598055, 0.07814221308975177749, 0.07829323123695468289, 0.07844424938415758830 ),
 .UNSPECIFIED. ) ;
#725 = EDGE_CURVE ( 'NONE', #3846, #3145, #2824, .T. ) ;
#726 = DIRECTION ( 'NONE',  ( 3.290533628671975231E-18, 0.4277609429282532849, -0.9038919048786373533 ) ) ;
#727 = CARTESIAN_POINT ( 'NONE',  ( 65.28489289006350305, 39.61616276511861656, 7.603028941835417776 ) ) ;
#728 = CARTESIAN_POINT ( 'NONE',  ( 87.81000414232634910, -24.88438001067445171, 28.12617469980644103 ) ) ;
#729 = CARTESIAN_POINT ( 'NONE',  ( 106.5997341327653913, -31.93835435709655712, 24.15856248553437879 ) ) ;
#730 = CARTESIAN_POINT ( 'NONE',  ( 118.1946293842656956, -27.38449799643870719, 28.20246207763824486 ) ) ;
#731 = EDGE_LOOP ( 'NONE', ( #678, #2750, #2888, #3226, #2639 ) ) ;
#732 = CARTESIAN_POINT ( 'NONE',  ( 20.36349329260115582, 1.243180350113174848, -17.02055174897400036 ) ) ;
#733 = VERTEX_POINT ( 'NONE', #1245 ) ;
#734 = CARTESIAN_POINT ( 'NONE',  ( 107.0033732834678233, -25.17228138455110553, -31.08685338980718527 ) ) ;
#735 = CARTESIAN_POINT ( 'NONE',  ( 4.439217728207494496, -9.090342138374563064, -2.661351587949265074 ) ) ;
#736 = VECTOR ( 'NONE', #3557, 1000.000000000000000 ) ;
#737 = FACE_OUTER_BOUND ( 'NONE', #2909, .T. ) ;
#738 = DIRECTION ( 'NONE',  ( 3.290533628671978697E-18, 0.4277609429282533404, -0.9038919048786374644 ) ) ;
#739 = CARTESIAN_POINT ( 'NONE',  ( 138.2347227267304675, -45.35944277016474757, -65.68421689286941501 ) ) ;
#740 = AXIS2_PLACEMENT_3D ( 'NONE', #4478, #2980, #1277 ) ;
#741 = CARTESIAN_POINT ( 'NONE',  ( 130.9345006927678696, 39.27883248759310675, 22.15370160742970995 ) ) ;
#742 = CARTESIAN_POINT ( 'NONE',  ( 86.11904121718062299, -25.09046493839794323, 27.57601525674864362 ) ) ;
#743 = CIRCLE ( 'NONE', #2983, 5.800000000000003375 ) ;
#744 = CARTESIAN_POINT ( 'NONE',  ( 116.7417157824578311, -43.39489910961173535, -16.00827758488074082 ) ) ;
#745 = DIRECTION ( 'NONE',  ( -3.290533628671975231E-18, -0.4277609429282532849, -0.9038919048786375754 ) ) ;
#746 = AXIS2_PLACEMENT_3D ( 'NONE', #836, #3060, #4390 ) ;
#747 = CARTESIAN_POINT ( 'NONE',  ( 104.3249739780376615, -30.76407160606249747, -27.54094300668257844 ) ) ;
#748 = CARTESIAN_POINT ( 'NONE',  ( 15.84796291139927504, -7.399040918917494380, -12.87550021994282368 ) ) ;
#749 = AXIS2_PLACEMENT_3D ( 'NONE', #2045, #548, #4538 ) ;
#750 = ORIENTED_EDGE ( 'NONE', *, *, #817, .T. ) ;
#751 = CARTESIAN_POINT ( 'NONE',  ( 123.3232104093771824, -21.30515158963326527, 31.22064082669394125 ) ) ;
#752 = CARTESIAN_POINT ( 'NONE',  ( 113.4095713323094969, -30.49074292614362847, 29.17406319998254816 ) ) ;
#753 = CARTESIAN_POINT ( 'NONE',  ( 27.83312497149491804, 15.06310365413984442, 14.61505089214321096 ) ) ;
#754 = CARTESIAN_POINT ( 'NONE',  ( 93.15301369458494207, -20.86397107236671644, 28.17976471437199137 ) ) ;
#755 = CARTESIAN_POINT ( 'NONE',  ( 83.84144008799638925, -28.68651013526627835, 22.53110892631885420 ) ) ;
#756 = LINE ( 'NONE', #1808, #1942 ) ;
#757 = ORIENTED_EDGE ( 'NONE', *, *, #4169, .T. ) ;
#758 = CARTESIAN_POINT ( 'NONE',  ( 131.3968844844233104, 24.83609542086516342, -30.69107509153867142 ) ) ;
#759 = VERTEX_POINT ( 'NONE', #2672 ) ;
#760 = CARTESIAN_POINT ( 'NONE',  ( 74.42321040937716248, -17.64387454085717621, -23.48407969221534231 ) ) ;
#761 = CARTESIAN_POINT ( 'NONE',  ( 92.33764674608961798, -46.44170953549816971, -6.548534034061299636 ) ) ;
#762 = CARTESIAN_POINT ( 'NONE',  ( 43.68083218481485375, 0.000000000000000000, 24.71518654164717432 ) ) ;
#763 = CARTESIAN_POINT ( 'NONE',  ( 82.65183847757938906, -25.90706901628210446, 25.16500593539285191 ) ) ;
#764 = LINE ( 'NONE', #1916, #3350 ) ;
#765 = CARTESIAN_POINT ( 'NONE',  ( 2.595098964619792614, 2.922531635494962199, 5.738002218732238369 ) ) ;
#766 = DIRECTION ( 'NONE',  ( 0.000000000000000000, -0.4277609429282532849, 0.9038919048786374644 ) ) ;
#767 = CARTESIAN_POINT ( 'NONE',  ( 59.99977932697699856, -32.14827566823985450, -14.38711204658769205 ) ) ;
#768 = ORIENTED_EDGE ( 'NONE', *, *, #711, .T. ) ;
#769 = LINE ( 'NONE', #2595, #4469 ) ;
#770 = CARTESIAN_POINT ( 'NONE',  ( 85.17223741513498680, -29.19801827436205954, -22.45480327396303366 ) ) ;
#771 = APPROVAL_DATE_TIME ( #4000, #2738 ) ;
#772 = ORIENTED_EDGE ( 'NONE', *, *, #2317, .T. ) ;
#773 = CARTESIAN_POINT ( 'NONE',  ( 118.0486133214183013, -24.04259078228984592, 20.45592900495692490 ) ) ;
#774 = CARTESIAN_POINT ( 'NONE',  ( 83.98626957977457153, -27.24820401270891423, 25.28310183904926944 ) ) ;
#775 = CARTESIAN_POINT ( 'NONE',  ( 130.0000000000000000, 49.99999999999999289, -1.401658592245201396 ) ) ;
#776 = CARTESIAN_POINT ( 'NONE',  ( 120.4691269437632712, -24.74176662649695402, 29.63524423662097007 ) ) ;
#777 = LINE ( 'NONE', #2257, #1122 ) ;
#778 = DIRECTION ( 'NONE',  ( -3.290533628671976001E-18, -0.4277609429282533404, -0.9038919048786373533 ) ) ;
#779 = ORIENTED_EDGE ( 'NONE', *, *, #4300, .T. ) ;
#780 = CARTESIAN_POINT ( 'NONE',  ( 75.07727001583452875, 6.729383157263977289, -31.63615914549119879 ) ) ;
#781 = ORIENTED_EDGE ( 'NONE', *, *, #2787, .T. ) ;
#782 = CARTESIAN_POINT ( 'NONE',  ( 118.3383661735352490, -27.08282179404430678, -28.42716290035977877 ) ) ;
#783 = CARTESIAN_POINT ( 'NONE',  ( 129.9999999999998863, -48.69516436027241468, -8.288434315813619335 ) ) ;
#784 = CARTESIAN_POINT ( 'NONE',  ( 106.8732104093771511, -22.88962301300307800, -18.78890951765846751 ) ) ;
#785 = DIRECTION ( 'NONE',  ( -2.938799801202441779E-17, -0.9038919048786374644, -0.4277609429282533404 ) ) ;
#786 = CARTESIAN_POINT ( 'NONE',  ( 139.3746786733645706, -45.15381751911216668, -65.78152770050624554 ) ) ;
#787 = CARTESIAN_POINT ( 'NONE',  ( 131.3968844844240209, 24.83609363738954201, 30.69107468608298106 ) ) ;
#788 = ADVANCED_FACE ( 'NONE', ( #875 ), #3750, .T. ) ;
#789 = CARTESIAN_POINT ( 'NONE',  ( 113.6732104093771625, -24.24546087034035580, 18.14726810325694473 ) ) ;
#790 = CARTESIAN_POINT ( 'NONE',  ( 87.27387691670872982, -36.58739742722170263, -18.54018535723947991 ) ) ;
#791 = EDGE_CURVE ( 'NONE', #944, #2829, #1402, .T. ) ;
#792 = ORIENTED_EDGE ( 'NONE', *, *, #2875, .T. ) ;
#793 = CARTESIAN_POINT ( 'NONE',  ( 113.6732104093771625, -22.21170408430874943, -19.10973022487138806 ) ) ;
#794 = CARTESIAN_POINT ( 'NONE',  ( 111.7101125289663344, -30.63578269844197877, -28.80907981335153423 ) ) ;
#795 = EDGE_LOOP ( 'NONE', ( #3475, #3330, #56, #4008 ) ) ;
#796 = FACE_OUTER_BOUND ( 'NONE', #2205, .T. ) ;
#797 = ADVANCED_FACE ( 'NONE', ( #4470 ), #1007, .F. ) ;
#798 = CARTESIAN_POINT ( 'NONE',  ( 117.3376195001398941, -29.80123696062214833, 30.34792214227388740 ) ) ;
#799 = CARTESIAN_POINT ( 'NONE',  ( 29.24757053094319659, 28.38556786667376741, 1.446162868157913506 ) ) ;
#800 = CARTESIAN_POINT ( 'NONE',  ( 93.57275532429069642, -33.25708689423183984, -40.69616129313280339 ) ) ;
#801 = CARTESIAN_POINT ( 'NONE',  ( 121.4419683005583295, -25.72113919028905116, -29.29544994634931498 ) ) ;
#802 = CARTESIAN_POINT ( 'NONE',  ( 121.6565371457189713, -26.12780639248392589, 29.12955228016833331 ) ) ;
#803 = ORIENTED_EDGE ( 'NONE', *, *, #2035, .T. ) ;
#804 = CARTESIAN_POINT ( 'NONE',  ( 55.54915737911482410, 25.65604728712985505, -18.01645253878996300 ) ) ;
#805 = ORIENTED_EDGE ( 'NONE', *, *, #3347, .F. ) ;
#806 = CARTESIAN_POINT ( 'NONE',  ( 102.8711580121668590, -32.47821282048445823, 23.27049844707359227 ) ) ;
#807 = CARTESIAN_POINT ( 'NONE',  ( 80.30438725906670072, -21.91171522969780483, -27.05897146546170617 ) ) ;
#808 = FACE_OUTER_BOUND ( 'NONE', #2911, .T. ) ;
#809 = PLANE ( 'NONE',  #3803 ) ;
#810 = CARTESIAN_POINT ( 'NONE',  ( 139.3799326301305541, -45.13319204520066563, -65.79128857138150011 ) ) ;
#811 = CARTESIAN_POINT ( 'NONE',  ( 131.3928290221502380, 2.828545741569119532, 35.00000000000000000 ) ) ;
#812 = AXIS2_PLACEMENT_3D ( 'NONE', #1979, #3401, #222 ) ;
#813 = CARTESIAN_POINT ( 'NONE',  ( 82.83358337306890462, -25.72109232209215079, 25.47187050183129031 ) ) ;
#814 = CARTESIAN_POINT ( 'NONE',  ( 12.01090769245366552, -16.76639545643025642, 0.8608082283819089575 ) ) ;
#815 = ORIENTED_EDGE ( 'NONE', *, *, #654, .T. ) ;
#816 = CARTESIAN_POINT ( 'NONE',  ( 113.6732104093771625, -29.57207226154860180, -20.05179195106762435 ) ) ;
#817 = EDGE_CURVE ( 'NONE', #1258, #3934, #2856, .T. ) ;
#818 = VECTOR ( 'NONE', #893, 999.9999999999998863 ) ;
#819 = CARTESIAN_POINT ( 'NONE',  ( 112.4644999872605524, -31.75398973667966374, -25.06277662896055602 ) ) ;
#820 = CIRCLE ( 'NONE', #1267, 5.800000000000003375 ) ;
#821 = CARTESIAN_POINT ( 'NONE',  ( 118.0916708396743076, -23.84491920071809190, 20.54947579043743389 ) ) ;
#822 = CARTESIAN_POINT ( 'NONE',  ( 93.87321040937715111, -23.74514489885957147, -20.59669332741573911 ) ) ;
#823 = AXIS2_PLACEMENT_3D ( 'NONE', #661, #2482, #1385 ) ;
#824 = CARTESIAN_POINT ( 'NONE',  ( 44.07957387308893971, 35.05963110341688349, 1.876270268770645178 ) ) ;
#825 = DIRECTION ( 'NONE',  ( -2.974286709687527903E-18, 0.000000000000000000, 1.000000000000000000 ) ) ;
#826 = CARTESIAN_POINT ( 'NONE',  ( 80.86023219869436218, -26.30785176952572968, -23.41780056069055149 ) ) ;
#827 = CARTESIAN_POINT ( 'NONE',  ( 118.0527710236806200, -29.55736002404374574, 30.73410607326986010 ) ) ;
#828 = EDGE_LOOP ( 'NONE', ( #956, #2332, #3344, #426, #2765 ) ) ;
#829 = CARTESIAN_POINT ( 'NONE',  ( 47.20424122687266788, 11.86144881716648847, -23.06043238651396621 ) ) ;
#830 = CARTESIAN_POINT ( 'NONE',  ( 121.6565371457189713, -26.12780639248392589, -29.12955228016833331 ) ) ;
#831 = CARTESIAN_POINT ( 'NONE',  ( 21.43113275287576514, -16.77696280965270503, -10.11035695390804534 ) ) ;
#832 = DIRECTION ( 'NONE',  ( 0.000000000000000000, 0.9038919048786369093, -0.4277609429282543396 ) ) ;
#833 = FACE_OUTER_BOUND ( 'NONE', #2582, .T. ) ;
#834 = LINE ( 'NONE', #136, #4540 ) ;
#835 = CARTESIAN_POINT ( 'NONE',  ( 116.8245602592870256, -15.84106595073213342, 32.88790415846283821 ) ) ;
#836 = CARTESIAN_POINT ( 'NONE',  ( 106.8732104093771511, -22.88962301300307800, 18.78890951765846751 ) ) ;
#837 = CARTESIAN_POINT ( 'NONE',  ( 130.4685683716225526, -49.77560121189198838, -4.216421189722533214 ) ) ;
#838 = ORIENTED_EDGE ( 'NONE', *, *, #113, .F. ) ;
#839 = FACE_OUTER_BOUND ( 'NONE', #3823, .T. ) ;
#840 = CARTESIAN_POINT ( 'NONE',  ( 67.41748257341450312, 42.54371922178950172, -0.8377285941615274512 ) ) ;
#841 = CARTESIAN_POINT ( 'NONE',  ( 103.7247260337629342, -21.06891170798023438, 29.43048871600674943 ) ) ;
#842 = CARTESIAN_POINT ( 'NONE',  ( 125.1362128771300632, -39.69567427079982735, 54.39933878107839149 ) ) ;
#843 = B_SPLINE_CURVE_WITH_KNOTS ( 'NONE', 3,
 ( #2881, #429, #3978, #2928, #1450, #1475, #1504, #774, #3251, #2207, #1854, #493, #3305, #2254, #2274, #103, #3699, #4304, #1902, #1098, #3675, #2528, #3278, #1524, #3325, #4356, #2951, #752, #2970, #4026, #2183, #4399, #3605, #798, #407, #2575, #51, #4377, #4003, #3653, #1172, #2598, #918, #2693, #2342, #2042 ),
 .UNSPECIFIED., .F., .F.,
 ( 4, 2, 2, 2, 2, 2, 2, 2, 2, 2, 2, 2, 2, 2, 2, 2, 2, 2, 2, 2, 2, 2, 4 ),
 ( 0.03978360370021299247, 0.04008563999461882410, 0.04038767628902464879, 0.04099174887783627041, 0.04219989405545953448, 0.04340803923308279855, 0.04461618441070606261, 0.04703247476595258381, 0.04944876512119911194, 0.05428134583169220290, 0.05911392654218530079, 0.06394650725267839175, 0.06877908796317148965, 0.07119537831841804554, 0.07361166867366458755, 0.07481981385128784467, 0.07602795902891110180, 0.07663203161772272343, 0.07723610420653434505, 0.07784017679534599443, 0.07814221308975180524, 0.07829323123695469677, 0.07844424938415760218 ),
 .UNSPECIFIED. ) ;
#844 = LINE ( 'NONE', #1196, #2167 ) ;
#845 = EDGE_CURVE ( 'NONE', #1873, #1915, #4249, .T. ) ;
#846 = CARTESIAN_POINT ( 'NONE',  ( 129.9999999999998295, 49.75819800989940944, -4.204627066612847131 ) ) ;
#847 = CARTESIAN_POINT ( 'NONE',  ( 116.0551531170516455, -22.87836389224347045, 29.99778171813158778 ) ) ;
#848 = CARTESIAN_POINT ( 'NONE',  ( 93.28568190106942382, -20.85960315071664795, -28.19986363980513033 ) ) ;
#849 = CARTESIAN_POINT ( 'NONE',  ( 119.4251843823198271, -30.51756222477103009, 26.64383853037239192 ) ) ;
#850 = ORIENTED_EDGE ( 'NONE', *, *, #3882, .F. ) ;
#851 = CARTESIAN_POINT ( 'NONE',  ( 117.9030393547875661, -23.44414560262091030, -29.94214779865511744 ) ) ;
#852 = CARTESIAN_POINT ( 'NONE',  ( 130.4649184555764521, -16.73232508884979808, -33.18451826022420903 ) ) ;
#853 = EDGE_CURVE ( 'NONE', #1887, #4010, #1756, .T. ) ;
#854 = CARTESIAN_POINT ( 'NONE',  ( 93.87321040937715111, -19.62926130788357426, -24.75716232327841837 ) ) ;
#855 = CARTESIAN_POINT ( 'NONE',  ( 82.15522569393202446, -27.76299272407612762, -22.78860959220708082 ) ) ;
#856 = ORIENTED_EDGE ( 'NONE', *, *, #2787, .F. ) ;
#857 = CARTESIAN_POINT ( 'NONE',  ( 139.3799326301305541, -45.12627350177599084, -65.79456272688955210 ) ) ;
#858 = CARTESIAN_POINT ( 'NONE',  ( 3.042804097976333999, -4.625379696819383213, 5.196849944583786574 ) ) ;
#859 = ADVANCED_FACE ( 'NONE', ( #2501 ), #4094, .F. ) ;
#860 = CARTESIAN_POINT ( 'NONE',  ( 131.3928290221502380, 2.828548342018884387, 35.00000000000000000 ) ) ;
#861 = CARTESIAN_POINT ( 'NONE',  ( 130.9371367432451905, -49.79300441390223853, -4.228215314657754575 ) ) ;
#862 = B_SPLINE_CURVE_WITH_KNOTS ( 'NONE', 3,
 ( #3141, #4567, #4216, #1010, #2436, #335, #4262, #1055 ),
 .UNSPECIFIED., .F., .F.,
 ( 4, 2, 2, 4 ),
 ( 4.277421474636178288E-17, 0.0003155743928602087718, 0.0006311487857203748261, 0.001262297571440711271 ),
 .UNSPECIFIED. ) ;
#863 = EDGE_LOOP ( 'NONE', ( #4033, #3948, #2191, #2721 ) ) ;
#864 = FACE_OUTER_BOUND ( 'NONE', #3515, .T. ) ;
#865 = CARTESIAN_POINT ( 'NONE',  ( 4.918901799660962304, 10.52716937784333950, 0.2054229368781333998 ) ) ;
#866 = CARTESIAN_POINT ( 'NONE',  ( 82.29585500936251208, -26.20762177867545617, -23.75901693477912957 ) ) ;
#867 = CARTESIAN_POINT ( 'NONE',  ( 117.2885213662698476, -31.67449508834421934, 37.88266425578822805 ) ) ;
#868 = EDGE_CURVE ( 'NONE', #1320, #1188, #3024, .T. ) ;
#869 = CARTESIAN_POINT ( 'NONE',  ( 108.3817077872479899, -21.67889521275150599, -12.72391667399426751 ) ) ;
#870 = CARTESIAN_POINT ( 'NONE',  ( 12.08968467034339866, 16.86769957714969692, -0.2906156157425008324 ) ) ;
#871 = CARTESIAN_POINT ( 'NONE',  ( 123.3232104093771540, -29.84641525671879236, -17.70930696268391102 ) ) ;
#872 = CARTESIAN_POINT ( 'NONE',  ( 81.13771013047406200, -23.79147025760664746, -24.87691643265940655 ) ) ;
#873 = CARTESIAN_POINT ( 'NONE',  ( 114.6809309431186392, -29.13237793530876019, 26.95028979081235931 ) ) ;
#874 = ORIENTED_EDGE ( 'NONE', *, *, #647, .T. ) ;
#875 = FACE_OUTER_BOUND ( 'NONE', #4539, .T. ) ;
#876 = CARTESIAN_POINT ( 'NONE',  ( 15.84796291139908142, -7.399048688048170952, -12.87550089706521383 ) ) ;
#877 = EDGE_CURVE ( 'NONE', #1785, #1372, #1097, .T. ) ;
#878 = CARTESIAN_POINT ( 'NONE',  ( 124.9123266616314396, -40.06369982123604956, -54.22517309198814672 ) ) ;
#879 = PLANE ( 'NONE',  #2170 ) ;
#880 = CARTESIAN_POINT ( 'NONE',  ( 93.87321040937715111, -23.74514489885957147, -20.59669332741573911 ) ) ;
#881 = ORIENTED_EDGE ( 'NONE', *, *, #4114, .T. ) ;
#882 = CARTESIAN_POINT ( 'NONE',  ( 118.0486133214183013, -23.44769901528613687, -20.73745764994232843 ) ) ;
#883 = CARTESIAN_POINT ( 'NONE',  ( 82.13838682899017840, -25.99755230570798403, -23.84850410357055495 ) ) ;
#884 = CARTESIAN_POINT ( 'NONE',  ( 130.9312563229483430, -24.80341593141981704, 30.67136704793028912 ) ) ;
#885 = CARTESIAN_POINT ( 'NONE',  ( 116.8427573120004297, 2.564973223106074229, 35.00000000000000000 ) ) ;
#886 = CARTESIAN_POINT ( 'NONE',  ( 130.4685683716227516, -49.77560120515156683, 4.216420762407003586 ) ) ;
#887 = DIRECTION ( 'NONE',  ( 1.000000000000000000, -1.407561767737850723E-18, -2.974286709687525977E-18 ) ) ;
#888 = CARTESIAN_POINT ( 'NONE',  ( 67.23203999225334826, 42.30010006527739108, -2.542600939048279329 ) ) ;
#889 = CARTESIAN_POINT ( 'NONE',  ( 80.69714603364920436, -25.89677704916055490, 23.62684820773581862 ) ) ;
#890 = VECTOR ( 'NONE', #2666, 999.9999999999998863 ) ;
#891 = AXIS2_PLACEMENT_3D ( 'NONE', #3283, #3957, #3182 ) ;
#892 = CARTESIAN_POINT ( 'NONE',  ( 109.7271652298359328, -29.38571893414495406, 38.96581262849484517 ) ) ;
#893 = DIRECTION ( 'NONE',  ( -3.290533628671976386E-18, -0.4277609429282532849, 0.9038919048786374644 ) ) ;
#894 = CARTESIAN_POINT ( 'NONE',  ( 116.7814619765429285, 31.46972986994574839, -26.16320898055602484 ) ) ;
#895 = VECTOR ( 'NONE', #2434, 1000.000000000000000 ) ;
#896 = CARTESIAN_POINT ( 'NONE',  ( 88.26625363028298921, -20.12957727927344109, 22.30773709916263670 ) ) ;
#897 = PLANE ( 'NONE',  #1500 ) ;
#898 = CARTESIAN_POINT ( 'NONE',  ( 118.2858779404855341, -27.20960596925743857, 28.29575692993982727 ) ) ;
#899 = DIRECTION ( 'NONE',  ( -3.290533628671975231E-18, -0.4277609429282532849, 0.9038919048786373533 ) ) ;
#900 = CARTESIAN_POINT ( 'NONE',  ( 5.157310616045851503, -7.160682168904425993, -5.394358534533489902 ) ) ;
#901 = VECTOR ( 'NONE', #1442, 999.9999999999998863 ) ;
#902 = CARTESIAN_POINT ( 'NONE',  ( 79.65474997908000887, -25.74063093739000152, -19.65234258720577998 ) ) ;
#903 = CARTESIAN_POINT ( 'NONE',  ( 80.81014518697035953, -26.21622267136572759, 23.46234520569502635 ) ) ;
#904 = CARTESIAN_POINT ( 'NONE',  ( 121.7637663461649709, -26.33103533239046357, 29.04664614303955261 ) ) ;
#905 = CARTESIAN_POINT ( 'NONE',  ( 93.21147771869965482, -30.97777866555790283, -22.72597709223908780 ) ) ;
#906 = AXIS2_PLACEMENT_3D ( 'NONE', #2742, #1665, #962 ) ;
#907 = ORIENTED_EDGE ( 'NONE', *, *, #4511, .F. ) ;
#908 = CARTESIAN_POINT ( 'NONE',  ( 109.1971438837503854, -40.49095399225596026, -54.02297784488054333 ) ) ;
#909 = CARTESIAN_POINT ( 'NONE',  ( 82.68319015231612923, -25.83354488778026692, -25.24647166320078640 ) ) ;
#910 = CARTESIAN_POINT ( 'NONE',  ( 116.7814619765437385, -31.46971761275502999, 26.16320285186913353 ) ) ;
#911 = CARTESIAN_POINT ( 'NONE',  ( 130.9288230455848350, 8.452189370889598763, 34.67531992581432121 ) ) ;
#912 = CARTESIAN_POINT ( 'NONE',  ( 67.23203999225350458, -42.30010006527746924, -2.542600939048294872 ) ) ;
#913 = DIRECTION ( 'NONE',  ( 0.000000000000000000, 0.9038919048786377974, -0.4277609429282521192 ) ) ;
#914 = CARTESIAN_POINT ( 'NONE',  ( 0.000000000000000000, 4.403304394020889134, -1.692557972472430894 ) ) ;
#915 = CARTESIAN_POINT ( 'NONE',  ( 107.5418953170991898, -21.41874600699082265, 29.71509668897953205 ) ) ;
#916 = FACE_OUTER_BOUND ( 'NONE', #1787, .T. ) ;
#917 = EDGE_CURVE ( 'NONE', #993, #460, #68, .T. ) ;
#918 = CARTESIAN_POINT ( 'NONE',  ( 118.7423358732401368, -29.11569188955089871, 31.50266644820606032 ) ) ;
#919 = CARTESIAN_POINT ( 'NONE',  ( 131.4052868953210975, 48.75064983121370688, -8.350415371480567117 ) ) ;
#920 = CARTESIAN_POINT ( 'NONE',  ( 96.22224898891043665, -34.37361606982027951, 36.60532287250782701 ) ) ;
#921 = CARTESIAN_POINT ( 'NONE',  ( 106.8732104093771511, -23.92274785602176479, -22.72529784438593836 ) ) ;
#922 = CARTESIAN_POINT ( 'NONE',  ( 82.86113221656015071, -26.38907568403025294, 25.04953742334571842 ) ) ;
#923 = CARTESIAN_POINT ( 'NONE',  ( 124.0221903927050562, -21.70241891074669383, 31.13197938909227602 ) ) ;
#924 = CARTESIAN_POINT ( 'NONE',  ( 130.4642763407167365, -2.811726703516648662, -35.00000000000000000 ) ) ;
#925 = CARTESIAN_POINT ( 'NONE',  ( 117.3189776973625129, -31.94848988441090754, -37.75299800732386046 ) ) ;
#926 = CARTESIAN_POINT ( 'NONE',  ( 117.3189776973625129, -31.81084511955431537, 37.81813749367880462 ) ) ;
#927 = LINE ( 'NONE', #4520, #376 ) ;
#928 = CARTESIAN_POINT ( 'NONE',  ( 115.1518982061837164, -31.49395609735418944, -25.56234488109606318 ) ) ;
#929 = ORIENTED_EDGE ( 'NONE', *, *, #4241, .F. ) ;
#930 = CARTESIAN_POINT ( 'NONE',  ( 88.26625363028298921, -20.12957727927344109, -22.30773709916263670 ) ) ;
#931 = CARTESIAN_POINT ( 'NONE',  ( 24.40882333499675028, -21.28581870270520326, 8.100441100275796558 ) ) ;
#932 = CARTESIAN_POINT ( 'NONE',  ( 20.36349329260115582, 0.000000000000000000, 17.02055174897400036 ) ) ;
#933 = CARTESIAN_POINT ( 'NONE',  ( 10.31720266782408757, -14.48792295665909080, 3.264452348970899642 ) ) ;
#934 = B_SPLINE_CURVE_WITH_KNOTS ( 'NONE', 3,
 ( #2429, #2822, #3464, #3896, #2385, #4226 ),
 .UNSPECIFIED., .F., .F.,
 ( 4, 2, 4 ),
 ( 0.001168283417589762244, 0.007146697557166201663, 0.01312511169674264108 ),
 .UNSPECIFIED. ) ;
#935 = CARTESIAN_POINT ( 'NONE',  ( 87.66817465895383066, -28.66592788854099894, -25.65866756122518311 ) ) ;
#936 = CARTESIAN_POINT ( 'NONE',  ( 93.08178496474421593, 47.82351979117675000, -1.071548795704144519 ) ) ;
#937 = EDGE_CURVE ( 'NONE', #1214, #3408, #2309, .T. ) ;
#938 = DIRECTION ( 'NONE',  ( 1.000000000000000000, -0.000000000000000000, -0.000000000000000000 ) ) ;
#939 = EDGE_CURVE ( 'NONE', #2284, #3439, #2182, .T. ) ;
#940 = LINE ( 'NONE', #4489, #3510 ) ;
#941 = CARTESIAN_POINT ( 'NONE',  ( 0.000000000000000000, 3.233442260921343792, -2.696813823512051123 ) ) ;
#942 = CARTESIAN_POINT ( 'NONE',  ( 73.62321040937716532, -29.84641525671879236, -17.70930696268391458 ) ) ;
#943 = CARTESIAN_POINT ( 'NONE',  ( 80.42124416445085444, -27.91255069679203515, 25.91716597694083291 ) ) ;
#944 = VERTEX_POINT ( 'NONE', #1124 ) ;
#945 = CARTESIAN_POINT ( 'NONE',  ( 90.41211169231425515, -29.30458499324776867, 25.89795173327781441 ) ) ;
#946 = DIRECTION ( 'NONE',  ( 3.290533628671975231E-18, 0.4277609429282532849, -0.9038919048786373533 ) ) ;
#947 = CARTESIAN_POINT ( 'NONE',  ( 107.3587758326524977, -27.36071251830254170, -18.88564955573661308 ) ) ;
#948 = CARTESIAN_POINT ( 'NONE',  ( 80.72745083131846400, -26.01248527411432931, 23.56572839941543052 ) ) ;
#949 = CYLINDRICAL_SURFACE ( 'NONE', #3204, 5.500000000000004441 ) ;
#950 = CARTESIAN_POINT ( 'NONE',  ( 93.87321040937715111, -28.98771794715566585, -18.11567985843187500 ) ) ;
#951 = ORIENTED_EDGE ( 'NONE', *, *, #2652, .T. ) ;
#952 = CARTESIAN_POINT ( 'NONE',  ( 139.3799326301305541, -45.13319204520066563, -65.79128857138150011 ) ) ;
#953 = CARTESIAN_POINT ( 'NONE',  ( 130.4682135186736787, -47.02488089423670203, 12.17748124141226995 ) ) ;
#954 = CARTESIAN_POINT ( 'NONE',  ( 130.4656281614743136, 24.77073644197401592, 30.65165900432188195 ) ) ;
#955 = CARTESIAN_POINT ( 'NONE',  ( 130.9312563229493378, -24.80341474266555224, 30.67136677763924979 ) ) ;
#956 = ORIENTED_EDGE ( 'NONE', *, *, #177, .F. ) ;
#957 = CARTESIAN_POINT ( 'NONE',  ( 116.7311806466760089, 46.43679054510317883, 11.38478978835919619 ) ) ;
#958 = CARTESIAN_POINT ( 'NONE',  ( 118.4072685908689238, -28.24845462230793558, 31.64586866597386106 ) ) ;
#959 = CARTESIAN_POINT ( 'NONE',  ( 139.3799326301305541, -45.13319204520066563, 65.79128857138150011 ) ) ;
#960 = CARTESIAN_POINT ( 'NONE',  ( 80.30438725906680020, 21.91171522969773733, -27.05897146546173815 ) ) ;
#961 = LINE ( 'NONE', #942, #221 ) ;
#962 = DIRECTION ( 'NONE',  ( 0.000000000000000000, 0.9038919048786385746, 0.4277609429282505094 ) ) ;
#963 = ORIENTED_EDGE ( 'NONE', *, *, #3628, .T. ) ;
#964 = CARTESIAN_POINT ( 'NONE',  ( 81.42835540731005040, -27.13789134762481581, 23.03170147949812829 ) ) ;
#965 = VECTOR ( 'NONE', #2600, 999.9999999999998863 ) ;
#966 = CARTESIAN_POINT ( 'NONE',  ( 0.000000000000000000, 1.339643116734070064E-06, -3.500000000000000000 ) ) ;
#967 = CARTESIAN_POINT ( 'NONE',  ( 107.3587758326524835, -20.12957727927344109, -22.30773709916263670 ) ) ;
#968 = CARTESIAN_POINT ( 'NONE',  ( 81.51266654551157842, -23.38888653384438499, 25.15565094281873471 ) ) ;
#969 = CARTESIAN_POINT ( 'NONE',  ( 93.87321040937715111, -19.62926130788357426, 24.75716232327841837 ) ) ;
#970 = CARTESIAN_POINT ( 'NONE',  ( 124.1232104093770943, -23.96147660855506345, 30.31482360369331630 ) ) ;
#971 = VERTEX_POINT ( 'NONE', #2154 ) ;
#972 = LINE ( 'NONE', #2097, #4616 ) ;
#973 = CIRCLE ( 'NONE', #1641, 5.500000000000007105 ) ;
#974 = CARTESIAN_POINT ( 'NONE',  ( 82.64423334976525837, -26.01270306885646733, -25.08699168514490196 ) ) ;
#975 = CARTESIAN_POINT ( 'NONE',  ( 116.7250750566208950, -48.17102452521579181, 7.702923699309957684 ) ) ;
#976 = CARTESIAN_POINT ( 'NONE',  ( 116.8044477273395358, 23.81194477353696470, 30.07343981138153666 ) ) ;
#977 = VECTOR ( 'NONE', #1953, 999.9999999999998863 ) ;
#978 = CARTESIAN_POINT ( 'NONE',  ( 42.11879555737949232, -32.76459179817737777, 5.522955702135679878 ) ) ;
#979 = FACE_OUTER_BOUND ( 'NONE', #2161, .T. ) ;
#980 = CARTESIAN_POINT ( 'NONE',  ( 131.4046405560211213, 47.06496979617560328, 12.23151706884635992 ) ) ;
#981 = DIRECTION ( 'NONE',  ( 0.000000000000000000, 0.9416207588706305698, 0.3366754319279889884 ) ) ;
#982 = CARTESIAN_POINT ( 'NONE',  ( 117.6335612435064490, -31.05544113935069461, -26.12399982849233737 ) ) ;
#983 = CARTESIAN_POINT ( 'NONE',  ( 75.07727001583438664, -6.729383157264061666, -31.63615914549125563 ) ) ;
#984 = CARTESIAN_POINT ( 'NONE',  ( 74.42321040937716248, -18.36698806476008272, -23.14187093787273142 ) ) ;
#985 = CARTESIAN_POINT ( 'NONE',  ( 118.6954067346216419, -28.66121406745253353, -31.68898590004268101 ) ) ;
#986 = ADVANCED_FACE ( 'NONE', ( #406 ), #2880, .T. ) ;
#987 = CYLINDRICAL_SURFACE ( 'NONE', #2687, 5.500000000000004441 ) ;
#988 = CARTESIAN_POINT ( 'NONE',  ( 125.1183577332007104, -39.62064578995136799, 54.43484551981673292 ) ) ;
#989 = DIRECTION ( 'NONE',  ( -3.290533628671975231E-18, -0.4277609429282532849, 0.9038919048786373533 ) ) ;
#990 = CARTESIAN_POINT ( 'NONE',  ( 106.9648830090599319, -20.70325624416598487, -29.94878948227778181 ) ) ;
#991 = ORIENTED_EDGE ( 'NONE', *, *, #1823, .T. ) ;
#992 = DIRECTION ( 'NONE',  ( -3.290533628671976386E-18, -0.4277609429282532849, -0.9038919048786374644 ) ) ;
#993 = VERTEX_POINT ( 'NONE', #452 ) ;
#994 = CARTESIAN_POINT ( 'NONE',  ( 110.0574148030436277, -24.31463768684205462, -28.82581692469378964 ) ) ;
#995 = CARTESIAN_POINT ( 'NONE',  ( 44.07957387308904629, -35.05963110341693323, 1.876270268770655836 ) ) ;
#996 = CARTESIAN_POINT ( 'NONE',  ( 4.673729940918066816, 9.800770930146128990, 1.873029678921825258 ) ) ;
#997 = CARTESIAN_POINT ( 'NONE',  ( 130.4678417679650124, -44.05663882698342348, 16.95636927581000819 ) ) ;
#998 = CYLINDRICAL_SURFACE ( 'NONE', #521, 0.7999999999999999334 ) ;
#999 = EDGE_CURVE ( 'NONE', #2284, #2440, #3640, .T. ) ;
#1000 = CARTESIAN_POINT ( 'NONE',  ( 44.26631466506144363, 35.26944309773888619, 0.6215961148064593766 ) ) ;
#1001 = ADVANCED_FACE ( 'NONE', ( #796 ), #1834, .T. ) ;
#1002 = CARTESIAN_POINT ( 'NONE',  ( 93.87321040937715111, -25.29446283226605985, 11.01287290228125393 ) ) ;
#1003 = CARTESIAN_POINT ( 'NONE',  ( 118.5767980162499953, -29.28974478903964496, -31.21817814180206696 ) ) ;
#1004 = CARTESIAN_POINT ( 'NONE',  ( 13.49062453388675387, -0.9545764123518020172, -13.77254560041768450 ) ) ;
#1005 = PERSON_AND_ORGANIZATION ( #90, #533 ) ;
#1006 = ORIENTED_EDGE ( 'NONE', *, *, #3013, .F. ) ;
#1007 = CYLINDRICAL_SURFACE ( 'NONE', #2232, 5.500000000000004441 ) ;
#1008 = CYLINDRICAL_SURFACE ( 'NONE', #4251, 0.7999999999999999334 ) ;
#1009 = CARTESIAN_POINT ( 'NONE',  ( 107.4911800147985019, -21.41322292718584919, 29.71180304353621082 ) ) ;
#1010 = CARTESIAN_POINT ( 'NONE',  ( 123.7270167774722438, -33.36939884343047424, -25.39086672178906667 ) ) ;
#1011 = CARTESIAN_POINT ( 'NONE',  ( 124.1232104093771227, -22.08608564870091939, 31.00061132816046694 ) ) ;
#1012 = ORIENTED_EDGE ( 'NONE', *, *, #4164, .F. ) ;
#1013 = CARTESIAN_POINT ( 'NONE',  ( 101.3732104093771511, -22.88962301300307800, -18.78890951765846751 ) ) ;
#1014 = ORIENTED_EDGE ( 'NONE', *, *, #1912, .T. ) ;
#1015 = EDGE_CURVE ( 'NONE', #3209, #2440, #544, .T. ) ;
#1016 = CARTESIAN_POINT ( 'NONE',  ( 87.48692550128659207, -21.31833931495441092, -27.15438852422547100 ) ) ;
#1017 = CARTESIAN_POINT ( 'NONE',  ( 26.58005605112666103, -24.49955931971388168, 6.089030538327965481 ) ) ;
#1018 = EDGE_CURVE ( 'NONE', #3680, #1915, #1966, .T. ) ;
#1019 = CARTESIAN_POINT ( 'NONE',  ( 131.3928290221502380, -2.828545741569128413, 35.00000000000000000 ) ) ;
#1020 = CARTESIAN_POINT ( 'NONE',  ( 135.1278611631032618, -44.98702027244232227, -65.86046340855743608 ) ) ;
#1021 = CARTESIAN_POINT ( 'NONE',  ( 91.41201140093397726, 44.67133707298888368, 9.764699495951344232 ) ) ;
#1022 = CARTESIAN_POINT ( 'NONE',  ( 117.5191359416766517, -27.59450272219720901, 31.59511465507854666 ) ) ;
#1023 = CARTESIAN_POINT ( 'NONE',  ( 118.2059879949285914, -27.26045280551067052, -28.25680221425120919 ) ) ;
#1024 = CARTESIAN_POINT ( 'NONE',  ( 130.0000000000000000, 2.803317184490401015, -35.00000000000000000 ) ) ;
#1025 = CALENDAR_DATE ( 2025, 8, 12 ) ;
#1026 = VERTEX_POINT ( 'NONE', #2692 ) ;
#1027 = CONICAL_SURFACE ( 'NONE', #2757, 5.800000000000014921, 0.7853981633974538301 ) ;
#1028 = CARTESIAN_POINT ( 'NONE',  ( 97.31778668166343493, -24.53812496844129853, -30.00879196412077832 ) ) ;
#1029 = CARTESIAN_POINT ( 'NONE',  ( 125.1183577332007104, -39.62064578995136799, -54.43484551981673292 ) ) ;
#1030 = VECTOR ( 'NONE', #1102, 999.9999999999998863 ) ;
#1031 = CARTESIAN_POINT ( 'NONE',  ( 86.09277372052221722, -21.54497246647807174, 26.83299451811445735 ) ) ;
#1032 = CARTESIAN_POINT ( 'NONE',  ( 87.52802503470194040, -29.88782609787347866, 22.44333591854164567 ) ) ;
#1033 = CARTESIAN_POINT ( 'NONE',  ( 119.2287525389737226, -21.17975108186449162, -30.95565987012524900 ) ) ;
#1034 = ORIENTED_EDGE ( 'NONE', *, *, #1994, .T. ) ;
#1035 = CARTESIAN_POINT ( 'NONE',  ( 139.3799326301305541, -45.13319204520066563, 65.79128857138150011 ) ) ;
#1036 = ORIENTED_EDGE ( 'NONE', *, *, #1539, .F. ) ;
#1037 = CARTESIAN_POINT ( 'NONE',  ( 87.81000414231378670, -24.88438001067649097, -28.12617469980340346 ) ) ;
#1038 = CARTESIAN_POINT ( 'NONE',  ( 0.000000000000000000, -4.869741587150351769, 0.8290359988406459379 ) ) ;
#1039 = AXIS2_PLACEMENT_3D ( 'NONE', #4196, #726, #4565 ) ;
#1040 = CARTESIAN_POINT ( 'NONE',  ( 2.006231500456003847, 0.000000000000000000, 5.864981991046377630 ) ) ;
#1041 = VECTOR ( 'NONE', #3242, 999.9999999999998863 ) ;
#1042 = CARTESIAN_POINT ( 'NONE',  ( 135.8349994737582449, -44.90694132023656948, -65.89836024989359942 ) ) ;
#1043 = CARTESIAN_POINT ( 'NONE',  ( 28.73577996214128660, 27.65241839282531089, 2.896755917646896883 ) ) ;
#1044 = CARTESIAN_POINT ( 'NONE',  ( 101.3732104093771511, -24.24546087034035580, 18.14726810325694473 ) ) ;
#1045 = CARTESIAN_POINT ( 'NONE',  ( 3.554467107526739778, -6.338546917832069916, -4.466851937318335963 ) ) ;
#1046 = CARTESIAN_POINT ( 'NONE',  ( 83.67732762370731336, -27.05482510730202605, 25.22850695749577454 ) ) ;
#1047 = CARTESIAN_POINT ( 'NONE',  ( 120.8000347057074180, -29.74211193666399922, -27.22924938948385787 ) ) ;
#1048 = CARTESIAN_POINT ( 'NONE',  ( 0.000000000000000000, -0.2803317189729630510, -3.500000000000000000 ) ) ;
#1049 = LINE ( 'NONE', #4627, #4040 ) ;
#1050 = ORIENTED_EDGE ( 'NONE', *, *, #2228, .T. ) ;
#1051 = EDGE_CURVE ( 'NONE', #2649, #351, #3630, .T. ) ;
#1052 = CARTESIAN_POINT ( 'NONE',  ( 118.4072685908688811, -28.24845462230784321, -31.64586866597377579 ) ) ;
#1053 = CARTESIAN_POINT ( 'NONE',  ( 93.87321040937715111, -20.32305735543354785, 13.36555808838664916 ) ) ;
#1054 = CARTESIAN_POINT ( 'NONE',  ( 109.1408904257667558, -24.17472061245093684, 28.78502404152036931 ) ) ;
#1055 = CARTESIAN_POINT ( 'NONE',  ( 124.1232104093770658, -32.79165355247891256, -25.80302638871579646 ) ) ;
#1056 = DIRECTION ( 'NONE',  ( -3.290533628671975616E-18, -0.4277609429282532849, -0.9038919048786374644 ) ) ;
#1057 = ORIENTED_EDGE ( 'NONE', *, *, #1213, .F. ) ;
#1058 = CARTESIAN_POINT ( 'NONE',  ( 2.190032415392462628, 0.4108419478602260422, -6.158470319802441750 ) ) ;
#1059 = ORIENTED_EDGE ( 'NONE', *, *, #1276, .T. ) ;
#1060 = CARTESIAN_POINT ( 'NONE',  ( 103.5847458167784367, -23.53644478276406815, -28.41730765871664843 ) ) ;
#1061 = CARTESIAN_POINT ( 'NONE',  ( 29.37164097186501621, -28.55832029697794994, -0.4772927670146572821 ) ) ;
#1062 = CARTESIAN_POINT ( 'NONE',  ( 128.2200014382748634, -40.90257718466548198, -56.85167267536364477 ) ) ;
#1063 = CARTESIAN_POINT ( 'NONE',  ( 82.64455492732200526, -26.01813495072142857, 25.08375447627611621 ) ) ;
#1064 = CARTESIAN_POINT ( 'NONE',  ( 118.6661956421741024, -29.21993631299524452, -31.34881303716191425 ) ) ;
#1065 = B_SPLINE_CURVE_WITH_KNOTS ( 'NONE', 3,
 ( #4095, #1240, #3812, #1997, #4144, #2739 ),
 .UNSPECIFIED., .F., .F.,
 ( 4, 2, 4 ),
 ( 0.001147904658580896353, 0.007097475515344204601, 0.01304704637210751285 ),
 .UNSPECIFIED. ) ;
#1066 = CARTESIAN_POINT ( 'NONE',  ( 20.36349329260115582, 1.243192229612916089, 17.02055174897400036 ) ) ;
#1067 = DIRECTION ( 'NONE',  ( -0.000000000000000000, 0.4277609429282542286, -0.9038919048786369093 ) ) ;
#1068 = CARTESIAN_POINT ( 'NONE',  ( 3.042804097976333999, -4.625379696819383213, -5.196849944583786574 ) ) ;
#1069 = CARTESIAN_POINT ( 'NONE',  ( 104.3249739780784040, -30.76407160606640190, 27.54094300669326856 ) ) ;
#1070 = EDGE_CURVE ( 'NONE', #2705, #1565, #1571, .T. ) ;
#1071 = ADVANCED_FACE ( 'NONE', ( #916 ), #2608, .F. ) ;
#1072 = CARTESIAN_POINT ( 'NONE',  ( 118.3877029812417305, -27.24534915538522739, -28.30192814641671717 ) ) ;
#1073 = CARTESIAN_POINT ( 'NONE',  ( 131.3947553667295551, 16.79307908241322522, -33.20473774745646267 ) ) ;
#1074 = APPROVAL_ROLE ( '' ) ;
#1075 = ORIENTED_EDGE ( 'NONE', *, *, #4300, .F. ) ;
#1076 = CARTESIAN_POINT ( 'NONE',  ( 73.93391463160148191, -18.96080715001136241, -25.89627639459445874 ) ) ;
#1077 = CARTESIAN_POINT ( 'NONE',  ( 115.1446905700826306, -30.14561955924980197, -38.60619461867289459 ) ) ;
#1078 = CARTESIAN_POINT ( 'NONE',  ( 42.11879555737929337, 32.76459073064080485, 5.522950294782377867 ) ) ;
#1079 = CARTESIAN_POINT ( 'NONE',  ( 88.00755004181269214, -23.44303684669884191, 26.26782775283440330 ) ) ;
#1080 = FACE_OUTER_BOUND ( 'NONE', #2558, .T. ) ;
#1081 = CARTESIAN_POINT ( 'NONE',  ( 108.3817077872479899, -22.51763532442009819, -21.50950231327171025 ) ) ;
#1082 = ORIENTED_EDGE ( 'NONE', *, *, #2936, .F. ) ;
#1083 = CARTESIAN_POINT ( 'NONE',  ( 130.0000000000001137, 16.70194809373178302, -33.17440851663070589 ) ) ;
#1084 = ORIENTED_EDGE ( 'NONE', *, *, #1218, .F. ) ;
#1085 = CARTESIAN_POINT ( 'NONE',  ( 89.78111985925859528, -23.31138148273187127, -26.61494071122015015 ) ) ;
#1086 = CARTESIAN_POINT ( 'NONE',  ( 91.41201140093410515, -44.67133707298896184, -9.764699495951321140 ) ) ;
#1087 = CARTESIAN_POINT ( 'NONE',  ( 47.20424122687249024, -11.86146245284793288, 23.06043357499037683 ) ) ;
#1088 = DIRECTION ( 'NONE',  ( 0.000000000000000000, 0.9038919048786395738, 0.4277609429282486775 ) ) ;
#1089 = CARTESIAN_POINT ( 'NONE',  ( 125.1362128771300632, -39.73354473372631190, -54.38141683173564189 ) ) ;
#1090 = CARTESIAN_POINT ( 'NONE',  ( 75.07727001583488402, 6.729403002611674900, 31.63615946554426728 ) ) ;
#1091 = LINE ( 'NONE', #1493, #901 ) ;
#1092 = CARTESIAN_POINT ( 'NONE',  ( 131.3947553667304931, -16.79308129404224914, -33.20473794008896817 ) ) ;
#1093 = CARTESIAN_POINT ( 'NONE',  ( 108.2778792198901101, -25.18658089901037300, -20.13592739887207017 ) ) ;
#1094 = CARTESIAN_POINT ( 'NONE',  ( 82.13390451348838894, -27.74725772808872293, -22.79423503128452921 ) ) ;
#1095 = CARTESIAN_POINT ( 'NONE',  ( 3.502994080361221840, -4.427750037490236323, -5.692900975712390732 ) ) ;
#1096 = VERTEX_POINT ( 'NONE', #1179 ) ;
#1097 = LINE ( 'NONE', #2206, #65 ) ;
#1098 = CARTESIAN_POINT ( 'NONE',  ( 97.76926309110559998, -30.35882940494565574, 26.67256587107607757 ) ) ;
#1099 = CARTESIAN_POINT ( 'NONE',  ( 116.8245602592866845, 15.84106595073225421, 32.88790415846291637 ) ) ;
#1100 = CARTESIAN_POINT ( 'NONE',  ( 84.71266131008196965, -23.85429369846734815, 25.50211826644181201 ) ) ;
#1101 = CYLINDRICAL_SURFACE ( 'NONE', #4120, 5.500000000000004441 ) ;
#1102 = DIRECTION ( 'NONE',  ( -3.290533628671976386E-18, -0.4277609429282532849, -0.9038919048786374644 ) ) ;
#1103 = ORIENTED_EDGE ( 'NONE', *, *, #4246, .T. ) ;
#1104 = CARTESIAN_POINT ( 'NONE',  ( 18.45344217075491144, 12.02768488102952027, -11.70572590285606651 ) ) ;
#1105 = ORIENTED_EDGE ( 'NONE', *, *, #2195, .F. ) ;
#1106 = CARTESIAN_POINT ( 'NONE',  ( 118.6954067346161565, -28.66121406744101563, -31.68898590004237548 ) ) ;
#1107 = CARTESIAN_POINT ( 'NONE',  ( 0.000000000000000000, -5.000000000000000000, -0.1401658592245194901 ) ) ;
#1108 = VECTOR ( 'NONE', #4195, 1000.000000000000114 ) ;
#1109 = CARTESIAN_POINT ( 'NONE',  ( 131.3928290221502380, 1.481458074228884017E-05, 35.00000000000000000 ) ) ;
#1110 = DIRECTION ( 'NONE',  ( 3.290533628671975231E-18, 0.4277609429282532849, -0.9038919048786375754 ) ) ;
#1111 = CARTESIAN_POINT ( 'NONE',  ( 138.6355232222498159, -44.94989141554450640, -65.87803439768867975 ) ) ;
#1112 = AXIS2_PLACEMENT_3D ( 'NONE', #2223, #1898, #1215 ) ;
#1113 = CARTESIAN_POINT ( 'NONE',  ( 116.7814619765429285, 31.46972986994574839, 26.16320898055602484 ) ) ;
#1114 = FACE_OUTER_BOUND ( 'NONE', #3081, .T. ) ;
#1115 = AXIS2_PLACEMENT_3D ( 'NONE', #2759, #1771, #3550 ) ;
#1116 = CARTESIAN_POINT ( 'NONE',  ( 131.4035253038960889, -44.10174850981925943, -17.02099923888356514 ) ) ;
#1117 = ORIENTED_EDGE ( 'NONE', *, *, #1554, .T. ) ;
#1118 = DIRECTION ( 'NONE',  ( 0.000000000000000000, 0.9038919048786395738, 0.4277609429282486775 ) ) ;
#1119 = VECTOR ( 'NONE', #716, 999.9999999999998863 ) ;
#1120 = B_SPLINE_SURFACE_WITH_KNOTS ( 'NONE', 3, 3, ( 
 ( #1255, #4066, #4414, #1965, #932, #3034, #1561, #4458, #2010, #1211, #3390, #138 ),
 ( #2357, #539, #582, #185, #2336, #560, #2310, #885, #3738, #1537, #2615, #860 ),
 ( #3367, #1606, #1631, #163, #1586, #1234, #2287, #4043, #2685, #4115, #911, #3690 ),
 ( #486, #3714, #3759, #1989, #4435, #507, #3412, #1099, #27, #3851, #646, #4183 ),
 ( #3953, #3502, #2080, #1352, #753, #626, #2036, #976, #2184, #954, #3460, #3085 ),
 ( #2529, #1656, #2379, #3829, #1324, #298, #3149, #3804, #4504, #3479, #3126, #4205 ),
 ( #2503, #1451, #1304, #4552, #2733, #4159, #2407, #2754, #1701, #232, #257, #278 ),
 ( #1677, #2061, #2777, #606, #1725, #4282, #2882, #2, #4305, #3106, #3928, #4528 ),
 ( #1429, #996, #2425, #2858, #1078, #727, #2156, #3583, #383, #1805, #3229, #4074 ),
 ( #4027, #2208, #2998, #148, #2599, #494, #2255, #4400, #2625, #4378, #1525, #1173 ),
 ( #1574, #80, #2952, #799, #824, #3700, #4004, #3654, #3306, #2929, #4423, #3676 ),
 ( #1222, #2275, #2904, #1152, #474, #2971, #1881, #1476, #4053, #2645, #3352, #1903 ),
 ( #4357, #1198, #870, #3326, #125, #104, #3606, #2227, #775, #2576, #408, #4333 ),
 ( #1831, #3252, #52, #1127, #2554, #454, #1505, #1546, #846, #3979, #3631, #1926 ),
 ( #430, #1855, #3279, #3466, #3722, #567, #3376, #2294, #263, #171, #3746, #919 ),
 ( #1266, #1686, #1663, #1291, #2668, #1614, #1640, #1593, #3070, #519, #546, #2390 ),
 ( #2020, #3813, #4490, #3020, #2718, #1951, #1975, #612, #3112, #3446, #2043, #4443 ),
 ( #193, #3768, #1241, #2321, #2343, #3042, #4096, #4465, #3397, #1333, #4145, #3092 ),
 ( #941, #4536, #2763, #1310, #4191, #4512, #2364, #894, #2695, #242, #4125, #1998 ),
 ( #3420, #3789, #216, #590, #2740, #4166, #960, #4211, #378, #2151, #4603, #2497 ),
 ( #1775, #4626, #1753, #3532, #3175, #2877, #3576, #2088, #328, #2805, #1400, #1073 ),
 ( #2852, #2453, #1710, #2131, #2431, #3879, #2477, #4228, #2067, #3857, #1359, #2828 ),
 ( #653, #1380, #2783, #3901, #3155, #4256, #3135, #3923, #1024, #4277, #284, #721 ),
 ( #1048, #3199, #3512, #1004, #1800, #3224, #21, #309, #696, #1446, #3554, #1732 ),
 ( #349, #1425, #4562, #2413, #677, #2111, #983, #3836, #633, #3488, #4579, #2180 ),
 ( #4299, #1470, #1095, #748, #3602, #2524, #403, #3947, #1825, #3248, #48, #1092 ),
 ( #399, #1068, #1443, #3598, #1422, #2896, #4252, #1797, #3970, #4622, #4600, #2848 ),
 ( #3195, #1045, #1750, #1820, #4274, #1143, #17, #374, #2873, #4296, #2127, #2568 ),
 ( #3996, #1397, #2519, #4350, #3621, #767, #790, #2494, #717, #3942, #693, #3243 ),
 ( #3267, #2201, #2221, #2177, #3221, #3551, #3920, #744, #326, #2148, #2547, #1116 ),
 ( #3172, #42, #422, #1466, #4320, #1846, #67, #2823, #1772, #1495, #2922, #2474 ),
 ( #3897, #346, #3573, #508, #4117, #1896, #4067, #2246, #3035, #186, #2638, #540 ),
 ( #4436, #2662, #4415, #1562, #1212, #912, #1607, #119, #2987, #837, #861, #3739 ),
 ( #3691, #3342, #2965, #4459, #2288, #139, #3715, #1256, #2311, #2946, #1186, #1941 ),
 ( #1919, #1519, #4089, #2686, #3391, #3369, #164, #4391, #1235, #3646, #1587, #3012 ),
 ( #445, #4044, #814, #2617, #1872, #4371, #3670, #3298, #97, #886, #1167, #1967 ),
 ( #468, #1538, #487, #2591, #2268, #4018, #3320, #1353, #4574, #607, #3127, #3481 ),
 ( #2037, #648, #3150, #3784, #978, #4553, #3805, #1325, #561, #2778, #279, #1632 ),
 ( #583, #2755, #933, #1727, #3503, #4184, #3852, #2408, #4206, #997, #3107, #258 ),
 ( #4223, #299, #3437, #1679, #4160, #4529, #2426, #2734, #2380, #3461, #1657, #1375 ),
 ( #3830, #627, #2799, #2081, #3061, #4505, #2062, #1702, #2337, #209, #3760, #1990 ),
 ( #3413, #4484, #1285, #2710, #4140, #2358, #2011, #234, #3086, #1305, #955, #1392 ),
 ( #3262, #3965, #2819, #2867, #1488, #1087, #1768, #2143, #4291, #2123, #3593, #322 ),
 ( #36, #689, #669, #3547, #1461, #3893, #1746, #2444, #2514, #342, #1841, #712 ),
 ( #3568, #364, #4244, #61, #3615, #2916, #2103, #1791, #417, #4315, #2891, #1019 ),
 ( #1416, #3215, #1040, #3937, #3188, #762, #2194, #4617, #11, #2843, #1438, #1109 ) ),
 .UNSPECIFIED., .T., .F., .F.,
 ( 4, 1, 1, 1, 1, 1, 1, 1, 1, 1, 2, 1, 1, 1, 1, 1, 1, 1, 1, 1, 2, 1, 1, 1, 1, 1, 1, 1, 1, 1, 2, 1, 1, 1, 1, 1, 1, 1, 1, 1, 4 ),
 ( 4, 1, 1, 1, 1, 1, 3, 4 ),
 ( 0.000000000000000000, 0.03124985069238214383, 0.06249970138476428766, 0.09374955207714638639, 0.1249994027695285753, 0.1562492534619106255, 0.1874991041542927728, 0.2031240295004839713, 0.2187489548466749201, 0.2343738801928660909, 0.2499988055390571506, 0.2656238801928660909, 0.2812489548466750033, 0.2968740295004839158, 0.3124991041542928838, 0.3437492534619107087, 0.3749994027695285892, 0.4062495520771464141, 0.4374997013847642391, 0.4687498506923821751, 0.5000000000000000000, 0.5312498506923821751, 0.5624997013847642391, 0.5937495520771464141, 0.6249994027695287002, 0.6562492534619108753, 0.6874991041542929393, 0.7031240295004839158, 0.7187489548466750033, 0.7343738801928660909, 0.7499988055390571784, 0.7656238801928660909, 0.7812489548466750033, 0.7968740295004839158, 0.8124991041542928283, 0.8437492534619106532, 0.8749994027695285892, 0.9062495520771465252, 0.9374997013847643501, 0.9687498506923821751, 1.000000000000000000 ),
 ( 0.000000000000000000, 0.1551878047637694769, 0.2025987217827178721, 0.4439413425887341891, 0.4983590044642870476, 0.7166075129374946950, 1.000000000000000000, 1.010000000000000009 ),
 .UNSPECIFIED. ) ;
#1121 = CARTESIAN_POINT ( 'NONE',  ( 82.53736990323582745, -26.40259858061219234, -23.69338403098661061 ) ) ;
#1122 = VECTOR ( 'NONE', #3001, 1000.000000000000000 ) ;
#1123 = VERTEX_POINT ( 'NONE', #760 ) ;
#1124 = CARTESIAN_POINT ( 'NONE',  ( 124.1232104093771511, -29.12330173281588941, 18.05151571702651481 ) ) ;
#1125 = B_SPLINE_CURVE_WITH_KNOTS ( 'NONE', 3,
 ( #3255, #434, #336, #1081 ),
 .UNSPECIFIED., .F., .F.,
 ( 4, 4 ),
 ( 0.000000000000000000, 0.0004322384445342121657 ),
 .UNSPECIFIED. ) ;
#1126 = LINE ( 'NONE', #4052, #1868 ) ;
#1127 = CARTESIAN_POINT ( 'NONE',  ( 29.24757053094325698, 28.38556793795045508, -1.446167394519994875 ) ) ;
#1128 = LINE ( 'NONE', #2555, #2312 ) ;
#1129 = CARTESIAN_POINT ( 'NONE',  ( 83.54896141492172035, -22.21480758334396910, -26.09998571540458201 ) ) ;
#1130 = CARTESIAN_POINT ( 'NONE',  ( 106.8732104093771511, -23.92274785602176479, 22.72529784438593836 ) ) ;
#1131 = ORIENTED_EDGE ( 'NONE', *, *, #2995, .T. ) ;
#1132 = CARTESIAN_POINT ( 'NONE',  ( 77.25523553384796571, 14.19327618537363911, -29.87147867257814582 ) ) ;
#1133 = VERTEX_POINT ( 'NONE', #1531 ) ;
#1134 = EDGE_CURVE ( 'NONE', #2202, #2404, #2797, .T. ) ;
#1135 = CARTESIAN_POINT ( 'NONE',  ( 118.3110384117056384, -27.42878408622646091, -28.21771350813269663 ) ) ;
#1136 = CARTESIAN_POINT ( 'NONE',  ( 12.08968467034340044, -16.86769957714969692, -0.2906156157425002773 ) ) ;
#1137 = EDGE_CURVE ( 'NONE', #4258, #944, #4035, .T. ) ;
#1138 = LINE ( 'NONE', #3665, #4116 ) ;
#1139 = CARTESIAN_POINT ( 'NONE',  ( 73.62321040937716532, -29.12330173281588941, -18.05151571702651481 ) ) ;
#1140 = CARTESIAN_POINT ( 'NONE',  ( 139.3799326301305541, -45.14011058862534043, -65.78801441587346233 ) ) ;
#1141 = CARTESIAN_POINT ( 'NONE',  ( 130.4642763407167365, 2.811726703516640224, 35.00000000000000000 ) ) ;
#1142 = LINE ( 'NONE', #789, #1793 ) ;
#1143 = CARTESIAN_POINT ( 'NONE',  ( 55.54915737911498042, -25.65604728712973781, -18.01645253878997721 ) ) ;
#1144 = ORIENTED_EDGE ( 'NONE', *, *, #939, .F. ) ;
#1145 = CARTESIAN_POINT ( 'NONE',  ( 113.6732104093771625, -22.21170408430874943, 19.10973022487138806 ) ) ;
#1146 = EDGE_CURVE ( 'NONE', #1529, #1026, #3986, .T. ) ;
#1147 =( BOUNDED_CURVE ( )  B_SPLINE_CURVE ( 3, ( #215, #3069, #3091, #959 ),
 .UNSPECIFIED., .F., .F. ) 
 B_SPLINE_CURVE_WITH_KNOTS ( ( 4, 4 ),
 ( 6.513292869280696114E-33, 3.141592653589793116 ),
 .UNSPECIFIED. ) 
 CURVE ( )  GEOMETRIC_REPRESENTATION_ITEM ( )  RATIONAL_B_SPLINE_CURVE ( ( 1.000000000000000000, 0.3333333333333333703, 0.3333333333333333703, 1.000000000000000000 ) ) 
 REPRESENTATION_ITEM ( '' )  );
#1148 = CARTESIAN_POINT ( 'NONE',  ( 87.51157743974387415, -29.88387589510108810, -22.44293585714012096 ) ) ;
#1149 = VERTEX_POINT ( 'NONE', #438 ) ;
#1150 = CARTESIAN_POINT ( 'NONE',  ( 117.1549777272469157, -32.28483684585429359, 37.59382400366089882 ) ) ;
#1151 = DIRECTION ( 'NONE',  ( 8.659560562354979697E-17, -0.3366754319279991470, -0.9416207588706267950 ) ) ;
#1152 = CARTESIAN_POINT ( 'NONE',  ( 29.37164097186501266, 28.55832029697794994, 0.4772882061759005090 ) ) ;
#1153 = DIRECTION ( 'NONE',  ( -1.000000000000000000, 1.407561767737850338E-18, -2.974286709687527903E-18 ) ) ;
#1154 = CARTESIAN_POINT ( 'NONE',  ( 82.30279231821354813, -22.79155950110187945, -25.60154658605251043 ) ) ;
#1155 = CARTESIAN_POINT ( 'NONE',  ( 123.3232104093771824, -21.30515158963326527, -31.22064082669394125 ) ) ;
#1156 = ORIENTED_EDGE ( 'NONE', *, *, #4330, .T. ) ;
#1157 = CARTESIAN_POINT ( 'NONE',  ( 44.42260250945849265, 5.422127144561855516, -24.39985037843310423 ) ) ;
#1158 = EDGE_LOOP ( 'NONE', ( #235, #400, #292, #3211, #534, #1082 ) ) ;
#1159 = CARTESIAN_POINT ( 'NONE',  ( 118.2201428171293145, -26.91150741640002053, -28.50093333590122313 ) ) ;
#1160 = CARTESIAN_POINT ( 'NONE',  ( 131.4035253038957194, -44.10174805352301775, -17.02099816919155728 ) ) ;
#1161 = DIRECTION ( 'NONE',  ( -0.000000000000000000, 0.4277609429282543396, -0.9038919048786371313 ) ) ;
#1162 = EDGE_CURVE ( 'NONE', #2478, #971, #1904, .T. ) ;
#1163 = CARTESIAN_POINT ( 'NONE',  ( 94.71605285219452242, -32.01426846479827759, -22.29014819688909910 ) ) ;
#1164 = CARTESIAN_POINT ( 'NONE',  ( 118.0486133214183013, -24.04259078228984592, -20.45592900495692490 ) ) ;
#1165 = CARTESIAN_POINT ( 'NONE',  ( 130.4649184555762247, 16.73232508884989755, 33.18451826022420903 ) ) ;
#1166 = CARTESIAN_POINT ( 'NONE',  ( 82.63881387776201848, -25.95506003415941265, -25.11962321857937397 ) ) ;
#1167 = CARTESIAN_POINT ( 'NONE',  ( 130.9371367432453894, -49.79300440040366738, 4.228214458201188464 ) ) ;
#1168 = EDGE_LOOP ( 'NONE', ( #4230, #578, #4090, #2422 ) ) ;
#1169 = DIRECTION ( 'NONE',  ( 3.290533628671976386E-18, 0.4277609429282533959, -0.9038919048786374644 ) ) ;
#1170 = CARTESIAN_POINT ( 'NONE',  ( 106.1984890259086995, -30.80044683190201837, -27.82368758690424571 ) ) ;
#1171 = CARTESIAN_POINT ( 'NONE',  ( 115.1385921439528346, -21.03225222231555591, 30.64398338977041192 ) ) ;
#1172 = CARTESIAN_POINT ( 'NONE',  ( 118.6661956421741024, -29.21993631299536531, 31.34881303716203504 ) ) ;
#1173 = CARTESIAN_POINT ( 'NONE',  ( 131.4052868953215238, 48.75064993515402278, 8.350416617966715194 ) ) ;
#1174 = PLANE ( 'NONE',  #2609 ) ;
#1175 = LINE ( 'NONE', #523, #977 ) ;
#1176 = CARTESIAN_POINT ( 'NONE',  ( 118.3084985948274692, -27.73849126867726866, 28.08101658068709483 ) ) ;
#1177 = ORIENTED_EDGE ( 'NONE', *, *, #3218, .T. ) ;
#1178 = CARTESIAN_POINT ( 'NONE',  ( 59.99977932697690619, 32.14827566823967686, -14.38711204658772580 ) ) ;
#1179 = CARTESIAN_POINT ( 'NONE',  ( 74.42321040937713406, -30.56002895521314144, -19.21722781413889081 ) ) ;
#1180 = CARTESIAN_POINT ( 'NONE',  ( 27.83312497149510989, -15.06311182294023077, -14.61505274870729565 ) ) ;
#1181 = CARTESIAN_POINT ( 'NONE',  ( 73.62321040937713690, -29.83427491886938654, -19.55385696178821320 ) ) ;
#1182 = CARTESIAN_POINT ( 'NONE',  ( 118.8397534713365360, -30.72545528589305164, -26.45728886432716465 ) ) ;
#1183 = CARTESIAN_POINT ( 'NONE',  ( 93.87321040937715111, -29.57207226154859470, -20.05179195106762791 ) ) ;
#1184 = CARTESIAN_POINT ( 'NONE',  ( 2.275309583650833023, -1.332650509361834823, 6.078275088103124446 ) ) ;
#1185 = CARTESIAN_POINT ( 'NONE',  ( 101.3732104093771511, -25.10098275617752961, 19.95505191302336101 ) ) ;
#1186 = CARTESIAN_POINT ( 'NONE',  ( 130.9372043342831944, -50.03417758307752905, -1.410068978961241726 ) ) ;
#1187 = CONICAL_SURFACE ( 'NONE', #2530, 5.800000000000014921, 0.7853981633974538301 ) ;
#1188 = VERTEX_POINT ( 'NONE', #264 ) ;
#1189 = CARTESIAN_POINT ( 'NONE',  ( 108.3817077872479899, -25.22931103905601447, -20.22621948448696116 ) ) ;
#1190 = EDGE_CURVE ( 'NONE', #1908, #2729, #961, .T. ) ;
#1191 = VECTOR ( 'NONE', #2714, 999.9999999999998863 ) ;
#1192 = CARTESIAN_POINT ( 'NONE',  ( 98.70222465978105220, -30.44822556689858573, -26.78413441135358752 ) ) ;
#1193 = VECTOR ( 'NONE', #4284, 1000.000000000000114 ) ;
#1194 = ADVANCED_FACE ( 'NONE', ( #2365 ), #3918, .T. ) ;
#1195 = CARTESIAN_POINT ( 'NONE',  ( 74.42321040937719090, -18.85269963210745203, 26.03842045768015367 ) ) ;
#1196 = CARTESIAN_POINT ( 'NONE',  ( 123.3232104093771540, -51.34357717454208370, 63.13447014464579610 ) ) ;
#1197 = PRODUCT_DEFINITION_FORMATION_WITH_SPECIFIED_SOURCE ( 'ä»', '', #631, .NOT_KNOWN. ) ;
#1198 = CARTESIAN_POINT ( 'NONE',  ( 4.918901799660962304, 10.52716937784333950, -0.2054229368781333998 ) ) ;
#1199 = ADVANCED_FACE ( 'NONE', ( #2417 ), #366, .F. ) ;
#1200 = CARTESIAN_POINT ( 'NONE',  ( 114.4980035790920141, -25.24147249653235292, 28.89276926654085997 ) ) ;
#1201 = CARTESIAN_POINT ( 'NONE',  ( -1.278143573239510503E-16, -25.10098275617752961, -19.95505191302336101 ) ) ;
#1202 = CARTESIAN_POINT ( 'NONE',  ( 113.4157954158470289, -31.68096755555441391, 25.23011674172083474 ) ) ;
#1203 = ORIENTED_EDGE ( 'NONE', *, *, #3017, .T. ) ;
#1204 = CARTESIAN_POINT ( 'NONE',  ( 118.2930963361726526, -28.12592906642951363, -31.63145313830977656 ) ) ;
#1205 = CARTESIAN_POINT ( 'NONE',  ( 0.000000000000000000, -2.473873534006944652, -3.063308152932330941 ) ) ;
#1206 = CARTESIAN_POINT ( 'NONE',  ( 73.62321040937713690, -29.83427491886938654, -19.55385696178821320 ) ) ;
#1207 = CARTESIAN_POINT ( 'NONE',  ( 82.56272312965340632, -28.02787854042145810, -22.70193157389389427 ) ) ;
#1208 = ORIENTED_EDGE ( 'NONE', *, *, #2939, .F. ) ;
#1209 = CARTESIAN_POINT ( 'NONE',  ( 107.3587758326524835, -20.12957727927344109, -22.30773709916263670 ) ) ;
#1210 = CARTESIAN_POINT ( 'NONE',  ( 20.36349329260115582, -1.243180350113175070, 17.02055174897400036 ) ) ;
#1211 = CARTESIAN_POINT ( 'NONE',  ( 130.4642763407167365, 1.386914769243183403E-05, 35.00000000000000000 ) ) ;
#1212 = CARTESIAN_POINT ( 'NONE',  ( 44.07957387308904629, -35.05963110341693323, -1.876270268770655836 ) ) ;
#1213 = EDGE_CURVE ( 'NONE', #4437, #3888, #126, .T. ) ;
#1214 = VERTEX_POINT ( 'NONE', #4402 ) ;
#1215 = DIRECTION ( 'NONE',  ( -0.8941571718012726322, -0.4477532268073000643, 0.000000000000000000 ) ) ;
#1216 = CARTESIAN_POINT ( 'NONE',  ( 11.18374942461127652, 15.66263231203299533, -2.394048666767567113 ) ) ;
#1217 = CARTESIAN_POINT ( 'NONE',  ( 123.3232104093771540, -29.12330173281588941, -18.05151571702651836 ) ) ;
#1218 = EDGE_CURVE ( 'NONE', #2306, #944, #3000, .T. ) ;
#1219 = CARTESIAN_POINT ( 'NONE',  ( 109.1971438837503854, -40.49095399225596026, 54.02297784488054333 ) ) ;
#1220 = ADVANCED_FACE ( 'NONE', ( #2930 ), #1174, .T. ) ;
#1221 = DIRECTION ( 'NONE',  ( -3.290533628671975616E-18, -0.4277609429282532849, -0.9038919048786374644 ) ) ;
#1222 = CARTESIAN_POINT ( 'NONE',  ( 0.000000000000000000, 5.000000000000000000, 0.1401658594864814700 ) ) ;
#1223 = CARTESIAN_POINT ( 'NONE',  ( 118.3383661736195194, -27.08282179407985524, 28.42716290032769422 ) ) ;
#1224 = LINE ( 'NONE', #2647, #2992 ) ;
#1225 = CARTESIAN_POINT ( 'NONE',  ( 120.0422198609424242, -30.22227759107964928, 26.87967187700013838 ) ) ;
#1226 = ORIENTED_EDGE ( 'NONE', *, *, #1818, .T. ) ;
#1227 = CARTESIAN_POINT ( 'NONE',  ( 124.1232104093771227, -22.08608564870091939, 31.00061132816046694 ) ) ;
#1228 = CARTESIAN_POINT ( 'NONE',  ( 131.3993177617870742, -32.42717916193103633, -27.05338177570500235 ) ) ;
#1229 = DIRECTION ( 'NONE',  ( 3.761581922631320453E-34, -0.9038919048786374644, -0.4277609429282533404 ) ) ;
#1230 = CARTESIAN_POINT ( 'NONE',  ( 121.1985743593150744, -29.38656872968292433, -27.46490747441850999 ) ) ;
#1231 = ORIENTED_EDGE ( 'NONE', *, *, #1162, .F. ) ;
#1232 = CARTESIAN_POINT ( 'NONE',  ( 109.7271652298359328, -34.37361606982027951, -36.60532287250782701 ) ) ;
#1233 = CARTESIAN_POINT ( 'NONE',  ( 0.000000000000000000, -0.2803317189729630510, 3.500000000000000000 ) ) ;
#1234 = CARTESIAN_POINT ( 'NONE',  ( 44.42260250945849265, 5.422127144561855516, 24.39985037843310423 ) ) ;
#1235 = CARTESIAN_POINT ( 'NONE',  ( 130.0000000000000000, -50.00000000000000000, 1.401658592245195400 ) ) ;
#1236 = VERTEX_POINT ( 'NONE', #4075 ) ;
#1237 = CARTESIAN_POINT ( 'NONE',  ( 4.809640427829924292, 10.20805179897554815, -1.256104403120217983 ) ) ;
#1238 = CARTESIAN_POINT ( 'NONE',  ( 106.8732104093771511, -24.60066678471608981, 22.40447713717301781 ) ) ;
#1239 = CARTESIAN_POINT ( 'NONE',  ( 96.22224898891042244, -29.38571893414495406, 38.96581262849484517 ) ) ;
#1240 = CARTESIAN_POINT ( 'NONE',  ( 124.1232104093770943, -23.96147660855506345, -30.31482360369331630 ) ) ;
#1241 = CARTESIAN_POINT ( 'NONE',  ( 8.938605554753602078, 12.60242953863763837, -4.144434369616161185 ) ) ;
#1242 = CARTESIAN_POINT ( 'NONE',  ( 139.0048509918063644, -44.95887250599027141, 65.87378415526823972 ) ) ;
#1243 = PLANE ( 'NONE',  #2621 ) ;
#1244 = CARTESIAN_POINT ( 'NONE',  ( 117.6924677931844059, -28.22897148180206983, 27.77309485244175846 ) ) ;
#1245 = CARTESIAN_POINT ( 'NONE',  ( 134.6897895703582151, -45.13319204520066563, 65.79128857138150011 ) ) ;
#1246 = CARTESIAN_POINT ( 'NONE',  ( 130.9328785078579074, -32.39662803733453700, -27.02497736807249140 ) ) ;
#1247 = CARTESIAN_POINT ( 'NONE',  ( 139.3516413448148796, -45.17392271451224417, -65.77201304803985238 ) ) ;
#1248 = CARTESIAN_POINT ( 'NONE',  ( 83.63137611066062505, -24.08814826685231125, 25.18432956568970837 ) ) ;
#1249 = CARTESIAN_POINT ( 'NONE',  ( 121.8472246766548324, -26.53954946744779164, 28.95785846975174493 ) ) ;
#1250 = CARTESIAN_POINT ( 'NONE',  ( 110.4232607455512181, -31.86463149999305244, -24.72590067809985825 ) ) ;
#1251 = ORIENTED_EDGE ( 'NONE', *, *, #4508, .T. ) ;
#1252 = CARTESIAN_POINT ( 'NONE',  ( 112.7681726696171722, -38.36121521756554387, -55.03086281600964469 ) ) ;
#1253 = CARTESIAN_POINT ( 'NONE',  ( 80.91353433765367242, -26.40536262649183286, -23.37039655154860185 ) ) ;
#1254 = CARTESIAN_POINT ( 'NONE',  ( 75.07727001583438664, -6.729383157264061666, 31.63615914549125563 ) ) ;
#1255 = CARTESIAN_POINT ( 'NONE',  ( 0.000000000000000000, 1.339643116734070064E-06, 3.500000000000000000 ) ) ;
#1256 = CARTESIAN_POINT ( 'NONE',  ( 116.7201666410861378, -49.51571648649370161, -1.282486611553037781 ) ) ;
#1257 = B_SPLINE_CURVE_WITH_KNOTS ( 'NONE', 3,
 ( #3617, #419, #116, #93, #4347, #465 ),
 .UNSPECIFIED., .F., .F.,
 ( 4, 2, 4 ),
 ( 7.234755047994747711E-05, 0.0002358186959071832765, 0.0003992898413344190623 ),
 .UNSPECIFIED. ) ;
#1258 = VERTEX_POINT ( 'NONE', #871 ) ;
#1259 = EDGE_CURVE ( 'NONE', #722, #1188, #2942, .T. ) ;
#1260 = CARTESIAN_POINT ( 'NONE',  ( 44.07957387308893971, 35.05963110341688349, -1.876270268770645178 ) ) ;
#1261 = CARTESIAN_POINT ( 'NONE',  ( 83.54896141492176298, -22.21480758334398331, 26.09998571540458911 ) ) ;
#1262 = CIRCLE ( 'NONE', #3945, 3.000000000000004885 ) ;
#1263 = VECTOR ( 'NONE', #1221, 999.9999999999998863 ) ;
#1264 = CARTESIAN_POINT ( 'NONE',  ( 73.62321040937716532, -19.52046272058802856, -25.57925195902972959 ) ) ;
#1265 = CARTESIAN_POINT ( 'NONE',  ( 113.6732104093771625, -18.90206770490554078, 23.22054608498471140 ) ) ;
#1266 = CARTESIAN_POINT ( 'NONE',  ( 0.000000000000000000, 4.700487605611238351, -1.214892451353364544 ) ) ;
#1267 = AXIS2_PLACEMENT_3D ( 'NONE', #440, #2563, #4061 ) ;
#1268 = CARTESIAN_POINT ( 'NONE',  ( 115.0177809679165364, -21.23123275429396983, 21.78638583776360349 ) ) ;
#1269 = DIRECTION ( 'NONE',  ( 3.290533628671975231E-18, 0.4277609429282532849, 0.9038919048786375754 ) ) ;
#1270 = CARTESIAN_POINT ( 'NONE',  ( 116.2410738054653336, -31.32667434739075318, 25.79592018824980570 ) ) ;
#1271 = CARTESIAN_POINT ( 'NONE',  ( 130.9285526814335014, 1.434186421736033710E-05, -35.00000000000000000 ) ) ;
#1272 = CARTESIAN_POINT ( 'NONE',  ( 130.9298369111531315, -16.76270208563146014, -33.19462800384033585 ) ) ;
#1273 = CARTESIAN_POINT ( 'NONE',  ( 109.7271652298359328, -29.38571893414495406, -38.96581262849484517 ) ) ;
#1274 = CARTESIAN_POINT ( 'NONE',  ( 117.3189776973625129, -31.87966750198260968, 37.78556775050133609 ) ) ;
#1275 = CARTESIAN_POINT ( 'NONE',  ( 74.02160111919896224, -30.44377556593104828, -19.20603550699139106 ) ) ;
#1276 = EDGE_CURVE ( 'NONE', #2298, #31, #1128, .T. ) ;
#1277 = DIRECTION ( 'NONE',  ( 0.000000000000000000, 0.9038919048786373533, -0.4277609429282531739 ) ) ;
#1278 = CIRCLE ( 'NONE', #4342, 2.999999999999995115 ) ;
#1279 = VERTEX_POINT ( 'NONE', #2229 ) ;
#1280 = CARTESIAN_POINT ( 'NONE',  ( 125.1183577332007104, -39.62064578995136799, -54.43484551981673292 ) ) ;
#1281 = CARTESIAN_POINT ( 'NONE',  ( 81.51266654551515956, -23.38888653384394445, -25.15565094281960867 ) ) ;
#1282 = CARTESIAN_POINT ( 'NONE',  ( 0.000000000000000000, -3.922680848140412291, 2.208651666413133707 ) ) ;
#1283 = EDGE_CURVE ( 'NONE', #31, #1673, #208, .T. ) ;
#1284 = DIRECTION ( 'NONE',  ( 0.8856221592341900761, 0.4644064933583196275, 0.000000000000000000 ) ) ;
#1285 = CARTESIAN_POINT ( 'NONE',  ( 5.157310616045851503, -7.160682168904425993, 5.394358534533489902 ) ) ;
#1286 = ORIENTED_EDGE ( 'NONE', *, *, #4023, .F. ) ;
#1287 = CARTESIAN_POINT ( 'NONE',  ( 0.000000000000000000, 5.000000000000000000, -0.1401658594864814700 ) ) ;
#1288 = CARTESIAN_POINT ( 'NONE',  ( 80.86023219869426271, -26.30785176952569770, 23.41780056069055149 ) ) ;
#1289 = CARTESIAN_POINT ( 'NONE',  ( 117.3189776973625129, -31.87966750198260968, 37.78556775050133609 ) ) ;
#1290 = FACE_OUTER_BOUND ( 'NONE', #3299, .T. ) ;
#1291 = CARTESIAN_POINT ( 'NONE',  ( 27.94483090126537661, 26.50230112831797769, -4.303951532363322841 ) ) ;
#1292 = CARTESIAN_POINT ( 'NONE',  ( 123.8615284943279988, -40.68772847469791998, 53.92985560570649284 ) ) ;
#1293 = PLANE ( 'NONE',  #749 ) ;
#1294 = CARTESIAN_POINT ( 'NONE',  ( 93.41024062856287458, -29.10717837729461621, 24.00760508503209323 ) ) ;
#1295 = DIRECTION ( 'NONE',  ( -0.000000000000000000, 0.4277609429282543396, -0.9038919048786371313 ) ) ;
#1296 = CARTESIAN_POINT ( 'NONE',  ( 118.0916708396743076, -23.74514489878799139, -20.59669332744962489 ) ) ;
#1297 = CARTESIAN_POINT ( 'NONE',  ( 80.91353433765367242, -26.40536262649181509, 23.37039655154861251 ) ) ;
#1298 = CARTESIAN_POINT ( 'NONE',  ( 101.3732104093771511, -24.60066678471608981, -22.40447713717301781 ) ) ;
#1299 = CARTESIAN_POINT ( 'NONE',  ( 90.65713147022253793, -19.90270710872930238, -28.25716733925251845 ) ) ;
#1300 = ORIENTED_EDGE ( 'NONE', *, *, #1912, .F. ) ;
#1301 = CARTESIAN_POINT ( 'NONE',  ( 118.0916708396743076, -23.64537059685788734, -20.64391086446181589 ) ) ;
#1302 = CARTESIAN_POINT ( 'NONE',  ( 82.47619989483486336, -24.56884739998290357, -24.71013698116707857 ) ) ;
#1303 = CARTESIAN_POINT ( 'NONE',  ( 131.4035253038960889, -44.10174850981925943, 17.02099923888356514 ) ) ;
#1304 = CARTESIAN_POINT ( 'NONE',  ( 8.938605554753545235, 12.60242780272433016, 4.144432459937958058 ) ) ;
#1305 = CARTESIAN_POINT ( 'NONE',  ( 130.4656281614748252, -24.77073584794145944, 30.65165886919556471 ) ) ;
#1306 = ORIENTED_EDGE ( 'NONE', *, *, #4584, .T. ) ;
#1307 = CARTESIAN_POINT ( 'NONE',  ( 130.0000000000000568, 48.69516436027244310, 8.288434315813605124 ) ) ;
#1308 = CARTESIAN_POINT ( 'NONE',  ( 85.32473996866558252, -21.70459161481708321, 26.63585158771861572 ) ) ;
#1309 = CARTESIAN_POINT ( 'NONE',  ( 113.6732104093771625, -15.35165187860104652, -15.71824327449204084 ) ) ;
#1310 = CARTESIAN_POINT ( 'NONE',  ( 21.43113275287577579, 16.77696280965274056, -10.11035695390803468 ) ) ;
#1311 = CARTESIAN_POINT ( 'NONE',  ( 117.3189776973625129, -31.94848988441090754, 37.75299800732386046 ) ) ;
#1312 = CARTESIAN_POINT ( 'NONE',  ( -1.278143573239510503E-16, -25.10098275617752961, 19.95505191302336101 ) ) ;
#1313 = VERTEX_POINT ( 'NONE', #2579 ) ;
#1314 = CARTESIAN_POINT ( 'NONE',  ( 109.5939189487535401, -31.89169509465450503, 24.59766889352432884 ) ) ;
#1315 = DIRECTION ( 'NONE',  ( 0.000000000000000000, 0.9038919048786373533, -0.4277609429282533404 ) ) ;
#1316 = CARTESIAN_POINT ( 'NONE',  ( 135.7405809235568768, -45.38390250968454609, -65.67264148082701070 ) ) ;
#1317 = CARTESIAN_POINT ( 'NONE',  ( 80.60007192069555515, -25.39899247926389592, 23.89458812280992106 ) ) ;
#1318 = FACE_OUTER_BOUND ( 'NONE', #1168, .T. ) ;
#1319 = DIRECTION ( 'NONE',  ( -3.290533628671975231E-18, -0.4277609429282532849, -0.9038919048786373533 ) ) ;
#1320 = VERTEX_POINT ( 'NONE', #3931 ) ;
#1321 = LINE ( 'NONE', #3476, #1480 ) ;
#1322 =( BOUNDED_CURVE ( )  B_SPLINE_CURVE ( 3, ( #1035, #2055, #2139, #3845 ),
 .UNSPECIFIED., .F., .T. ) 
 B_SPLINE_CURVE_WITH_KNOTS ( ( 4, 4 ),
 ( 3.141592653589793116, 6.283185307179586232 ),
 .UNSPECIFIED. ) 
 CURVE ( )  GEOMETRIC_REPRESENTATION_ITEM ( )  RATIONAL_B_SPLINE_CURVE ( ( 1.000000000000000000, 0.3333333333333333703, 0.3333333333333333703, 1.000000000000000000 ) ) 
 REPRESENTATION_ITEM ( '' )  );
#1323 = CARTESIAN_POINT ( 'NONE',  ( 59.99977932697699856, -32.14827566823985450, 14.38711204658769205 ) ) ;
#1324 = CARTESIAN_POINT ( 'NONE',  ( 32.31490397883138854, 20.88773393358294683, 12.70911857775770493 ) ) ;
#1325 = CARTESIAN_POINT ( 'NONE',  ( 116.7311806466761652, -46.43679054510327120, 11.38478978835917133 ) ) ;
#1326 = LINE ( 'NONE', #165, #511 ) ;
#1327 = CARTESIAN_POINT ( 'NONE',  ( 65.28489289006368779, 39.61616420385484361, 7.603036229402921897 ) ) ;
#1328 = DIRECTION ( 'NONE',  ( 0.000000000000000000, 0.9416207588706306808, -0.3366754319279883778 ) ) ;
#1329 = AXIS2_PLACEMENT_3D ( 'NONE', #2409, #714, #3482 ) ;
#1330 = EDGE_CURVE ( 'NONE', #1887, #1740, #2533, .T. ) ;
#1331 = AXIS2_PLACEMENT_3D ( 'NONE', #182, #1987, #1962 ) ;
#1332 = CARTESIAN_POINT ( 'NONE',  ( 118.5272879372461716, -29.32330669148426949, -31.15416046740903155 ) ) ;
#1333 = CARTESIAN_POINT ( 'NONE',  ( 130.4672503463840485, 39.25253058578847742, -22.12025374207691542 ) ) ;
#1334 = CARTESIAN_POINT ( 'NONE',  ( 135.7405809235568768, -45.38390250968454609, 65.67264148082701070 ) ) ;
#1335 = DIRECTION ( 'NONE',  ( 0.000000000000000000, -0.4277609429282533404, 0.9038919048786374644 ) ) ;
#1336 = EDGE_CURVE ( 'NONE', #1908, #3680, #3634, .T. ) ;
#1337 = ORIENTED_EDGE ( 'NONE', *, *, #3084, .T. ) ;
#1338 = VECTOR ( 'NONE', #1056, 999.9999999999998863 ) ;
#1339 = CARTESIAN_POINT ( 'NONE',  ( 111.4343662764614606, -25.81521834504514956, -31.39551053919325341 ) ) ;
#1340 = CARTESIAN_POINT ( 'NONE',  ( 117.3189776973625129, -31.87966750198260968, -37.78556775050133609 ) ) ;
#1341 = VECTOR ( 'NONE', #2293, 999.9999999999998863 ) ;
#1342 = EDGE_CURVE ( 'NONE', #1481, #181, #1636, .T. ) ;
#1343 = CARTESIAN_POINT ( 'NONE',  ( 81.91788889661569328, -25.44735616020441071, 24.11765965061747252 ) ) ;
#1344 = CARTESIAN_POINT ( 'NONE',  ( 121.8861252089386795, -28.27281546284796221, 28.11804009991060482 ) ) ;
#1345 = CARTESIAN_POINT ( 'NONE',  ( 106.8732104093771511, -25.10098275617752961, -19.95505191302336101 ) ) ;
#1346 = EDGE_LOOP ( 'NONE', ( #3490, #4530, #4351, #1626 ) ) ;
#1347 = DIRECTION ( 'NONE',  ( 0.000000000000000000, 0.9038919048786374644, 0.4277609429282533404 ) ) ;
#1348 = EDGE_LOOP ( 'NONE', ( #331, #3866, #4109, #2854, #3985, #3258, #1370, #907 ) ) ;
#1349 = VECTOR ( 'NONE', #4594, 999.9999999999998863 ) ;
#1350 = CARTESIAN_POINT ( 'NONE',  ( 88.23893619298749513, -24.84161551870340645, -28.24553998885074080 ) ) ;
#1351 = CARTESIAN_POINT ( 'NONE',  ( 130.4678417679653819, -44.05663897915800931, 16.95636963250752771 ) ) ;
#1352 = CARTESIAN_POINT ( 'NONE',  ( 18.45344217075491144, 12.02768488102952027, 11.70572590285606651 ) ) ;
#1353 = CARTESIAN_POINT ( 'NONE',  ( 116.7250750566207245, -48.17102550674299977, 7.702935465272983784 ) ) ;
#1354 = CARTESIAN_POINT ( 'NONE',  ( 99.33841459175707200, -30.49368076327806776, -26.86530039287631411 ) ) ;
#1355 = CARTESIAN_POINT ( 'NONE',  ( 116.7584762257470317, 38.48085254729532778, 21.13891850179819443 ) ) ;
#1356 = CARTESIAN_POINT ( 'NONE',  ( 98.89309846223352451, -24.58010280069814968, 30.22432064206349978 ) ) ;
#1357 = EDGE_CURVE ( 'NONE', #2077, #1887, #3731, .T. ) ;
#1358 = CARTESIAN_POINT ( 'NONE',  ( 120.2433701700581992, -30.11291937086170378, -26.96328132713406589 ) ) ;
#1359 = CARTESIAN_POINT ( 'NONE',  ( 130.9288230455853466, 8.452187698498196511, -34.67531989879422127 ) ) ;
#1360 = EDGE_CURVE ( 'NONE', #228, #3145, #756, .T. ) ;
#1361 = DATE_TIME_ROLE ( 'classification_date' ) ;
#1362 = ORIENTED_EDGE ( 'NONE', *, *, #937, .F. ) ;
#1363 = PRODUCT_DEFINITION ( 'æœ', '', #1197, #1690 ) ;
#1364 = CARTESIAN_POINT ( 'NONE',  ( 74.31842620612934525, -18.84492531713110353, -26.02199272978849720 ) ) ;
#1365 = CARTESIAN_POINT ( 'NONE',  ( 116.9370847967340978, -31.27967326010202953, -38.06951110841072961 ) ) ;
#1366 = B_SPLINE_CURVE_WITH_KNOTS ( 'NONE', 3,
 ( #2400, #904, #1249, #639, #554, #4477, #1650, #1344, #3821, #3053, #2351, #704, #3907, #3886, #2136, #3561, #1783, #1407, #682, #355, #2532, #2094, #3207, #2811, #29, #729, #3608, #4, #1761, #314, #4234, #3181, #3955, #1032, #3930, #2506, #2159, #755, #4609, #3585, #2860, #2835, #1453, #2187, #3161, #1431 ),
 .UNSPECIFIED., .F., .F.,
 ( 4, 2, 2, 2, 2, 2, 2, 2, 2, 2, 2, 2, 2, 2, 2, 2, 2, 2, 2, 2, 2, 2, 4 ),
 ( 0.09240887271321349128, 0.09314550883248771951, 0.09388214495176196162, 0.09461878107103618984, 0.09535541719031043195, 0.09609205330958466018, 0.09682868942885890229, 0.09830196166740737262, 0.09977523390595585684, 0.1012485061445043272, 0.1041950506216013234, 0.1071415950986983195, 0.1100881395757953157, 0.1159812285299893081, 0.1218743174841832866, 0.1277674064383772790, 0.1307139509154743029, 0.1336604953925713268, 0.1351337676311198388, 0.1366070398696683785, 0.1380803121082169183, 0.1388169482274911604, 0.1395535843467654025 ),
 .UNSPECIFIED. ) ;
#1367 = CARTESIAN_POINT ( 'NONE',  ( 83.41951434439052093, -22.26369942350480002, 26.05436346827407945 ) ) ;
#1368 = CARTESIAN_POINT ( 'NONE',  ( 93.87321040937715111, -29.57207226154859470, 20.05179195106762791 ) ) ;
#1369 = CARTESIAN_POINT ( 'NONE',  ( 123.3232104093771824, -21.30515158963326527, -31.22064082669394125 ) ) ;
#1370 = ORIENTED_EDGE ( 'NONE', *, *, #4598, .F. ) ;
#1371 = CARTESIAN_POINT ( 'NONE',  ( 99.47588834050974071, -22.38930704154162044, 21.23833474180811720 ) ) ;
#1372 = VERTEX_POINT ( 'NONE', #2932 ) ;
#1373 = CARTESIAN_POINT ( 'NONE',  ( 92.49026265619013998, -23.20408012207728987, -27.07652808729126548 ) ) ;
#1374 = CARTESIAN_POINT ( 'NONE',  ( 65.28489289006371621, -39.61616276511876578, 7.603028941835444421 ) ) ;
#1375 = CARTESIAN_POINT ( 'NONE',  ( 131.4017510391518897, -39.30513438939788529, 22.18714947278244054 ) ) ;
#1376 = CARTESIAN_POINT ( 'NONE',  ( 90.74472995938108966, -29.36791317119027411, -25.92907690437055024 ) ) ;
#1377 = CARTESIAN_POINT ( 'NONE',  ( 130.4686021671415972, 50.01708879153876097, 1.405863351758321000 ) ) ;
#1378 = CARTESIAN_POINT ( 'NONE',  ( 93.87321040937715111, -15.35165187860103941, 15.71824327449204262 ) ) ;
#1379 = CARTESIAN_POINT ( 'NONE',  ( 118.7722181402805006, -29.02774036652800760, -31.59273091768047337 ) ) ;
#1380 = CARTESIAN_POINT ( 'NONE',  ( 2.190032415392461740, 0.4108458737562659668, -6.158470319802443527 ) ) ;
#1381 = COORDINATED_UNIVERSAL_TIME_OFFSET ( 8, 0, .AHEAD. ) ;
#1382 = DIRECTION ( 'NONE',  ( -3.290533628671975231E-18, -0.4277609429282532849, -0.9038919048786373533 ) ) ;
#1383 = DIRECTION ( 'NONE',  ( 0.000000000000000000, -0.9038919048786373533, 0.4277609429282533404 ) ) ;
#1384 = CARTESIAN_POINT ( 'NONE',  ( 103.6475518097073802, -21.06335503678887022, 29.42387103302535678 ) ) ;
#1385 = DIRECTION ( 'NONE',  ( 0.000000000000000000, -0.9038919048786374644, -0.4277609429282533404 ) ) ;
#1386 = CARTESIAN_POINT ( 'NONE',  ( 124.1232104093771937, -31.10409783159856900, 26.86080979759969267 ) ) ;
#1387 = ORIENTED_EDGE ( 'NONE', *, *, #1051, .T. ) ;
#1388 = CARTESIAN_POINT ( 'NONE',  ( 0.000000000000000000, 0.2803317189729622183, -3.500000000000000000 ) ) ;
#1389 = ORIENTED_EDGE ( 'NONE', *, *, #4122, .T. ) ;
#1390 = CARTESIAN_POINT ( 'NONE',  ( 89.53900102644198000, -24.72721692969823337, -28.58385087275570058 ) ) ;
#1391 = CARTESIAN_POINT ( 'NONE',  ( 89.81483668772438023, -41.57527998581220174, 13.86927415689880050 ) ) ;
#1392 = CARTESIAN_POINT ( 'NONE',  ( 131.3968844844238220, -24.83609363738964859, 30.69107468608293487 ) ) ;
#1393 = CARTESIAN_POINT ( 'NONE',  ( 135.2712400047656445, -44.96788199223365723, -65.86952047472193783 ) ) ;
#1394 = CARTESIAN_POINT ( 'NONE',  ( 0.000000000000000000, 3.922680848039705737, 2.208651666515998535 ) ) ;
#1395 = PLANE ( 'NONE',  #2315 ) ;
#1396 = EDGE_CURVE ( 'NONE', #1320, #2774, #1262, .T. ) ;
#1397 = CARTESIAN_POINT ( 'NONE',  ( 4.066130117077046080, -7.948461641568014713, -3.558495353620213741 ) ) ;
#1398 = CARTESIAN_POINT ( 'NONE',  ( 93.22600713602291478, -30.98013779992864869, 22.72691779419147551 ) ) ;
#1399 = CARTESIAN_POINT ( 'NONE',  ( 114.3421115198885332, -30.37921287473270482, -29.39877667317602317 ) ) ;
#1400 = CARTESIAN_POINT ( 'NONE',  ( 130.9298369111529041, 16.76270208563156316, -33.19462800384033585 ) ) ;
#1401 = ORIENTED_EDGE ( 'NONE', *, *, #4169, .F. ) ;
#1402 = CIRCLE ( 'NONE', #4100, 0.8000000000000014877 ) ;
#1403 = CARTESIAN_POINT ( 'NONE',  ( 113.7681933312400417, -26.29680663040474897, -31.50542771232126071 ) ) ;
#1404 = CARTESIAN_POINT ( 'NONE',  ( 117.3189776973625129, -31.87966750198260968, -37.78556775050133609 ) ) ;
#1405 = AXIS2_PLACEMENT_3D ( 'NONE', #4270, #1110, #3915 ) ;
#1406 = CARTESIAN_POINT ( 'NONE',  ( 97.71405734772247342, -24.54242974739303662, 30.06700991565829639 ) ) ;
#1407 = CARTESIAN_POINT ( 'NONE',  ( 117.9379537922544756, -30.98410822794630093, 26.20191363293070808 ) ) ;
#1408 = CARTESIAN_POINT ( 'NONE',  ( 121.3996499611511553, -27.37202140450862586, -31.84726050186123558 ) ) ;
#1409 = EDGE_LOOP ( 'NONE', ( #3310, #1920, #2500, #1520, #3610 ) ) ;
#1410 = CARTESIAN_POINT ( 'NONE',  ( 130.0000000000000000, 1.339643116750333096E-05, -35.00000000000000000 ) ) ;
#1411 = ORIENTED_EDGE ( 'NONE', *, *, #2367, .F. ) ;
#1412 = CARTESIAN_POINT ( 'NONE',  ( 85.48854629867230415, -23.72852393586149944, -25.70289177909069167 ) ) ;
#1413 = CARTESIAN_POINT ( 'NONE',  ( 0.000000000000000000, -4.403304394047800052, -1.692557972329556959 ) ) ;
#1414 = AXIS2_PLACEMENT_3D ( 'NONE', #822, #1925, #124 ) ;
#1415 = EDGE_CURVE ( 'NONE', #3408, #1802, #1125, .T. ) ;
#1416 = CARTESIAN_POINT ( 'NONE',  ( 0.000000000000000000, 1.339643116734070064E-06, 3.500000000000000000 ) ) ;
#1417 = CONICAL_SURFACE ( 'NONE', #3368, 5.800000000000003375, 0.7853981633974489451 ) ;
#1418 = CARTESIAN_POINT ( 'NONE',  ( 116.4384262143334183, -30.02914013047390895, -29.99804540266549679 ) ) ;
#1419 = APPROVAL ( #330, 'æœª' ) ;
#1420 = CARTESIAN_POINT ( 'NONE',  ( 23.91156834007554366, 9.350646429087943190, 15.98831962148295993 ) ) ;
#1421 = LINE ( 'NONE', #4250, #3655 ) ;
#1422 = CARTESIAN_POINT ( 'NONE',  ( 27.83312497149474041, -15.06310365413993146, -14.61505089214321984 ) ) ;
#1423 = CARTESIAN_POINT ( 'NONE',  ( 84.53209873165458532, -27.30903729341564912, 23.54265347144070120 ) ) ;
#1424 = CARTESIAN_POINT ( 'NONE',  ( 120.0422198609391984, -30.22227759107904177, -26.87967187700002114 ) ) ;
#1425 = CARTESIAN_POINT ( 'NONE',  ( 2.275309583650833023, -1.332650509361834823, -6.078275088103124446 ) ) ;
#1426 = ORIENTED_EDGE ( 'NONE', *, *, #4107, .F. ) ;
#1427 = CARTESIAN_POINT ( 'NONE',  ( 74.02252301702839077, -18.91386481892933702, -25.93446316727621337 ) ) ;
#1428 = CARTESIAN_POINT ( 'NONE',  ( 73.62321040937716532, -17.64387454085717621, 23.48407969221534231 ) ) ;
#1429 = CARTESIAN_POINT ( 'NONE',  ( 0.000000000000000000, 4.700487605599025009, 1.214892451258639428 ) ) ;
#1430 = CARTESIAN_POINT ( 'NONE',  ( 85.42080363930800502, -25.19458913571731884, 27.29729630727638678 ) ) ;
#1431 = CARTESIAN_POINT ( 'NONE',  ( 80.91353433765361558, -26.40536262649183286, 23.37039655154860185 ) ) ;
#1432 = LINE ( 'NONE', #2557, #72 ) ;
#1433 = ORIENTED_EDGE ( 'NONE', *, *, #3698, .F. ) ;
#1434 = CARTESIAN_POINT ( 'NONE',  ( 3.554467107526725567, 6.338546917832080574, -4.466851937318343069 ) ) ;
#1435 = ORIENTED_EDGE ( 'NONE', *, *, #1894, .F. ) ;
#1436 = CARTESIAN_POINT ( 'NONE',  ( 83.63137611066051136, -24.08814826685232902, -25.18432956568797465 ) ) ;
#1437 = CARTESIAN_POINT ( 'NONE',  ( 116.7201666410861378, -49.51571648649370161, -1.282498866652926228 ) ) ;
#1438 = CARTESIAN_POINT ( 'NONE',  ( 130.9285526814335014, 1.434186421736033710E-05, 35.00000000000000000 ) ) ;
#1439 = CARTESIAN_POINT ( 'NONE',  ( 73.62321040937716532, -19.32752450331342686, 25.66898794899035252 ) ) ;
#1440 = CARTESIAN_POINT ( 'NONE',  ( 117.3376195001398798, -29.80123696062216254, -30.34792214227390161 ) ) ;
#1441 = CARTESIAN_POINT ( 'NONE',  ( 3.042804097976388622, 4.625382396105250926, 5.196850558149336052 ) ) ;
#1442 = DIRECTION ( 'NONE',  ( -3.290533628671963290E-18, -0.4277609429282533404, 0.9038919048786374644 ) ) ;
#1443 = CARTESIAN_POINT ( 'NONE',  ( 5.157310616045735152, -7.160678349982282143, -5.394357666520082084 ) ) ;
#1444 = CARTESIAN_POINT ( 'NONE',  ( 85.30637170169109140, -27.87717775573430856, 25.44697563192017853 ) ) ;
#1445 = CARTESIAN_POINT ( 'NONE',  ( 83.44018637150819018, -26.89887597746517045, -23.57822231450282402 ) ) ;
#1446 = CARTESIAN_POINT ( 'NONE',  ( 130.4642763407167365, -2.811727573826050541, -35.00000000000000000 ) ) ;
#1447 = SECURITY_CLASSIFICATION_LEVEL ( 'unclassified' ) ;
#1448 = ORIENTED_EDGE ( 'NONE', *, *, #1971, .T. ) ;
#1449 = CARTESIAN_POINT ( 'NONE',  ( 120.6854829490986702, -41.10587424988709415, 53.73197084746163199 ) ) ;
#1450 = CARTESIAN_POINT ( 'NONE',  ( 83.10621434405572927, -26.61933403565803147, 25.10613583644859048 ) ) ;
#1451 = CARTESIAN_POINT ( 'NONE',  ( 4.066130117077038086, 7.948461641567989844, 3.558495353620214630 ) ) ;
#1452 = CARTESIAN_POINT ( 'NONE',  ( 96.16072682437233254, -23.17756483203958950, 27.61571627114986072 ) ) ;
#1453 = CARTESIAN_POINT ( 'NONE',  ( 81.45128567415456189, -27.13917817825953449, 23.03470974589152220 ) ) ;
#1454 = B_SPLINE_SURFACE_WITH_KNOTS ( 'NONE', 3, 3, ( 
 ( #1463, #1089, #2565, #3939 ),
 ( #1140, #3240, #4317, #3991 ),
 ( #786, #442, #4368, #1164 ),
 ( #2587, #4015, #3667, #2962 ),
 ( #484, #2008, #3388, #3712 ),
 ( #3433, #4455, #161, #229 ),
 ( #1604, #602, #1232, #2982 ),
 ( #1936, #4085, #3457, #2033 ),
 ( #557, #908, #2730, #1653 ),
 ( #2656, #4110, #3032, #1584 ),
 ( #3082, #1252, #253, #930 ),
 ( #2333, #4412, #3009, #1209 ),
 ( #4156, #3409, #4480, #4501 ),
 ( #2635, #2682, #505, #3735 ),
 ( #204, #3364, #4136, #3757 ),
 ( #4433, #1280, #4064, #882 ),
 ( #857, #2307, #2285, #1301 ),
 ( #952, #2376, #535, #3800 ) ),
 .UNSPECIFIED., .T., .F., .F.,
 ( 4, 1, 1, 1, 1, 2, 2, 2, 1, 1, 1, 1, 4 ),
 ( 4, 4 ),
 ( 0.000000000000000000, 0.01249999999999995559, 0.02499999999999991118, 0.03750000000000008882, 0.05000000000000004441, 0.2500000000000000000, 0.5000000000000000000, 0.7500000000000000000, 0.9499999999999999556, 0.9625000000000000222, 0.9749999999999999778, 0.9875000000000000444, 1.000000000000000000 ),
 ( 0.000000000000000000, 1.000000000000000000 ),
 .UNSPECIFIED. ) ;
#1455 = CARTESIAN_POINT ( 'NONE',  ( 123.7420956610460934, -21.40071353283379096, -31.21851282955287132 ) ) ;
#1456 = ORIENTED_EDGE ( 'NONE', *, *, #2659, .T. ) ;
#1457 = CARTESIAN_POINT ( 'NONE',  ( 116.8389263535342053, 7.812741146789260682, -34.60576119809061169 ) ) ;
#1458 = ORIENTED_EDGE ( 'NONE', *, *, #2855, .F. ) ;
#1459 = CARTESIAN_POINT ( 'NONE',  ( 117.6094711850560088, -27.63782263520681326, -31.59598158420158498 ) ) ;
#1460 = CARTESIAN_POINT ( 'NONE',  ( 42.11879555737949232, -32.76459179817737777, -5.522955702135679878 ) ) ;
#1461 = CARTESIAN_POINT ( 'NONE',  ( 21.11045646049058888, -4.138934613057677403, 16.82782680763708072 ) ) ;
#1462 = LINE ( 'NONE', #1515, #3435 ) ;
#1463 = CARTESIAN_POINT ( 'NONE',  ( 139.3799326301305541, -45.13319204520066563, -65.79128857138150011 ) ) ;
#1464 = CARTESIAN_POINT ( 'NONE',  ( 130.9312563229495083, 24.80341474266544566, 30.67136677763929598 ) ) ;
#1465 = CARTESIAN_POINT ( 'NONE',  ( 84.17385366739570429, -25.40882736556376997, 26.64184089814571621 ) ) ;
#1466 = CARTESIAN_POINT ( 'NONE',  ( 27.94483090126539082, -26.50230030860807773, -4.303947380310255255 ) ) ;
#1467 = ORIENTED_EDGE ( 'NONE', *, *, #431, .T. ) ;
#1468 = DIRECTION ( 'NONE',  ( 0.000000000000000000, 0.9038919048786373533, -0.4277609429282533404 ) ) ;
#1469 = CARTESIAN_POINT ( 'NONE',  ( 104.6525629322029118, -29.82692166067674222, -25.26697831727684473 ) ) ;
#1470 = CARTESIAN_POINT ( 'NONE',  ( 2.595098964619842796, -2.922528291292765257, -5.738001927305850458 ) ) ;
#1471 = EDGE_CURVE ( 'NONE', #4493, #2807, #2885, .T. ) ;
#1472 = APPROVAL_ROLE ( '' ) ;
#1473 = ORIENTED_EDGE ( 'NONE', *, *, #2172, .T. ) ;
#1474 = CARTESIAN_POINT ( 'NONE',  ( 117.3189776973625129, -31.87966750198260968, 37.78556775050133609 ) ) ;
#1475 = CARTESIAN_POINT ( 'NONE',  ( 83.33414338196875804, -26.80982817120240824, 25.15672142183068871 ) ) ;
#1476 = CARTESIAN_POINT ( 'NONE',  ( 116.7201666410861236, 49.51571648649370161, 1.282486611553035782 ) ) ;
#1477 = CARTESIAN_POINT ( 'NONE',  ( 111.4641016593650136, -40.21371350901957697, -55.39605053342883423 ) ) ;
#1478 = CARTESIAN_POINT ( 'NONE',  ( 113.2327071593445993, -22.23910729144812493, -29.97974684985814520 ) ) ;
#1479 = FACE_OUTER_BOUND ( 'NONE', #70, .T. ) ;
#1480 = VECTOR ( 'NONE', #642, 999.9999999999998863 ) ;
#1481 = VERTEX_POINT ( 'NONE', #4007 ) ;
#1482 = CARTESIAN_POINT ( 'NONE',  ( 116.8427573120004297, 2.564973223106074229, -35.00000000000000000 ) ) ;
#1483 = EDGE_LOOP ( 'NONE', ( #4405, #1226, #4393, #2879 ) ) ;
#1484 = CARTESIAN_POINT ( 'NONE',  ( 116.6275722564113693, -27.17358240076427833, -31.57893452924484379 ) ) ;
#1485 = CARTESIAN_POINT ( 'NONE',  ( 130.0000000000000853, -47.00483632677183721, -12.15046273773356944 ) ) ;
#1486 = CIRCLE ( 'NONE', #3943, 5.500000000000004441 ) ;
#1487 = ADVANCED_FACE ( 'NONE', ( #1835 ), #2760, .F. ) ;
#1488 = CARTESIAN_POINT ( 'NONE',  ( 23.91156834007562537, -9.350646429087897005, 15.98831962148295638 ) ) ;
#1489 = DIRECTION ( 'NONE',  ( 0.000000000000000000, 0.9038919048786395738, -0.4277609429282486775 ) ) ;
#1490 = DIRECTION ( 'NONE',  ( 2.974286709687526747E-18, 0.000000000000000000, 1.000000000000000000 ) ) ;
#1491 = VECTOR ( 'NONE', #71, 1000.000000000000114 ) ;
#1492 = CARTESIAN_POINT ( 'NONE',  ( 2.190032415392461740, 0.4108458737562659668, 6.158470319802443527 ) ) ;
#1493 = CARTESIAN_POINT ( 'NONE',  ( 74.42321040937716248, -39.14103645868046755, 68.90924287417722383 ) ) ;
#1494 = CIRCLE ( 'NONE', #3365, 0.8000000000000014877 ) ;
#1495 = CARTESIAN_POINT ( 'NONE',  ( 130.4682135186736787, -47.02488089423670203, -12.17748124141226995 ) ) ;
#1496 = VERTEX_POINT ( 'NONE', #1130 ) ;
#1497 = LINE ( 'NONE', #4394, #1864 ) ;
#1498 = VECTOR ( 'NONE', #2585, 999.9999999999998863 ) ;
#1499 = CARTESIAN_POINT ( 'NONE',  ( 89.41109070605759257, -30.31040634319428406, -22.50500091884075005 ) ) ;
#1500 = AXIS2_PLACEMENT_3D ( 'NONE', #3378, #1595, #1335 ) ;
#1501 = ORIENTED_EDGE ( 'NONE', *, *, #1471, .F. ) ;
#1502 = CARTESIAN_POINT ( 'NONE',  ( 139.3746786733645706, -45.15381751911216668, 65.78152770050624554 ) ) ;
#1503 = ADVANCED_FACE ( 'NONE', ( #1479 ), #1187, .F. ) ;
#1504 = CARTESIAN_POINT ( 'NONE',  ( 83.49346256974517644, -26.92480604962365121, 25.19065825462808661 ) ) ;
#1505 = CARTESIAN_POINT ( 'NONE',  ( 92.93658726354320265, 47.56355894079503344, -3.255749796728442558 ) ) ;
#1506 = CARTESIAN_POINT ( 'NONE',  ( 116.5176704389300539, -25.89957663403276200, 28.80435974276321076 ) ) ;
#1507 = CARTESIAN_POINT ( 'NONE',  ( 92.34112899834074994, -20.89517028248356922, -28.05389097478840199 ) ) ;
#1508 = DIRECTION ( 'NONE',  ( -0.000000000000000000, -0.4277609429282503428, -0.9038919048786389077 ) ) ;
#1509 = EDGE_LOOP ( 'NONE', ( #2629, #2573, #750, #1433 ) ) ;
#1510 = CARTESIAN_POINT ( 'NONE',  ( 0.000000000000000000, 3.922680848140406518, -2.208651666413131043 ) ) ;
#1511 = ORIENTED_EDGE ( 'NONE', *, *, #3418, .T. ) ;
#1512 = CARTESIAN_POINT ( 'NONE',  ( 115.4704397275599206, -26.76698470557683152, -31.55650219859320416 ) ) ;
#1513 = CARTESIAN_POINT ( 'NONE',  ( 129.9999999999996305, -44.03408421371362635, -16.92405482911923542 ) ) ;
#1514 = CARTESIAN_POINT ( 'NONE',  ( 113.6732104093771625, -23.92274785602176124, 22.72529784438593836 ) ) ;
#1515 = CARTESIAN_POINT ( 'NONE',  ( 73.62321040937716532, -29.84641525671879236, 17.70930696268391458 ) ) ;
#1516 = CARTESIAN_POINT ( 'NONE',  ( 73.62321040937716532, -29.12330173281588941, 18.05151571702651481 ) ) ;
#1517 = CARTESIAN_POINT ( 'NONE',  ( 0.000000000000000000, 1.670036308588881857, 3.317257051280105618 ) ) ;
#1518 = DIRECTION ( 'NONE',  ( 0.000000000000000000, 0.4277609429282533404, 0.9038919048786374644 ) ) ;
#1519 = CARTESIAN_POINT ( 'NONE',  ( 4.918901799660963192, -10.52716937784333773, 0.2054229368781329834 ) ) ;
#1520 = ORIENTED_EDGE ( 'NONE', *, *, #3190, .T. ) ;
#1521 = CYLINDRICAL_SURFACE ( 'NONE', #2684, 0.7999999999999999334 ) ;
#1522 = CARTESIAN_POINT ( 'NONE',  ( 83.81377740309896751, -28.67441311035643636, -22.53354644717645172 ) ) ;
#1523 = CARTESIAN_POINT ( 'NONE',  ( 82.52716308583556781, -19.41875968843888955, 27.23454906888656879 ) ) ;
#1524 = CARTESIAN_POINT ( 'NONE',  ( 107.1838509686983514, -30.79558012799657618, 27.98613698773883129 ) ) ;
#1525 = CARTESIAN_POINT ( 'NONE',  ( 130.9368579302145008, 48.73215474353756349, 8.329755850865186773 ) ) ;
#1526 = CARTESIAN_POINT ( 'NONE',  ( 118.1067118453402571, -27.96485206057594297, 31.61603780741288716 ) ) ;
#1527 = CARTESIAN_POINT ( 'NONE',  ( 109.4454958052574938, -21.64504996326765252, -29.82855168263006718 ) ) ;
#1528 = CARTESIAN_POINT ( 'NONE',  ( 118.7345590340519834, -29.13025592005450903, 31.48363707773258469 ) ) ;
#1529 = VERTEX_POINT ( 'NONE', #4285 ) ;
#1530 = CARTESIAN_POINT ( 'NONE',  ( 131.3928290221502380, 2.828548342018884387, -35.00000000000000000 ) ) ;
#1531 = CARTESIAN_POINT ( 'NONE',  ( 113.6732104093771625, -19.62926130788357781, -24.75716232327841126 ) ) ;
#1532 = CARTESIAN_POINT ( 'NONE',  ( 131.3932345683777214, -8.473263460978692763, -34.67761258304355465 ) ) ;
#1533 = DIRECTION ( 'NONE',  ( -0.000000000000000000, -0.4277609429282543396, -0.9038919048786371313 ) ) ;
#1534 = CARTESIAN_POINT ( 'NONE',  ( 116.0877889808479750, -31.36654213703044647, -25.75464809989832204 ) ) ;
#1535 = DIRECTION ( 'NONE',  ( 1.000000000000000000, -1.407561767737851879E-18, -2.974286709687526747E-18 ) ) ;
#1536 = CARTESIAN_POINT ( 'NONE',  ( 13.98690629757346215, -3.224254192620859438, 13.60264213475800688 ) ) ;
#1537 = CARTESIAN_POINT ( 'NONE',  ( 130.4642763407167365, 2.811727573826043436, 35.00000000000000000 ) ) ;
#1538 = CARTESIAN_POINT ( 'NONE',  ( 4.809640427829894982, -10.20805195618177841, 1.256106287931075149 ) ) ;
#1539 = EDGE_CURVE ( 'NONE', #2420, #488, #1432, .T. ) ;
#1540 = ORIENTED_EDGE ( 'NONE', *, *, #868, .T. ) ;
#1541 = LINE ( 'NONE', #2570, #2086 ) ;
#1542 = ADVANCED_FACE ( 'NONE', ( #356 ), #3192, .F. ) ;
#1543 = CARTESIAN_POINT ( 'NONE',  ( 87.92146664256122790, -28.19463015492997471, -23.62789592405512806 ) ) ;
#1544 = CARTESIAN_POINT ( 'NONE',  ( 102.8826055981937770, -20.52142366897000159, 29.56456320944946015 ) ) ;
#1545 = DIRECTION ( 'NONE',  ( 0.000000000000000000, 0.4277609429282532849, -0.9038919048786374644 ) ) ;
#1546 = CARTESIAN_POINT ( 'NONE',  ( 116.7211243807024914, 49.26500453136664959, -3.870402588335573046 ) ) ;
#1547 = CARTESIAN_POINT ( 'NONE',  ( 116.2546693373659110, -27.03164513395725166, 31.57298955516113637 ) ) ;
#1548 = CARTESIAN_POINT ( 'NONE',  ( 86.69673427897684803, -21.42431637333290340, -26.98523544320407908 ) ) ;
#1549 = CARTESIAN_POINT ( 'NONE',  ( 113.9128309850622287, -30.43131047648484966, 29.29465649086531442 ) ) ;
#1550 = ORIENTED_EDGE ( 'NONE', *, *, #1070, .T. ) ;
#1551 = CARTESIAN_POINT ( 'NONE',  ( 130.9345006927673580, 39.27883302803361687, -22.15370220203881502 ) ) ;
#1552 = CARTESIAN_POINT ( 'NONE',  ( 116.5234632762997080, -23.00608088709879695, -29.99075375483410610 ) ) ;
#1553 = CARTESIAN_POINT ( 'NONE',  ( 0.000000000000000000, -3.233442260921341571, -2.696813823512051123 ) ) ;
#1554 = EDGE_CURVE ( 'NONE', #4264, #3825, #2722, .T. ) ;
#1555 = DIRECTION ( 'NONE',  ( 0.000000000000000000, 0.4277609429282542286, 0.9038919048786369093 ) ) ;
#1556 = CARTESIAN_POINT ( 'NONE',  ( 106.5997341327653771, -31.93835435709657844, -24.15856248553437524 ) ) ;
#1557 = ORIENTED_EDGE ( 'NONE', *, *, #868, .F. ) ;
#1558 = DIRECTION ( 'NONE',  ( 0.000000000000000000, 0.9038919048786373533, 0.4277609429282533404 ) ) ;
#1559 = CARTESIAN_POINT ( 'NONE',  ( 5.157310616045735152, -7.160678349982282143, 5.394357666520082084 ) ) ;
#1560 = EDGE_CURVE ( 'NONE', #86, #1529, #2178, .T. ) ;
#1561 = CARTESIAN_POINT ( 'NONE',  ( 74.49647921103111514, 0.000000000000000000, 32.05332510539010826 ) ) ;
#1562 = CARTESIAN_POINT ( 'NONE',  ( 29.24757053094327830, -28.38556786667381004, -1.446162868157921055 ) ) ;
#1563 = VECTOR ( 'NONE', #2619, 999.9999999999998863 ) ;
#1564 = EDGE_CURVE ( 'NONE', #3439, #273, #2924, .T. ) ;
#1565 = VERTEX_POINT ( 'NONE', #4046 ) ;
#1566 = DIRECTION ( 'NONE',  ( -1.000000000000000000, 1.407561767737851301E-18, 2.974286709687526747E-18 ) ) ;
#1567 = CARTESIAN_POINT ( 'NONE',  ( 131.4058065014247632, 50.05126637461629002, -1.414274171009446190 ) ) ;
#1568 = AXIS2_PLACEMENT_3D ( 'NONE', #2374, #4235, #3887 ) ;
#1569 = DIRECTION ( 'NONE',  ( -3.290533628671975231E-18, -0.4277609429282532849, -0.9038919048786375754 ) ) ;
#1570 = CIRCLE ( 'NONE', #1947, 5.500000000000007105 ) ;
#1571 = LINE ( 'NONE', #3719, #890 ) ;
#1572 = LINE ( 'NONE', #869, #1263 ) ;
#1573 = VECTOR ( 'NONE', #4168, 1000.000000000000000 ) ;
#1574 = CARTESIAN_POINT ( 'NONE',  ( 0.000000000000000000, 4.975386527000265957, 0.4203602064379693970 ) ) ;
#1575 = CARTESIAN_POINT ( 'NONE',  ( 118.2930963362517360, -28.12592906649692637, 31.63145313825673455 ) ) ;
#1576 = CARTESIAN_POINT ( 'NONE',  ( 80.81286423344739944, -26.20789330958278285, -23.46749485897235132 ) ) ;
#1577 = CARTESIAN_POINT ( 'NONE',  ( 118.4068423679633639, -27.57997227114891459, 28.16513424147433398 ) ) ;
#1578 = ORIENTED_EDGE ( 'NONE', *, *, #3274, .F. ) ;
#1579 = DIRECTION ( 'NONE',  ( 0.000000000000000000, 0.4277609429282533404, 0.9038919048786374644 ) ) ;
#1580 = CARTESIAN_POINT ( 'NONE',  ( 3.042804097976382849, -4.625382396105252703, -5.196850558149330723 ) ) ;
#1581 = FACE_OUTER_BOUND ( 'NONE', #828, .T. ) ;
#1582 = CARTESIAN_POINT ( 'NONE',  ( 112.3233963053371554, -31.76362201956620979, -25.03853085627792652 ) ) ;
#1583 = EDGE_LOOP ( 'NONE', ( #2923, #3626, #3890, #779, #1644 ) ) ;
#1584 = CARTESIAN_POINT ( 'NONE',  ( 79.65474997908000887, -21.74965886018598127, -21.54104406769346980 ) ) ;
#1585 = CARTESIAN_POINT ( 'NONE',  ( 77.25523553384827835, -14.19327618537353963, 29.87147867257807476 ) ) ;
#1586 = CARTESIAN_POINT ( 'NONE',  ( 21.11045646049046454, 4.138923101424575535, 16.82782662198167145 ) ) ;
#1587 = CARTESIAN_POINT ( 'NONE',  ( 130.9372043342831944, -50.03417758307752905, 1.410068111271434610 ) ) ;
#1588 = CARTESIAN_POINT ( 'NONE',  ( 93.87321040937715111, -28.84487865857055411, 18.51517571277392804 ) ) ;
#1589 = CARTESIAN_POINT ( 'NONE',  ( 116.7311806466757247, 46.43678834253222476, -11.38477863178803950 ) ) ;
#1590 = DIRECTION ( 'NONE',  ( 0.000000000000000000, 0.9038919048786377974, -0.4277609429282521192 ) ) ;
#1591 = CARTESIAN_POINT ( 'NONE',  ( 108.0705324782445871, -25.10098275617752961, 19.95505191302336101 ) ) ;
#1592 = CARTESIAN_POINT ( 'NONE',  ( 121.6565371457189713, -26.12780639248391523, 29.12955228016831200 ) ) ;
#1593 = CARTESIAN_POINT ( 'NONE',  ( 116.7311806466760089, 46.43679054510317883, -11.38478978835919619 ) ) ;
#1594 = CARTESIAN_POINT ( 'NONE',  ( 134.6897895703582151, -44.99482117670721237, 65.85677168154222727 ) ) ;
#1595 = DIRECTION ( 'NONE',  ( 1.535862163992218536E-16, 0.9038919048786374644, 0.4277609429282533404 ) ) ;
#1596 = CARTESIAN_POINT ( 'NONE',  ( 118.3537326456478525, -27.22288803270305735, 28.30445456994018727 ) ) ;
#1597 = CARTESIAN_POINT ( 'NONE',  ( 134.6897895703582151, -45.13319204520066563, -65.79128857138150011 ) ) ;
#1598 = CARTESIAN_POINT ( 'NONE',  ( 129.9999999999997726, -16.70194809206813602, -33.17440851660807510 ) ) ;
#1599 = CARTESIAN_POINT ( 'NONE',  ( 90.13098277037555306, -30.50321985341679110, -38.43696261405080605 ) ) ;
#1600 = CARTESIAN_POINT ( 'NONE',  ( 83.58312246473360574, -25.52003693295951692, 26.22478411680054933 ) ) ;
#1601 = PLANE ( 'NONE',  #4332 ) ;
#1602 = CARTESIAN_POINT ( 'NONE',  ( 113.2698654689791198, -31.69335513905623003, -25.20385617656887689 ) ) ;
#1603 = ORIENTED_EDGE ( 'NONE', *, *, #2164, .F. ) ;
#1604 = CARTESIAN_POINT ( 'NONE',  ( 138.0702852415943767, -45.38390250968454609, -65.67264148082701070 ) ) ;
#1605 = CARTESIAN_POINT ( 'NONE',  ( 131.3947553667304931, -16.79308129404224914, 33.20473794008896817 ) ) ;
#1606 = CARTESIAN_POINT ( 'NONE',  ( 2.275309583650844125, 1.332650509361829494, 6.078275088103120893 ) ) ;
#1607 = CARTESIAN_POINT ( 'NONE',  ( 92.93658726354325950, -47.56355878076134047, -3.255739634032632335 ) ) ;
#1608 = CARTESIAN_POINT ( 'NONE',  ( 82.89179007587996750, -26.41223517897457285, -25.06083785404806363 ) ) ;
#1609 = CARTESIAN_POINT ( 'NONE',  ( 12.01090769245360868, 16.76639541303488556, -0.8608054725640874594 ) ) ;
#1610 = CARTESIAN_POINT ( 'NONE',  ( 120.4473479166883436, -24.72482452805140341, 29.64053613155455125 ) ) ;
#1611 = CARTESIAN_POINT ( 'NONE',  ( 120.6854829490986702, -38.36121521756554387, 55.03086281600964469 ) ) ;
#1612 = CARTESIAN_POINT ( 'NONE',  ( 123.3232104093771540, -29.84641525671879236, 17.70930696268391102 ) ) ;
#1613 = EDGE_CURVE ( 'NONE', #3983, #2580, #1497, .T. ) ;
#1614 = CARTESIAN_POINT ( 'NONE',  ( 65.28489289006368779, 39.61616420385484361, -7.603036229402921897 ) ) ;
#1615 = CARTESIAN_POINT ( 'NONE',  ( 96.22224898891042244, -29.38571893414495406, 38.96581262849484517 ) ) ;
#1616 = DIRECTION ( 'NONE',  ( 0.000000000000000000, 0.9038919048786369093, 0.4277609429282543396 ) ) ;
#1617 = EDGE_CURVE ( 'NONE', #4327, #759, #3246, .T. ) ;
#1618 = CARTESIAN_POINT ( 'NONE',  ( 116.7074550042835739, -31.24653744446277415, 25.90028831651208918 ) ) ;
#1619 = DIRECTION ( 'NONE',  ( -3.290533628671975231E-18, -0.4277609429282532849, -0.9038919048786373533 ) ) ;
#1620 = CARTESIAN_POINT ( 'NONE',  ( 8.938605554753639382, -12.60242953863765791, -4.144434369616155855 ) ) ;
#1621 = CARTESIAN_POINT ( 'NONE',  ( 139.0048509918063360, -45.30751158441105275, -65.70879298749477471 ) ) ;
#1622 = MANIFOLD_SOLID_BREP ( '¾µÏò2', #2915 ) ;
#1623 = CARTESIAN_POINT ( 'NONE',  ( 82.86396384525892245, -24.35860011790587976, 24.89701435553322639 ) ) ;
#1624 = CARTESIAN_POINT ( 'NONE',  ( 108.3817077872479899, -25.95650464203404084, 21.76283572278063971 ) ) ;
#1625 = FACE_OUTER_BOUND ( 'NONE', #4078, .T. ) ;
#1626 = ORIENTED_EDGE ( 'NONE', *, *, #538, .F. ) ;
#1627 = CARTESIAN_POINT ( 'NONE',  ( 93.87321040937715111, -24.60066678471608270, 22.40447713717302136 ) ) ;
#1628 = CARTESIAN_POINT ( 'NONE',  ( 82.68315283619077150, -26.12573965589185576, -25.05148708342230890 ) ) ;
#1629 = CARTESIAN_POINT ( 'NONE',  ( 131.3993177617880121, -32.42718045987636799, 27.05338242455827924 ) ) ;
#1630 = EDGE_CURVE ( 'NONE', #275, #3273, #769, .T. ) ;
#1631 = CARTESIAN_POINT ( 'NONE',  ( 2.321339412014962633, 1.946972759165340294, 5.840407883655048593 ) ) ;
#1632 = CARTESIAN_POINT ( 'NONE',  ( 131.4046405560212918, -47.06496979617570275, 12.23151706884632617 ) ) ;
#1633 = CARTESIAN_POINT ( 'NONE',  ( 85.42220314511892809, -27.92248278485535451, -25.45801214281372893 ) ) ;
#1634 = CARTESIAN_POINT ( 'NONE',  ( 116.7211243807022925, 49.26500433982775462, -3.870390424975469035 ) ) ;
#1635 = CARTESIAN_POINT ( 'NONE',  ( 81.13771013047407621, -23.79147025760662615, 24.87691643265943142 ) ) ;
#1636 = CIRCLE ( 'NONE', #891, 5.500000000000004441 ) ;
#1637 = VECTOR ( 'NONE', #3822, 999.9999999999998863 ) ;
#1638 = CARTESIAN_POINT ( 'NONE',  ( 109.1971438837503854, -38.97613547519667776, 54.73985581859074045 ) ) ;
#1639 = PLANE ( 'NONE',  #520 ) ;
#1640 = CARTESIAN_POINT ( 'NONE',  ( 91.41201140093397726, 44.67133707298888368, -9.764699495951344232 ) ) ;
#1641 = AXIS2_PLACEMENT_3D ( 'NONE', #1671, #1693, #201 ) ;
#1642 = CARTESIAN_POINT ( 'NONE',  ( 107.3587758326524977, -27.36071251830254170, 18.88564955573661308 ) ) ;
#1643 = CARTESIAN_POINT ( 'NONE',  ( 123.7270167774722438, -33.36939884343047424, 25.39086672178906667 ) ) ;
#1644 = ORIENTED_EDGE ( 'NONE', *, *, #384, .F. ) ;
#1645 = CARTESIAN_POINT ( 'NONE',  ( 100.8894094923700209, -29.72644779433455398, 24.78899242233164912 ) ) ;
#1646 = CARTESIAN_POINT ( 'NONE',  ( 124.1023786280804018, -21.88779200230041511, 31.07124102479689043 ) ) ;
#1647 = EDGE_CURVE ( 'NONE', #4161, #1742, #1541, .T. ) ;
#1648 = CARTESIAN_POINT ( 'NONE',  ( 109.7271652298359328, -34.37361606982027951, -36.60532287250782701 ) ) ;
#1649 = CARTESIAN_POINT ( 'NONE',  ( 81.67772221697981649, -23.24563310934832572, 25.25918195721227733 ) ) ;
#1650 = CARTESIAN_POINT ( 'NONE',  ( 121.9861625841816277, -27.84723695945110222, 28.34176424153277196 ) ) ;
#1651 = CYLINDRICAL_SURFACE ( 'NONE', #224, 0.7999999999999999334 ) ;
#1652 = ORIENTED_EDGE ( 'NONE', *, *, #2498, .F. ) ;
#1653 = CARTESIAN_POINT ( 'NONE',  ( 79.65474997908000887, -25.74063093739000152, -19.65234258720577998 ) ) ;
#1654 = CARTESIAN_POINT ( 'NONE',  ( 81.67772221698997726, -23.24563310935228699, -25.25918195721203574 ) ) ;
#1655 = CARTESIAN_POINT ( 'NONE',  ( 42.11879555737944969, -32.76459073064090433, 5.522950294782393854 ) ) ;
#1656 = CARTESIAN_POINT ( 'NONE',  ( 3.554467107526725567, 6.338546917832080574, 4.466851937318343069 ) ) ;
#1657 = CARTESIAN_POINT ( 'NONE',  ( 130.9345006927680402, -39.27883248759326307, 22.15370160742964956 ) ) ;
#1658 = ORIENTED_EDGE ( 'NONE', *, *, #3077, .T. ) ;
#1659 = CARTESIAN_POINT ( 'NONE',  ( 130.4682135186733376, 47.02488089423645334, -12.17748124141221666 ) ) ;
#1660 = CARTESIAN_POINT ( 'NONE',  ( 113.6732104093771625, -23.24482892739813167, 23.04611855156539946 ) ) ;
#1661 = CARTESIAN_POINT ( 'NONE',  ( 115.0177809679165364, -21.23123275429396983, 21.78638583776360349 ) ) ;
#1662 = DIRECTION ( 'NONE',  ( 8.659560562354939021E-17, -0.3366754319279903207, -0.9416207588706300147 ) ) ;
#1663 = CARTESIAN_POINT ( 'NONE',  ( 11.18374942461131205, 15.66263281114360950, -2.394051194909099678 ) ) ;
#1664 = CARTESIAN_POINT ( 'NONE',  ( 118.0486133214183013, -24.04259078228984592, 20.45592900495692490 ) ) ;
#1665 = DIRECTION ( 'NONE',  ( -0.000000000000000000, 0.4277609429282503428, -0.9038919048786389077 ) ) ;
#1666 = ORIENTED_EDGE ( 'NONE', *, *, #4164, .T. ) ;
#1667 = CARTESIAN_POINT ( 'NONE',  ( 85.69241595037448178, -28.02706814040753613, 25.48438180428194144 ) ) ;
#1668 = FACE_OUTER_BOUND ( 'NONE', #1765, .T. ) ;
#1669 = LINE ( 'NONE', #3471, #3806 ) ;
#1670 = CARTESIAN_POINT ( 'NONE',  ( 117.5517712539160442, -22.87531150253656875, 21.00833630352092030 ) ) ;
#1671 = CARTESIAN_POINT ( 'NONE',  ( 93.87321040937715111, -23.87347318173804922, 20.86786089887932860 ) ) ;
#1672 = DIRECTION ( 'NONE',  ( 0.000000000000000000, 0.9038919048786373533, -0.4277609429282533404 ) ) ;
#1673 = VERTEX_POINT ( 'NONE', #447 ) ;
#1674 = CARTESIAN_POINT ( 'NONE',  ( 20.36349329260115582, 0.000000000000000000, -17.02055174897400036 ) ) ;
#1675 = CARTESIAN_POINT ( 'NONE',  ( 80.62315466822448684, -25.60399047612509094, -23.78189294792319686 ) ) ;
#1676 = CARTESIAN_POINT ( 'NONE',  ( 130.4684289651071367, -48.71365955192084130, 8.309095083763615719 ) ) ;
#1677 = CARTESIAN_POINT ( 'NONE',  ( 0.000000000000000000, 4.403304394020889134, 1.692557972472430894 ) ) ;
#1678 = ADVANCED_FACE ( 'NONE', ( #839 ), #3275, .F. ) ;
#1679 = CARTESIAN_POINT ( 'NONE',  ( 24.40882333499691370, -21.28582155377094765, 8.100444236572016621 ) ) ;
#1680 = EDGE_LOOP ( 'NONE', ( #1103, #4548, #3312, #772 ) ) ;
#1681 = CARTESIAN_POINT ( 'NONE',  ( 93.08178496474421593, 47.82351979117675711, 1.071559035138546889 ) ) ;
#1682 = EDGE_CURVE ( 'NONE', #3756, #3846, #4352, .T. ) ;
#1683 = CARTESIAN_POINT ( 'NONE',  ( 112.9898666946266275, -26.12317960281815843, 31.47319251572795196 ) ) ;
#1684 = EDGE_CURVE ( 'NONE', #4628, #2298, #4551, .T. ) ;
#1685 = CARTESIAN_POINT ( 'NONE',  ( 115.5157520874740271, -28.96109023665555071, -27.14153998537841161 ) ) ;
#1686 = CARTESIAN_POINT ( 'NONE',  ( 4.673729940918082804, 9.800771282946829643, -1.873031465969047460 ) ) ;
#1687 = CARTESIAN_POINT ( 'NONE',  ( 139.3746786733645706, -45.15381751911216668, 65.78152770050624554 ) ) ;
#1688 = DIRECTION ( 'NONE',  ( 0.8856221592341900761, 0.4644064933583196275, 0.000000000000000000 ) ) ;
#1689 = VERTEX_POINT ( 'NONE', #99 ) ;
#1690 = DESIGN_CONTEXT ( 'detailed design', #3334, 'design' ) ;
#1691 = CARTESIAN_POINT ( 'NONE',  ( 116.4331114268028102, -27.09680744173509837, -31.57578008295130445 ) ) ;
#1692 = CARTESIAN_POINT ( 'NONE',  ( 74.42321040937713406, -30.56002895521314144, 19.21722781413889081 ) ) ;
#1693 = DIRECTION ( 'NONE',  ( -0.000000000000000000, 0.4277609429282543396, -0.9038919048786371313 ) ) ;
#1694 = CARTESIAN_POINT ( 'NONE',  ( 81.45128567415453347, -27.13917817825955225, -23.03470974589150089 ) ) ;
#1695 = EDGE_LOOP ( 'NONE', ( #1935, #698, #1550, #3143 ) ) ;
#1696 = DIRECTION ( 'NONE',  ( -3.290533628671975231E-18, -0.4277609429282532849, 0.9038919048786375754 ) ) ;
#1697 = ORIENTED_EDGE ( 'NONE', *, *, #4241, .T. ) ;
#1698 = CARTESIAN_POINT ( 'NONE',  ( 81.08701117325377083, -23.85853183011239054, -24.83209329081051209 ) ) ;
#1699 = CARTESIAN_POINT ( 'NONE',  ( 4.809640427829905640, -10.20805179897553039, 1.256104403120215540 ) ) ;
#1700 = ADVANCED_FACE ( 'NONE', ( #2270 ), #1521, .T. ) ;
#1701 = CARTESIAN_POINT ( 'NONE',  ( 129.9999999999996589, 39.22622868376744520, 22.08680587660836991 ) ) ;
#1702 = CARTESIAN_POINT ( 'NONE',  ( 116.7814619765428716, -31.46972986994565957, 26.16320898055604616 ) ) ;
#1703 = CARTESIAN_POINT ( 'NONE',  ( 134.6891623085506353, -45.09984746688173374, -65.80706867538097526 ) ) ;
#1704 = CARTESIAN_POINT ( 'NONE',  ( 67.23203999225346195, 42.30010019038844860, 2.542608884049185836 ) ) ;
#1705 = ADVANCED_FACE ( 'NONE', ( #2948 ), #4373, .T. ) ;
#1706 = CARTESIAN_POINT ( 'NONE',  ( 108.3129337786992750, -25.32028446187871040, 31.19595947712285167 ) ) ;
#1707 = CIRCLE ( 'NONE', #2302, 5.500000000000003553 ) ;
#1708 = AXIS2_PLACEMENT_3D ( 'NONE', #685, #3122, #3865 ) ;
#1709 = CARTESIAN_POINT ( 'NONE',  ( 114.8331043284075292, -31.52580037832224846, -25.50258646652912020 ) ) ;
#1710 = CARTESIAN_POINT ( 'NONE',  ( 2.321339412015009263, 1.946978140744365149, -5.840407970451193087 ) ) ;
#1711 = CALENDAR_DATE ( 2025, 8, 12 ) ;
#1712 = VECTOR ( 'NONE', #1792, 999.9999999999998863 ) ;
#1713 = CARTESIAN_POINT ( 'NONE',  ( 103.6103387018177955, -24.84026362008253841, -30.77542818136072000 ) ) ;
#1714 = CARTESIAN_POINT ( 'NONE',  ( 118.0916708396743076, -23.64537059685788734, -20.64391086446181589 ) ) ;
#1715 = CIRCLE ( 'NONE', #668, 5.800000000000006040 ) ;
#1716 = CARTESIAN_POINT ( 'NONE',  ( 84.73210534109016123, -21.84783401550473769, 26.47223040566128205 ) ) ;
#1717 = DIRECTION ( 'NONE',  ( 0.000000000000000000, -0.9038919048786373533, 0.4277609429282533404 ) ) ;
#1718 = CARTESIAN_POINT ( 'NONE',  ( 124.1232104093770658, -32.79165355247891256, 25.80302638871579646 ) ) ;
#1719 = VERTEX_POINT ( 'NONE', #1921 ) ;
#1720 = CARTESIAN_POINT ( 'NONE',  ( 130.4642763407167365, 1.386914769243183403E-05, -35.00000000000000000 ) ) ;
#1721 = ORIENTED_EDGE ( 'NONE', *, *, #3218, .F. ) ;
#1722 = CIRCLE ( 'NONE', #4254, 5.800000000000006040 ) ;
#1723 = CARTESIAN_POINT ( 'NONE',  ( 90.42678670221880566, -24.66894175658783084, -28.78467540894374821 ) ) ;
#1724 = CARTESIAN_POINT ( 'NONE',  ( 130.9364270373474142, -47.04492546175757894, 12.20449974544967198 ) ) ;
#1725 = CARTESIAN_POINT ( 'NONE',  ( 40.06464684568376811, 30.32165101636546822, 7.768913411591241491 ) ) ;
#1726 = AXIS2_PLACEMENT_3D ( 'NONE', #1738, #2462, #1717 ) ;
#1727 = CARTESIAN_POINT ( 'NONE',  ( 26.58005605112655090, -24.49956092343667180, 6.089034298033803694 ) ) ;
#1728 = DIRECTION ( 'NONE',  ( 0.000000000000000000, 0.9038919048786374644, -0.4277609429282532849 ) ) ;
#1729 = CARTESIAN_POINT ( 'NONE',  ( 43.30926810620319145, 34.16657762154288491, 3.735814599599776464 ) ) ;
#1730 = CARTESIAN_POINT ( 'NONE',  ( 114.9225192391469363, -26.60565755958149126, 31.54211994854426493 ) ) ;
#1731 = CARTESIAN_POINT ( 'NONE',  ( 115.5886310153008623, -30.19378932345583877, -29.73171899707467958 ) ) ;
#1732 = CARTESIAN_POINT ( 'NONE',  ( 131.3928290221502380, -2.828548342018891049, -35.00000000000000000 ) ) ;
#1733 = MECHANICAL_CONTEXT ( 'NONE', #4527, 'mechanical' ) ;
#1734 = VERTEX_POINT ( 'NONE', #470 ) ;
#1735 = CARTESIAN_POINT ( 'NONE',  ( 87.22988415506944193, -24.94377750095673107, -27.96445342532837586 ) ) ;
#1736 = DIRECTION ( 'NONE',  ( 0.000000000000000000, -0.9038919048786373533, -0.4277609429282533404 ) ) ;
#1737 = CARTESIAN_POINT ( 'NONE',  ( 87.48692550128671996, -21.31833931495476619, 27.15438852422532534 ) ) ;
#1738 = CARTESIAN_POINT ( 'NONE',  ( 113.6732104093771625, -20.32305735543355496, -13.36555808838664561 ) ) ;
#1739 = CARTESIAN_POINT ( 'NONE',  ( 99.47588834050972650, -25.10098275617752961, 19.95505191302336101 ) ) ;
#1740 = VERTEX_POINT ( 'NONE', #816 ) ;
#1741 = CARTESIAN_POINT ( 'NONE',  ( 93.87321040937715111, -25.29446283226605985, -11.01287290228125393 ) ) ;
#1742 = VERTEX_POINT ( 'NONE', #3972 ) ;
#1743 = CARTESIAN_POINT ( 'NONE',  ( 95.86728759911024156, -24.51584615755323782, -29.79756234656523617 ) ) ;
#1744 = CARTESIAN_POINT ( 'NONE',  ( 92.93658726354325950, -47.56355878076134047, 3.255739634032632335 ) ) ;
#1745 = EDGE_CURVE ( 'NONE', #2420, #3825, #1937, .T. ) ;
#1746 = CARTESIAN_POINT ( 'NONE',  ( 75.07727001583475612, -6.729403002611721085, 31.63615946554426017 ) ) ;
#1747 = CARTESIAN_POINT ( 'NONE',  ( 107.1838509686983798, -30.79558012799657618, -27.98613698773883840 ) ) ;
#1748 = CARTESIAN_POINT ( 'NONE',  ( 92.33764674608974587, 46.44170953549819814, 6.548534034061286313 ) ) ;
#1749 = CARTESIAN_POINT ( 'NONE',  ( 93.87321040937715111, -18.90206770490553723, 23.22054608498472916 ) ) ;
#1750 = CARTESIAN_POINT ( 'NONE',  ( 7.047958085399766759, -9.954669504979959171, -4.895579428054211313 ) ) ;
#1751 = CARTESIAN_POINT ( 'NONE',  ( 82.76586219373059805, -26.25595118226896219, 25.04627887446519452 ) ) ;
#1752 = CARTESIAN_POINT ( 'NONE',  ( 116.3693268983265767, -30.04425797721282976, -29.97445139947461712 ) ) ;
#1753 = CARTESIAN_POINT ( 'NONE',  ( 3.502994080361101936, 4.427754768280689923, -5.692901387999838470 ) ) ;
#1754 = DATE_AND_TIME ( #1025, #3880 ) ;
#1755 = ORIENTED_EDGE ( 'NONE', *, *, #1218, .T. ) ;
#1756 = LINE ( 'NONE', #4581, #1108 ) ;
#1757 = DIRECTION ( 'NONE',  ( 0.000000000000000000, 0.9038919048786374644, -0.4277609429282533404 ) ) ;
#1758 = EDGE_CURVE ( 'NONE', #2743, #4161, #2248, .T. ) ;
#1759 = EDGE_CURVE ( 'NONE', #181, #3846, #4397, .T. ) ;
#1760 = CARTESIAN_POINT ( 'NONE',  ( 90.42678670224505311, -24.66894175658242716, 28.78467540894283516 ) ) ;
#1761 = CARTESIAN_POINT ( 'NONE',  ( 98.93275258025346375, -31.60046303775238030, 23.24293026327995548 ) ) ;
#1762 = CARTESIAN_POINT ( 'NONE',  ( 118.3110384117056384, -27.42878408622646802, 28.21771350813269663 ) ) ;
#1763 = ORIENTED_EDGE ( 'NONE', *, *, #2659, .F. ) ;
#1764 = DIRECTION ( 'NONE',  ( 0.000000000000000000, 0.4277609429282503428, 0.9038919048786389077 ) ) ;
#1765 = EDGE_LOOP ( 'NONE', ( #874, #43, #3911, #4382 ) ) ;
#1766 = CARTESIAN_POINT ( 'NONE',  ( 86.71799001563199738, -23.57072303251990419, -25.99203430461475506 ) ) ;
#1767 = CARTESIAN_POINT ( 'NONE',  ( 116.7211243807027330, -49.26500453136669222, -3.870402588335551286 ) ) ;
#1768 = CARTESIAN_POINT ( 'NONE',  ( 77.25523553384775255, -14.19329362672763928, 29.87148019277350386 ) ) ;
#1769 = CARTESIAN_POINT ( 'NONE',  ( 113.4095713323094969, -30.49074292614361781, -29.17406319998254460 ) ) ;
#1770 = CARTESIAN_POINT ( 'NONE',  ( 59.99977932697721172, 32.14828067248720345, 14.38711755128788639 ) ) ;
#1771 = DIRECTION ( 'NONE',  ( -3.290533628671975231E-18, -0.4277609429282532849, 0.9038919048786375754 ) ) ;
#1772 = CARTESIAN_POINT ( 'NONE',  ( 129.9999999999999432, -47.00483632671583223, -12.15046273737486615 ) ) ;
#1773 = CARTESIAN_POINT ( 'NONE',  ( 84.71127026891807077, -29.03616207099073065, 22.47232735099350975 ) ) ;
#1774 = CARTESIAN_POINT ( 'NONE',  ( 120.6222277360732278, -29.87273756921096535, -27.13811376119900842 ) ) ;
#1775 = CARTESIAN_POINT ( 'NONE',  ( 0.000000000000000000, 1.670036308588881857, -3.317257051280105618 ) ) ;
#1776 = APPROVAL_DATE_TIME ( #1754, #1419 ) ;
#1777 = ORIENTED_EDGE ( 'NONE', *, *, #1554, .F. ) ;
#1778 = VECTOR ( 'NONE', #3564, 1000.000000000000227 ) ;
#1779 = CARTESIAN_POINT ( 'NONE',  ( 108.3129337786991755, -25.32028446187867843, -31.19595947712283390 ) ) ;
#1780 = CARTESIAN_POINT ( 'NONE',  ( 115.0177809679165364, -21.23123275429396983, -21.78638583776360349 ) ) ;
#1781 = AXIS2_PLACEMENT_3D ( 'NONE', #2507, #1508, #2908 ) ;
#1782 = CARTESIAN_POINT ( 'NONE',  ( 109.4083641135158018, -21.64015229182174593, 29.82659748458054949 ) ) ;
#1783 = CARTESIAN_POINT ( 'NONE',  ( 118.8397534713365644, -30.72545528589309072, 26.45728886432714333 ) ) ;
#1784 = CARTESIAN_POINT ( 'NONE',  ( 113.6732104093771625, -23.74514489885957857, 20.59669332741573555 ) ) ;
#1785 = VERTEX_POINT ( 'NONE', #3672 ) ;
#1786 = CARTESIAN_POINT ( 'NONE',  ( 0.000000000000000000, 2.473873534356181736, -3.063308152908780890 ) ) ;
#1787 = EDGE_LOOP ( 'NONE', ( #3816, #2465, #708, #608, #1540 ) ) ;
#1788 = CARTESIAN_POINT ( 'NONE',  ( 90.67830227746250671, -23.26602922870574019, -26.77495885841300094 ) ) ;
#1789 = CARTESIAN_POINT ( 'NONE',  ( 4.673729940918094350, -9.800771282946831420, -1.873031465969044351 ) ) ;
#1790 = AXIS2_PLACEMENT_3D ( 'NONE', #2903, #1880, #2624 ) ;
#1791 = CARTESIAN_POINT ( 'NONE',  ( 116.8427573120004297, -2.564997733305853345, 35.00000000000000000 ) ) ;
#1792 = DIRECTION ( 'NONE',  ( 3.290533628671963290E-18, 0.4277609429282533404, -0.9038919048786374644 ) ) ;
#1793 = VECTOR ( 'NONE', #3645, 1000.000000000000000 ) ;
#1794 = CARTESIAN_POINT ( 'NONE',  ( 111.0869244500318871, -30.67286593755774859, -28.68634639485448190 ) ) ;
#1795 = CARTESIAN_POINT ( 'NONE',  ( 3.502994080361101936, 4.427754768280689923, 5.692901387999838470 ) ) ;
#1796 = CARTESIAN_POINT ( 'NONE',  ( 113.6732104093771625, -23.87347318173805633, -20.86786089887933571 ) ) ;
#1797 = CARTESIAN_POINT ( 'NONE',  ( 116.8044477273391095, -23.81194477353716366, -30.07343981138154376 ) ) ;
#1798 = CARTESIAN_POINT ( 'NONE',  ( 99.00976284266687344, -29.62435074456604411, 24.57101358699167193 ) ) ;
#1799 = CARTESIAN_POINT ( 'NONE',  ( 86.56425591453580637, -29.64111360291477837, -22.42788049214349400 ) ) ;
#1800 = CARTESIAN_POINT ( 'NONE',  ( 20.36349329260115582, -1.243180350113175070, -17.02055174897400036 ) ) ;
#1801 = PERSON_AND_ORGANIZATION_ROLE ( 'creator' ) ;
#1802 = VERTEX_POINT ( 'NONE', #3624 ) ;
#1803 = DIRECTION ( 'NONE',  ( 3.290533628671976001E-18, 0.4277609429282533404, 0.9038919048786374644 ) ) ;
#1804 = CARTESIAN_POINT ( 'NONE',  ( 139.3746786733645706, -45.11256657128916459, -65.80104944225678310 ) ) ;
#1805 = CARTESIAN_POINT ( 'NONE',  ( 130.4682135186733376, 47.02488089423645334, 12.17748124141221666 ) ) ;
#1806 = CARTESIAN_POINT ( 'NONE',  ( 92.49026265615582076, -23.20408012207899162, 27.07652808729622151 ) ) ;
#1807 = CARTESIAN_POINT ( 'NONE',  ( 73.62321040937716532, -39.86414998258337761, 68.56703411983463070 ) ) ;
#1808 = CARTESIAN_POINT ( 'NONE',  ( 99.16471303150633787, -18.96721949811559682, -14.00719950277902726 ) ) ;
#1809 = ORIENTED_EDGE ( 'NONE', *, *, #319, .T. ) ;
#1810 = CARTESIAN_POINT ( 'NONE',  ( 21.43113275287594632, 16.77695824787684131, -10.11035467309839753 ) ) ;
#1811 = ORIENTED_EDGE ( 'NONE', *, *, #513, .T. ) ;
#1812 = CARTESIAN_POINT ( 'NONE',  ( 106.5293147307131818, -21.31544430275358692, -29.64558518275857679 ) ) ;
#1813 = CARTESIAN_POINT ( 'NONE',  ( 130.9371367432453894, -49.79300440040366738, -4.228214458201188464 ) ) ;
#1814 = CARTESIAN_POINT ( 'NONE',  ( 121.0050943641345214, -35.16538495425567135, -44.72854245617989477 ) ) ;
#1815 = CARTESIAN_POINT ( 'NONE',  ( 74.42321040937716248, -50.62046365063917364, -63.47667889898838922 ) ) ;
#1816 = DIRECTION ( 'NONE',  ( 0.000000000000000000, 0.9038919048786387966, 0.4277609429282502318 ) ) ;
#1817 = CARTESIAN_POINT ( 'NONE',  ( 130.4644115227928012, 8.431111936017773090, 34.67302721454487369 ) ) ;
#1818 = EDGE_CURVE ( 'NONE', #1915, #2729, #424, .T. ) ;
#1819 = CARTESIAN_POINT ( 'NONE',  ( 118.7763173811389521, -28.91941495697900777, -31.65753788272757774 ) ) ;
#1820 = CARTESIAN_POINT ( 'NONE',  ( 21.43113275287602448, -16.77695824787678802, -10.11035467309839753 ) ) ;
#1821 = EDGE_LOOP ( 'NONE', ( #4613, #1809, #2069, #2098, #3692, #3498, #1306, #58, #3087, #98 ) ) ;
#1822 = CARTESIAN_POINT ( 'NONE',  ( 108.3817077872479899, -22.51763532442009819, 21.50950231327171025 ) ) ;
#1823 = EDGE_CURVE ( 'NONE', #2897, #4212, #516, .T. ) ;
#1824 = CARTESIAN_POINT ( 'NONE',  ( 82.86113221656250971, -26.38907568402576231, -25.04953742336067180 ) ) ;
#1825 = CARTESIAN_POINT ( 'NONE',  ( 130.0000000000004832, -16.70194809373165512, -33.17440851663061352 ) ) ;
#1826 = EDGE_LOOP ( 'NONE', ( #33, #2926, #4460, #1300 ) ) ;
#1827 = EDGE_CURVE ( 'NONE', #3121, #1313, #2640, .T. ) ;
#1828 = CARTESIAN_POINT ( 'NONE',  ( 82.72332730668152578, -25.79013929932552074, -25.31663764691300855 ) ) ;
#1829 = ADVANCED_FACE ( 'NONE', ( #864 ), #2989, .T. ) ;
#1830 = CARTESIAN_POINT ( 'NONE',  ( 108.3817077872479899, -25.22931103905601447, 20.22621948448696116 ) ) ;
#1831 = CARTESIAN_POINT ( 'NONE',  ( 0.000000000000000000, 4.975386526993265335, -0.4203602061403945989 ) ) ;
#1832 = CARTESIAN_POINT ( 'NONE',  ( 117.6094711850560088, -27.63782263520681326, 31.59598158420158498 ) ) ;
#1833 = CARTESIAN_POINT ( 'NONE',  ( 119.2113726765286970, -23.98604885307197065, -29.83942482239602967 ) ) ;
#1834 = B_SPLINE_SURFACE_WITH_KNOTS ( 'NONE', 3, 3, ( 
 ( #3580, #381, #1474, #4376 ),
 ( #2597, #472, #2902, #821 ),
 ( #1502, #4329, #1853, #773 ),
 ( #3303, #4398, #1150, #3627 ),
 ( #2252, #3227, #1901, #428 ),
 ( #25, #3276, #77, #2927 ),
 ( #2574, #1449, #3324, #123 ),
 ( #4510, #3068, #1948, #2623 ),
 ( #3417, #1219, #2996, #240 ),
 ( #4488, #1638, #4072, #3395 ),
 ( #3444, #4123, #1239, #3697 ),
 ( #2341, #1611, #892, #213 ),
 ( #2273, #3018, #3744, #1661 ),
 ( #3766, #517, #4440, #4421 ),
 ( #2362, #2715, #4051, #3788 ),
 ( #492, #3090, #867, #587 ),
 ( #1973, #842, #2319, #565 ),
 ( #3374, #3040, #1289, #2292 ) ),
 .UNSPECIFIED., .T., .F., .F.,
 ( 4, 1, 1, 1, 1, 2, 2, 2, 1, 1, 1, 1, 4 ),
 ( 4, 4 ),
 ( 0.000000000000000000, 0.01249999999999995559, 0.02499999999999991118, 0.03750000000000008882, 0.05000000000000004441, 0.2500000000000000000, 0.5000000000000000000, 0.7500000000000000000, 0.9499999999999999556, 0.9625000000000000222, 0.9749999999999999778, 0.9875000000000000444, 1.000000000000000000 ),
 ( 0.000000000000000000, 1.000000000000000000 ),
 .UNSPECIFIED. ) ;
#1835 = FACE_OUTER_BOUND ( 'NONE', #2007, .T. ) ;
#1836 = ORIENTED_EDGE ( 'NONE', *, *, #95, .F. ) ;
#1837 = CARTESIAN_POINT ( 'NONE',  ( 7.047958085399730344, 9.954669504979982264, -4.895579428054218418 ) ) ;
#1838 = ORIENTED_EDGE ( 'NONE', *, *, #1560, .F. ) ;
#1839 = CARTESIAN_POINT ( 'NONE',  ( 114.4980035790850650, -25.24147249652976299, -28.89276926653581157 ) ) ;
#1840 = CARTESIAN_POINT ( 'NONE',  ( 11.68595265865844368, -16.33706863148148969, -1.662935975679579181 ) ) ;
#1841 = CARTESIAN_POINT ( 'NONE',  ( 130.9288230455852045, -8.452187698498269341, 34.67531989879420706 ) ) ;
#1842 = CARTESIAN_POINT ( 'NONE',  ( 73.62321040937716532, -19.52046272058802856, -25.57925195902972959 ) ) ;
#1843 = CARTESIAN_POINT ( 'NONE',  ( 139.3213669638673196, -45.06807782996804690, -65.82210344864238039 ) ) ;
#1844 = CARTESIAN_POINT ( 'NONE',  ( 130.4656281614749673, 24.77073584794135286, 30.65165886919561089 ) ) ;
#1845 = CARTESIAN_POINT ( 'NONE',  ( 118.7188461747378909, -28.71058710725011665, -31.69066281775888427 ) ) ;
#1846 = CARTESIAN_POINT ( 'NONE',  ( 65.28489289006371621, -39.61616276511876578, -7.603028941835444421 ) ) ;
#1847 = ORIENTED_EDGE ( 'NONE', *, *, #305, .F. ) ;
#1848 = CARTESIAN_POINT ( 'NONE',  ( 108.1741595565064102, -25.14380230098474911, -20.04553291780346314 ) ) ;
#1849 = EDGE_CURVE ( 'NONE', #275, #437, #1462, .T. ) ;
#1850 = CC_DESIGN_PERSON_AND_ORGANIZATION_ASSIGNMENT ( #2806, #3924, ( #1197 ) ) ;
#1851 = CARTESIAN_POINT ( 'NONE',  ( 94.98319498532080729, -30.05499758818111644, -26.35160016970706565 ) ) ;
#1852 = EDGE_LOOP ( 'NONE', ( #3903, #153, #4194, #3008 ) ) ;
#1853 = CARTESIAN_POINT ( 'NONE',  ( 117.2885213662698476, -32.08483991562101778, 37.68847124521444414 ) ) ;
#1854 = CARTESIAN_POINT ( 'NONE',  ( 85.42220314511892809, -27.92248278485535451, 25.45801214281372893 ) ) ;
#1855 = CARTESIAN_POINT ( 'NONE',  ( 4.809640427829902087, 10.20805195618178196, -1.256106287931075371 ) ) ;
#1856 = DIRECTION ( 'NONE',  ( -3.290533628671976001E-18, -0.4277609429282533404, -0.9038919048786374644 ) ) ;
#1857 = CARTESIAN_POINT ( 'NONE',  ( 80.91353433765362979, -26.40536262649186838, -23.37039655154858764 ) ) ;
#1858 = DIRECTION ( 'NONE',  ( 0.000000000000000000, 0.9038919048786385746, 0.4277609429282505094 ) ) ;
#1859 = ORIENTED_EDGE ( 'NONE', *, *, #2391, .T. ) ;
#1860 = CARTESIAN_POINT ( 'NONE',  ( 129.9999999999998010, 24.73805695252843861, -30.63195096071348544 ) ) ;
#1861 = ORIENTED_EDGE ( 'NONE', *, *, #3832, .T. ) ;
#1862 = CARTESIAN_POINT ( 'NONE',  ( 90.64457155269711564, -31.76346730921406802, 21.76018598782222213 ) ) ;
#1863 = CARTESIAN_POINT ( 'NONE',  ( 63.24502449729327225, -36.75260273470641437, -10.78249181167482540 ) ) ;
#1864 = VECTOR ( 'NONE', #489, 1000.000000000000000 ) ;
#1865 = CARTESIAN_POINT ( 'NONE',  ( 124.1232104093771511, -29.12330173281588941, -18.05151571702651481 ) ) ;
#1866 = CARTESIAN_POINT ( 'NONE',  ( 74.42321040937719090, -18.85269963210745203, -26.03842045768015367 ) ) ;
#1867 = CARTESIAN_POINT ( 'NONE',  ( 139.3786270732985031, -45.20259407400449447, -65.75844451434102211 ) ) ;
#1868 = VECTOR ( 'NONE', #1151, 1000.000000000000114 ) ;
#1869 = CARTESIAN_POINT ( 'NONE',  ( 130.0000000000004547, 24.73805695321725651, 30.63195096075192225 ) ) ;
#1870 = PLANE ( 'NONE',  #2833 ) ;
#1871 = VECTOR ( 'NONE', #250, 999.9999999999998863 ) ;
#1872 = CARTESIAN_POINT ( 'NONE',  ( 44.07957387308911734, -35.05963119624611579, 1.876276163781540829 ) ) ;
#1873 = VERTEX_POINT ( 'NONE', #1866 ) ;
#1874 = DIRECTION ( 'NONE',  ( 0.000000000000000000, 0.9038919048786385746, -0.4277609429282505094 ) ) ;
#1875 = APPROVAL_PERSON_ORGANIZATION ( #2853, #4392, #1074 ) ;
#1876 = CARTESIAN_POINT ( 'NONE',  ( 83.10581088906761238, -26.74537996213830837, -23.60395066857574875 ) ) ;
#1877 = AXIS2_PLACEMENT_3D ( 'NONE', #4604, #4580, #4257 ) ;
#1878 = B_SPLINE_CURVE_WITH_KNOTS ( 'NONE', 3,
 ( #2654, #2006, #1934, #3337 ),
 .UNSPECIFIED., .F., .F.,
 ( 4, 4 ),
 ( 0.000000000000000000, 0.7834983687814286446 ),
 .UNSPECIFIED. ) ;
#1879 = CARTESIAN_POINT ( 'NONE',  ( 99.47588834050972650, -25.10098275617752961, 19.95505191302336101 ) ) ;
#1880 = DIRECTION ( 'NONE',  ( -3.290533628671975231E-18, -0.4277609429282532849, 0.9038919048786373533 ) ) ;
#1881 = CARTESIAN_POINT ( 'NONE',  ( 93.08178496474421593, 47.82351979117675000, 1.071548795704144519 ) ) ;
#1882 = CARTESIAN_POINT ( 'NONE',  ( 115.0582302332568645, -26.64387805670722997, 31.54604789371506968 ) ) ;
#1883 = CARTESIAN_POINT ( 'NONE',  ( 80.69714603364924699, -25.89677704916059398, -23.62684820773579020 ) ) ;
#1884 = CARTESIAN_POINT ( 'NONE',  ( 114.8331043284178747, -31.52580037832294124, 25.50258646652997996 ) ) ;
#1885 = ORIENTED_EDGE ( 'NONE', *, *, #1015, .F. ) ;
#1886 = CARTESIAN_POINT ( 'NONE',  ( 36.79668298616746114, 26.39914915513490712, -10.26328205797046422 ) ) ;
#1887 = VERTEX_POINT ( 'NONE', #713 ) ;
#1888 = CARTESIAN_POINT ( 'NONE',  ( 112.2717764607536424, -22.06790296322073885, -29.95170954771260696 ) ) ;
#1889 = CARTESIAN_POINT ( 'NONE',  ( 83.78913208788735290, -29.51967192985577171, -23.26498407266393187 ) ) ;
#1890 = FACE_BOUND ( 'NONE', #245, .T. ) ;
#1891 = DIRECTION ( 'NONE',  ( 3.290533628671976386E-18, 0.4277609429282533959, 0.9038919048786374644 ) ) ;
#1892 = CARTESIAN_POINT ( 'NONE',  ( 139.1514314360582603, -45.26149945933853758, -65.73056792529536096 ) ) ;
#1893 = CARTESIAN_POINT ( 'NONE',  ( 2.321339412015009263, 1.946978140744365149, 5.840407970451193087 ) ) ;
#1894 = EDGE_CURVE ( 'NONE', #437, #3671, #297, .T. ) ;
#1895 = CARTESIAN_POINT ( 'NONE',  ( 83.08887228893873100, -25.62936776369368630, 25.76941658935205126 ) ) ;
#1896 = CARTESIAN_POINT ( 'NONE',  ( 66.46708934496476218, -41.25705676901466035, -5.105864789804129167 ) ) ;
#1897 = EDGE_LOOP ( 'NONE', ( #2038, #2075, #3960, #3541 ) ) ;
#1898 = DIRECTION ( 'NONE',  ( -0.4203344531355770464, 0.8394022495522844851, 0.3445617665292826648 ) ) ;
#1899 = CARTESIAN_POINT ( 'NONE',  ( 89.51356703563091344, -29.11828668939202203, -25.81731879092746595 ) ) ;
#1900 = SHAPE_DEFINITION_REPRESENTATION ( #4337, #3872 ) ;
#1901 = CARTESIAN_POINT ( 'NONE',  ( 116.9370847967340978, -32.47966174386318983, 37.50162439259194258 ) ) ;
#1902 = CARTESIAN_POINT ( 'NONE',  ( 94.63964359195939835, -30.00471560333569343, 26.31627546742068802 ) ) ;
#1903 = CARTESIAN_POINT ( 'NONE',  ( 131.4058065014247632, 50.05126637461629002, 1.414274171009446190 ) ) ;
#1904 = B_SPLINE_CURVE_WITH_KNOTS ( 'NONE', 3,
 ( #2214, #3332, #3638, #3963, #806, #2192, #1862, #3113, #547, #3043 ),
 .UNSPECIFIED., .F., .F.,
 ( 4, 2, 2, 2, 4 ),
 ( 0.0008029754139767791149, 0.01314319768183046765, 0.02548341994968415791, 0.03782364221753784644, 0.05016386448539153498 ),
 .UNSPECIFIED. ) ;
#1905 = CARTESIAN_POINT ( 'NONE',  ( 117.3050022508303130, -27.47620092257649915, 31.59037721265226040 ) ) ;
#1906 = CARTESIAN_POINT ( 'NONE',  ( 81.27687918269538159, -23.62720464129922604, -24.98874544372254647 ) ) ;
#1907 = CARTESIAN_POINT ( 'NONE',  ( 115.5157520874703607, -28.96109023665474780, 27.14153998538690615 ) ) ;
#1908 = VERTEX_POINT ( 'NONE', #1139 ) ;
#1909 = CARTESIAN_POINT ( 'NONE',  ( 130.4672503463835085, 39.25253085590053104, -22.12025403932359069 ) ) ;
#1910 = CARTESIAN_POINT ( 'NONE',  ( 121.1612922089778834, -25.37810763485435928, -29.42150495540739996 ) ) ;
#1911 = CARTESIAN_POINT ( 'NONE',  ( 2.275309583650859224, -1.332654313096459209, -6.078275149453403969 ) ) ;
#1912 = EDGE_CURVE ( 'NONE', #971, #2681, #4316, .T. ) ;
#1913 = DIRECTION ( 'NONE',  ( 0.000000000000000000, 0.9038919048786369093, -0.4277609429282543951 ) ) ;
#1914 = DIRECTION ( 'NONE',  ( 0.000000000000000000, 0.4277609429282542286, 0.9038919048786369093 ) ) ;
#1915 = VERTEX_POINT ( 'NONE', #1842 ) ;
#1916 = CARTESIAN_POINT ( 'NONE',  ( 106.8732104093771511, -21.67889521275150599, 12.72391667399426574 ) ) ;
#1917 = CARTESIAN_POINT ( 'NONE',  ( 130.4642763407167365, -2.811727573826050541, 35.00000000000000000 ) ) ;
#1918 = FACE_OUTER_BOUND ( 'NONE', #1346, .T. ) ;
#1919 = CARTESIAN_POINT ( 'NONE',  ( 0.000000000000000000, -5.000000000000000000, 0.1401658592245194901 ) ) ;
#1920 = ORIENTED_EDGE ( 'NONE', *, *, #1146, .F. ) ;
#1921 = CARTESIAN_POINT ( 'NONE',  ( 101.3732104093771511, -24.24546087034035580, 18.14726810325694473 ) ) ;
#1922 = CARTESIAN_POINT ( 'NONE',  ( 131.4046405560208086, 47.06497002927820006, -12.23151824948702071 ) ) ;
#1923 = CARTESIAN_POINT ( 'NONE',  ( 112.2886976273567115, -22.07090169705533711, 29.95221211862084587 ) ) ;
#1924 = CARTESIAN_POINT ( 'NONE',  ( 73.62321040937713690, -29.83427491886938654, -19.55385696178821320 ) ) ;
#1925 = DIRECTION ( 'NONE',  ( 3.290533628671975231E-18, 0.4277609429282532849, 0.9038919048786375754 ) ) ;
#1926 = CARTESIAN_POINT ( 'NONE',  ( 131.4057051148677999, 49.81040759565572529, -4.240008153995401763 ) ) ;
#1927 = CARTESIAN_POINT ( 'NONE',  ( 116.5234632763096556, -23.00608088709869747, 29.99075375483509021 ) ) ;
#1928 = CARTESIAN_POINT ( 'NONE',  ( 81.58887861280960863, -23.32005513950941733, -25.20497191107742907 ) ) ;
#1929 = CARTESIAN_POINT ( 'NONE',  ( 118.7512493580934319, -29.09727887795238033, 31.52504271237086542 ) ) ;
#1930 = ORIENTED_EDGE ( 'NONE', *, *, #3290, .T. ) ;
#1931 = DIRECTION ( 'NONE',  ( 0.000000000000000000, -0.4277609429282533404, 0.9038919048786374644 ) ) ;
#1932 = CARTESIAN_POINT ( 'NONE',  ( 18.45344217075504289, -12.02769115333754613, -11.70572732842444985 ) ) ;
#1933 = CARTESIAN_POINT ( 'NONE',  ( 74.42321040937716248, -51.34357717454208370, -63.13447014464579610 ) ) ;
#1934 = CARTESIAN_POINT ( 'NONE',  ( 121.0050943641345214, -35.16538495425567135, 44.72854245617989477 ) ) ;
#1935 = ORIENTED_EDGE ( 'NONE', *, *, #3205, .F. ) ;
#1936 = CARTESIAN_POINT ( 'NONE',  ( 135.7405809235568768, -45.38390250968454609, -65.67264148082701070 ) ) ;
#1937 = B_SPLINE_CURVE_WITH_KNOTS ( 'NONE', 3,
 ( #401, #3944, #141, #1822 ),
 .UNSPECIFIED., .F., .F.,
 ( 4, 4 ),
 ( 0.000000000000000000, 0.0004322384445342121657 ),
 .UNSPECIFIED. ) ;
#1938 = CARTESIAN_POINT ( 'NONE',  ( 7.047958085399766759, -9.954669504979959171, 4.895579428054211313 ) ) ;
#1939 = VECTOR ( 'NONE', #992, 999.9999999999998863 ) ;
#1940 = FACE_OUTER_BOUND ( 'NONE', #2096, .T. ) ;
#1941 = CARTESIAN_POINT ( 'NONE',  ( 131.4058065014247632, -50.05126637461629002, -1.414274171009452186 ) ) ;
#1942 = VECTOR ( 'NONE', #83, 999.9999999999998863 ) ;
#1943 = ORIENTED_EDGE ( 'NONE', *, *, #2939, .T. ) ;
#1944 = CARTESIAN_POINT ( 'NONE',  ( 12.08968467034339866, 16.86769957714969692, 0.2906156157425008324 ) ) ;
#1945 = CLOSED_SHELL ( 'NONE', ( #1199, #1487, #4442, #3559, #4532, #1194, #2593, #719, #2396, #4029, #4526, #788, #4472, #4048, #2504, #4446, #1705, #1970, #3973, #373, #1001, #574, #3277, #2674, #3336, #3484, #1829, #1700, #39, #3507, #1542, #3480, #3684, #1220, #674, #4243 ) ) ;
#1946 = CARTESIAN_POINT ( 'NONE',  ( 80.59763707226127849, -25.36927466542412191, 23.91105116174679068 ) ) ;
#1947 = AXIS2_PLACEMENT_3D ( 'NONE', #2653, #1161, #4082 ) ;
#1948 = CARTESIAN_POINT ( 'NONE',  ( 96.22224898891043665, -34.37361606982027951, 36.60532287250782701 ) ) ;
#1949 = CARTESIAN_POINT ( 'NONE',  ( 118.2505131100940758, -27.44173458963092926, -28.19176405184185441 ) ) ;
#1950 = APPROVAL_PERSON_ORGANIZATION ( #404, #2738, #1472 ) ;
#1951 = CARTESIAN_POINT ( 'NONE',  ( 63.24502449729344278, 36.75260273470649963, -10.78249181167480764 ) ) ;
#1952 = CARTESIAN_POINT ( 'NONE',  ( 115.1446905700826022, -33.61371544471542450, 36.96494088232976338 ) ) ;
#1953 = DIRECTION ( 'NONE',  ( 1.348150961071065268E-33, -0.9038919048786374644, -0.4277609429282533404 ) ) ;
#1954 = CARTESIAN_POINT ( 'NONE',  ( 111.7101125289859169, -30.63578269843503676, 28.80907981334202006 ) ) ;
#1955 = EDGE_LOOP ( 'NONE', ( #2046, #1012, #991, #4411, #2534 ) ) ;
#1956 = DIRECTION ( 'NONE',  ( -2.938799801202441779E-17, -0.9038919048786374644, 0.4277609429282533404 ) ) ;
#1957 = CARTESIAN_POINT ( 'NONE',  ( 21.11045646049058888, -4.138934613057677403, -16.82782680763708072 ) ) ;
#1958 = CARTESIAN_POINT ( 'NONE',  ( 134.6897895703582151, -45.27156291369411178, -65.72580546122077294 ) ) ;
#1959 = CARTESIAN_POINT ( 'NONE',  ( -1.278143573239510503E-16, -12.30857728242617100, -26.00897428829581770 ) ) ;
#1960 = DIRECTION ( 'NONE',  ( -1.000000000000000000, 1.407561767737850723E-18, 2.974286709687525977E-18 ) ) ;
#1961 = ORIENTED_EDGE ( 'NONE', *, *, #1137, .F. ) ;
#1962 = DIRECTION ( 'NONE',  ( 0.000000000000000000, 0.9038919048786375754, 0.4277609429282530074 ) ) ;
#1963 = CARTESIAN_POINT ( 'NONE',  ( 82.80819150832060416, -25.73517950169250668, -25.43794655218732714 ) ) ;
#1964 = CARTESIAN_POINT ( 'NONE',  ( 116.8427573120004297, -2.564973223106075118, 35.00000000000000000 ) ) ;
#1965 = CARTESIAN_POINT ( 'NONE',  ( 13.49062453388675387, 0.000000000000000000, 13.77254560041768627 ) ) ;
#1966 = B_SPLINE_CURVE_WITH_KNOTS ( 'NONE', 3,
 ( #1924, #4463, #1995, #2643, #169, #1264 ),
 .UNSPECIFIED., .F., .F.,
 ( 4, 2, 4 ),
 ( 0.001168283417589762244, 0.007146697557166201663, 0.01312511169674264108 ),
 .UNSPECIFIED. ) ;
#1967 = CARTESIAN_POINT ( 'NONE',  ( 131.4057051148680557, -49.81040759565577503, 4.240008153995372453 ) ) ;
#1968 = EDGE_LOOP ( 'NONE', ( #1836, #2634, #1557, #2054, #135 ) ) ;
#1969 = CARTESIAN_POINT ( 'NONE',  ( 26.58005605112672498, 24.49955931971394563, -6.089030538327960151 ) ) ;
#1970 = ADVANCED_FACE ( 'NONE', ( #3616 ), #809, .T. ) ;
#1971 = EDGE_CURVE ( 'NONE', #3165, #1096, #2546, .T. ) ;
#1972 = CARTESIAN_POINT ( 'NONE',  ( 83.98492850624928963, -22.06684322013939337, 26.24431987670801902 ) ) ;
#1973 = CARTESIAN_POINT ( 'NONE',  ( 139.3799326301305541, -45.12627350177599084, 65.79456272688955210 ) ) ;
#1974 = DIRECTION ( 'NONE',  ( -3.290533628671975616E-18, -0.4277609429282532849, 0.9038919048786374644 ) ) ;
#1975 = CARTESIAN_POINT ( 'NONE',  ( 89.81483668772432338, 41.57528358624058740, -13.86928259789799256 ) ) ;
#1976 = CARTESIAN_POINT ( 'NONE',  ( 125.1183577332007104, -39.84644367750127003, 54.32798814365455797 ) ) ;
#1977 = CARTESIAN_POINT ( 'NONE',  ( 139.3799326301305541, -45.13319204520066563, 65.79128857138150011 ) ) ;
#1978 = CARTESIAN_POINT ( 'NONE',  ( 115.9224707143411734, -28.86425596918774161, 27.24092280807644073 ) ) ;
#1979 = CARTESIAN_POINT ( 'NONE',  ( 113.6732104093771625, -21.67889521275150599, 12.72391667399426574 ) ) ;
#1980 = CARTESIAN_POINT ( 'NONE',  ( 2.190032415392461740, -0.4108458737562661334, -6.158470319802441750 ) ) ;
#1981 = EDGE_CURVE ( 'NONE', #993, #4546, #427, .T. ) ;
#1982 = CARTESIAN_POINT ( 'NONE',  ( 123.8615284943279988, -40.68772847469791998, -53.92985560570649284 ) ) ;
#1983 = CARTESIAN_POINT ( 'NONE',  ( 125.0400672494144061, -39.51059472713468779, 54.48692646682669505 ) ) ;
#1984 = DIRECTION ( 'NONE',  ( 1.000000000000000000, -1.407561767737851879E-18, 2.974286709687526747E-18 ) ) ;
#1985 = CARTESIAN_POINT ( 'NONE',  ( 90.36497901244806030, -30.49328871618004300, -22.55283648517217543 ) ) ;
#1986 = ORIENTED_EDGE ( 'NONE', *, *, #2253, .T. ) ;
#1987 = DIRECTION ( 'NONE',  ( -3.290533628671975231E-18, -0.4277609429282532849, 0.9038919048786375754 ) ) ;
#1988 = CARTESIAN_POINT ( 'NONE',  ( 130.4664392539296784, -32.36607734562523575, 26.99657317676596691 ) ) ;
#1989 = CARTESIAN_POINT ( 'NONE',  ( 15.84796291139917912, 7.399040918917531684, 12.87550021994285210 ) ) ;
#1990 = CARTESIAN_POINT ( 'NONE',  ( 131.3993177617870742, -32.42717916193103633, 27.05338177570500235 ) ) ;
#1991 = ORIENTED_EDGE ( 'NONE', *, *, #2172, .F. ) ;
#1992 = CARTESIAN_POINT ( 'NONE',  ( 130.0000000000003411, 44.03408421382766846, -16.92405482931946281 ) ) ;
#1993 = CARTESIAN_POINT ( 'NONE',  ( 82.70358114230910473, -22.57889978223172633, 25.77700869065130362 ) ) ;
#1994 = EDGE_CURVE ( 'NONE', #86, #1496, #92, .T. ) ;
#1995 = CARTESIAN_POINT ( 'NONE',  ( 73.62321040937715111, -26.54254537372244016, -21.80191919662447830 ) ) ;
#1996 = B_SPLINE_CURVE_WITH_KNOTS ( 'NONE', 3,
 ( #4163, #3834, #3810, #2065, #958, #2411, #261, #610, #1022, #3485, #2041, #2084, #3508, #304, #1730, #282, #1683, #3110, #4559, #1706, #2803, #3130, #3153, #1356, #2781, #2449, #673, #2106, #2945, #4273, #398, #742, #4319, #2847, #2872, #1465, #2175, #16, #3597, #3941, #1895, #2220, #813, #3266, #2590, #4017 ),
 .UNSPECIFIED., .F., .F.,
 ( 4, 2, 2, 2, 2, 2, 2, 2, 2, 2, 2, 2, 2, 2, 2, 2, 2, 2, 2, 2, 2, 2, 4 ),
 ( 0.0003992898413344190623, 0.0007038173427987392920, 0.001008344844263059630, 0.001617399847191708980, 0.002226454850120358330, 0.002835509853049008114, 0.004053619858906306814, 0.005271729864763606381, 0.007707949876478203781, 0.01014416988819280205, 0.01501660991162199858, 0.01988904993505119859, 0.02476148995848039686, 0.02963392998190959166, 0.03207014999362418906, 0.03450637000533878646, 0.03572448001119606781, 0.03694259001705334916, 0.03755164501998198290, 0.03816070002291063051, 0.03876975502583927119, 0.03907428252730359153, 0.03937881002876790493 ),
 .UNSPECIFIED. ) ;
#1997 = CARTESIAN_POINT ( 'NONE',  ( 124.1232104093770801, -29.36465259690056584, -27.81582934112952898 ) ) ;
#1998 = CARTESIAN_POINT ( 'NONE',  ( 131.3993177617871311, 32.42717916193113581, -27.05338177570497749 ) ) ;
#1999 = CARTESIAN_POINT ( 'NONE',  ( 117.3189776973625129, -31.87966750198260968, 37.78556775050133609 ) ) ;
#2000 = DIRECTION ( 'NONE',  ( 3.290533628671976001E-18, 0.4277609429282533404, 0.9038919048786374644 ) ) ;
#2001 = CARTESIAN_POINT ( 'NONE',  ( 90.36343510634571885, -30.49308269099113033, 22.55271419194611227 ) ) ;
#2002 = PLANE ( 'NONE',  #3505 ) ;
#2003 = CARTESIAN_POINT ( 'NONE',  ( 74.31889528983008120, -30.55121519835551425, 19.19860366528451223 ) ) ;
#2004 = CARTESIAN_POINT ( 'NONE',  ( 82.65896608261684264, -25.87260489827881216, 25.19530382170163918 ) ) ;
#2005 = DIRECTION ( 'NONE',  ( -3.290533628671975231E-18, -0.4277609429282532849, -0.9038919048786373533 ) ) ;
#2006 = CARTESIAN_POINT ( 'NONE',  ( 128.2200014382748634, -40.90257718466548198, 56.85167267536364477 ) ) ;
#2007 = EDGE_LOOP ( 'NONE', ( #1847, #2536, #4591, #2711 ) ) ;
#2008 = CARTESIAN_POINT ( 'NONE',  ( 124.9123266616314396, -40.06369982123604956, -54.22517309198814672 ) ) ;
#2009 = CARTESIAN_POINT ( 'NONE',  ( 130.0000000000001137, -48.69516436030438200, 8.288434316662087298 ) ) ;
#2010 = CARTESIAN_POINT ( 'NONE',  ( 130.0000000000000000, 1.339643116750333096E-05, 35.00000000000000000 ) ) ;
#2011 = CARTESIAN_POINT ( 'NONE',  ( 80.30438725906670072, -21.91171522969780483, 27.05897146546170617 ) ) ;
#2012 = CARTESIAN_POINT ( 'NONE',  ( 88.43169439172682189, -28.86193592714856848, -25.72289778769301805 ) ) ;
#2013 = VECTOR ( 'NONE', #2485, 999.9999999999998863 ) ;
#2014 = CARTESIAN_POINT ( 'NONE',  ( 4.439217728207531799, 9.090341448121057155, -2.661349969880107302 ) ) ;
#2015 = CARTESIAN_POINT ( 'NONE',  ( 82.30279231821351971, -22.79155950110184037, 25.60154658605253175 ) ) ;
#2016 = VECTOR ( 'NONE', #3966, 999.9999999999998863 ) ;
#2017 = AXIS2_PLACEMENT_3D ( 'NONE', #2320, #3041, #2389 ) ;
#2018 = DIRECTION ( 'NONE',  ( 3.290533628671975616E-18, 0.4277609429282532849, -0.9038919048786374644 ) ) ;
#2019 = CARTESIAN_POINT ( 'NONE',  ( 118.7493593900801727, -28.77486040902677189, -31.69284581592476258 ) ) ;
#2020 = CARTESIAN_POINT ( 'NONE',  ( 0.000000000000000000, 4.403304394047798276, -1.692557972329558957 ) ) ;
#2021 = CIRCLE ( 'NONE', #4624, 5.500000000000003553 ) ;
#2022 = CARTESIAN_POINT ( 'NONE',  ( 109.7271652298359328, -34.37361606982027951, 36.60532287250782701 ) ) ;
#2023 = CARTESIAN_POINT ( 'NONE',  ( 124.1232104093771227, -32.97248753020547696, 25.68967713509715267 ) ) ;
#2024 = ORIENTED_EDGE ( 'NONE', *, *, #1759, .T. ) ;
#2025 = CARTESIAN_POINT ( 'NONE',  ( 98.98362688262037068, -31.60474433345224199, 23.24809736996697396 ) ) ;
#2026 = FACE_OUTER_BOUND ( 'NONE', #74, .T. ) ;
#2027 = ADVANCED_FACE ( 'NONE', ( #3569 ), #3594, .T. ) ;
#2028 = CARTESIAN_POINT ( 'NONE',  ( 96.22224898891042244, -29.38571893414495406, -38.96581262849484517 ) ) ;
#2029 = CARTESIAN_POINT ( 'NONE',  ( 82.47619989483320069, -24.56884739998415412, 24.71013698116836821 ) ) ;
#2030 = LINE ( 'NONE', #3029, #3664 ) ;
#2031 = CARTESIAN_POINT ( 'NONE',  ( 93.87321040937715111, -28.98771794715566585, 18.11567985843187500 ) ) ;
#2032 = ORIENTED_EDGE ( 'NONE', *, *, #4598, .T. ) ;
#2033 = CARTESIAN_POINT ( 'NONE',  ( 88.26625363028300342, -27.36071251830254170, -18.88564955573661308 ) ) ;
#2034 = CARTESIAN_POINT ( 'NONE',  ( 36.79668298616751088, -26.39914915513504212, 10.26328205797044468 ) ) ;
#2035 = EDGE_CURVE ( 'NONE', #1279, #3740, #2322, .T. ) ;
#2036 = CARTESIAN_POINT ( 'NONE',  ( 80.30438725906631703, 21.91170114730457996, 27.05896826497811958 ) ) ;
#2037 = CARTESIAN_POINT ( 'NONE',  ( 0.000000000000000000, -4.700487605611238351, 1.214892451353362990 ) ) ;
#2038 = ORIENTED_EDGE ( 'NONE', *, *, #1357, .F. ) ;
#2039 = EDGE_CURVE ( 'NONE', #460, #2484, #2564, .T. ) ;
#2040 = CARTESIAN_POINT ( 'NONE',  ( 130.9364270373473573, 47.04492530637431713, 12.20449895847544042 ) ) ;
#2041 = CARTESIAN_POINT ( 'NONE',  ( 116.9819401854261116, -27.32970576803850804, 31.58490112900844693 ) ) ;
#2042 = CARTESIAN_POINT ( 'NONE',  ( 118.7757540856992051, -28.96703541098710843, 31.63095122352649469 ) ) ;
#2043 = CARTESIAN_POINT ( 'NONE',  ( 130.9356835359306785, 44.07919344025336272, -16.98868372250075609 ) ) ;
#2044 = CARTESIAN_POINT ( 'NONE',  ( 124.9123266616314396, -40.06369982123604956, 54.22517309198814672 ) ) ;
#2045 = CARTESIAN_POINT ( 'NONE',  ( 113.6732104093771625, -24.60066678471608981, 22.40447713717301781 ) ) ;
#2046 = ORIENTED_EDGE ( 'NONE', *, *, #4334, .F. ) ;
#2047 = CARTESIAN_POINT ( 'NONE',  ( 109.3101671173725720, -29.71362211654768970, 25.95715885229018483 ) ) ;
#2048 = ADVANCED_FACE ( 'NONE', ( #3239 ), #2868, .T. ) ;
#2049 = CARTESIAN_POINT ( 'NONE',  ( 118.5972163564880901, -28.48402679098806090, -31.67483939886995259 ) ) ;
#2050 = CARTESIAN_POINT ( 'NONE',  ( 109.1971438837503854, -40.49095399225596026, -54.02297784488054333 ) ) ;
#2051 = CARTESIAN_POINT ( 'NONE',  ( 125.1362128771300632, -39.73354473372631190, 54.38141683173564189 ) ) ;
#2052 = CARTESIAN_POINT ( 'NONE',  ( 73.93174106037004378, -30.38708361247189060, -19.22605632197947756 ) ) ;
#2053 = CARTESIAN_POINT ( 'NONE',  ( 113.6732104093771625, -23.87347318173805633, 20.86786089887933571 ) ) ;
#2054 = ORIENTED_EDGE ( 'NONE', *, *, #3290, .F. ) ;
#2055 = CARTESIAN_POINT ( 'NONE',  ( 139.3799326301305541, -45.63461297416843365, 65.55399439027252129 ) ) ;
#2056 = ORIENTED_EDGE ( 'NONE', *, *, #2652, .F. ) ;
#2057 = EDGE_CURVE ( 'NONE', #1785, #4493, #464, .T. ) ;
#2058 = CARTESIAN_POINT ( 'NONE',  ( 82.36489643109176484, -24.64773653600592951, -24.64606110155898122 ) ) ;
#2059 = CARTESIAN_POINT ( 'NONE',  ( 130.4672503463836222, -39.25253085590082947, 22.12025403932354450 ) ) ;
#2060 = CC_DESIGN_DATE_AND_TIME_ASSIGNMENT ( #2152, #22, ( #1363 ) ) ;
#2061 = CARTESIAN_POINT ( 'NONE',  ( 4.439217728207531799, 9.090341448121057155, 2.661349969880107302 ) ) ;
#2062 = CARTESIAN_POINT ( 'NONE',  ( 83.78913208788735290, -29.51967192985577171, 23.26498407266393187 ) ) ;
#2063 = CARTESIAN_POINT ( 'NONE',  ( 134.6897895703582151, -45.13319204520066563, -65.79128857138150011 ) ) ;
#2064 = CARTESIAN_POINT ( 'NONE',  ( 131.4052868953210975, 48.75064983121370688, 8.350415371480567117 ) ) ;
#2065 = CARTESIAN_POINT ( 'NONE',  ( 118.4755090470490302, -28.32400766688054006, 31.65531407369417138 ) ) ;
#2066 = CARTESIAN_POINT ( 'NONE',  ( 116.7430742009643865, -29.96067057114059295, -30.10361017227372571 ) ) ;
#2067 = CARTESIAN_POINT ( 'NONE',  ( 130.0000000000002842, 8.410036173537349669, -34.67073453029553320 ) ) ;
#2068 = COORDINATED_UNIVERSAL_TIME_OFFSET ( 8, 0, .AHEAD. ) ;
#2069 = ORIENTED_EDGE ( 'NONE', *, *, #2850, .T. ) ;
#2070 = DIRECTION ( 'NONE',  ( 0.000000000000000000, 0.9038919048786369093, -0.4277609429282543396 ) ) ;
#2071 = FACE_OUTER_BOUND ( 'NONE', #3256, .T. ) ;
#2072 = CARTESIAN_POINT ( 'NONE',  ( 81.94270082257868637, -25.22635003155400568, 24.24613817634282853 ) ) ;
#2073 = CARTESIAN_POINT ( 'NONE',  ( 124.1232104093771511, -39.14103645868047465, 68.90924287417722383 ) ) ;
#2074 = CYLINDRICAL_SURFACE ( 'NONE', #1568, 5.500000000000004441 ) ;
#2075 = ORIENTED_EDGE ( 'NONE', *, *, #2870, .T. ) ;
#2076 = LINE ( 'NONE', #3889, #2383 ) ;
#2077 = VERTEX_POINT ( 'NONE', #2331 ) ;
#2078 = CARTESIAN_POINT ( 'NONE',  ( 109.7635695258290269, -25.53688507492510595, -31.29404433327144375 ) ) ;
#2079 = CARTESIAN_POINT ( 'NONE',  ( 0.000000000000000000, -5.000000000000000000, 0.1401658594864819696 ) ) ;
#2080 = CARTESIAN_POINT ( 'NONE',  ( 5.157310616045794660, 7.160678349982252833, 5.394357666520080308 ) ) ;
#2081 = CARTESIAN_POINT ( 'NONE',  ( 21.43113275287576514, -16.77696280965270503, 10.11035695390804534 ) ) ;
#2082 = CARTESIAN_POINT ( 'NONE',  ( 118.7254163026809408, -29.14363735872122874, -31.46450186829224194 ) ) ;
#2083 = CARTESIAN_POINT ( 'NONE',  ( 131.4057051148677999, 49.81040759565572529, 4.240008153995401763 ) ) ;
#2084 = CARTESIAN_POINT ( 'NONE',  ( 116.4331114268029381, -27.09680744173512679, 31.57578008295126182 ) ) ;
#2085 = CIRCLE ( 'NONE', #3726, 5.800000000000003375 ) ;
#2086 = VECTOR ( 'NONE', #2898, 999.9999999999998863 ) ;
#2087 = CARTESIAN_POINT ( 'NONE',  ( 121.1282705750996911, -29.45584611674476605, -27.42003620697835942 ) ) ;
#2088 = CARTESIAN_POINT ( 'NONE',  ( 116.8245602592861871, 15.84108682532373003, -32.88790597791415848 ) ) ;
#2089 = AXIS2_PLACEMENT_3D ( 'NONE', #1784, #55, #1858 ) ;
#2090 = CARTESIAN_POINT ( 'NONE',  ( 86.11904121718065142, -25.09046493839795744, -27.57601525674865783 ) ) ;
#2091 = CARTESIAN_POINT ( 'NONE',  ( 125.0400672494144061, -39.51059472713468779, -54.48692646682669505 ) ) ;
#2092 = AXIS2_PLACEMENT_3D ( 'NONE', #3884, #2788, #701 ) ;
#2093 = CARTESIAN_POINT ( 'NONE',  ( 112.2717764607536424, -22.06790296322073885, 29.95170954771260696 ) ) ;
#2094 = CARTESIAN_POINT ( 'NONE',  ( 113.2698654689791198, -31.69335513905625845, 25.20385617656888755 ) ) ;
#2095 = CARTESIAN_POINT ( 'NONE',  ( 124.1232104093771511, -29.84641525671879236, 17.70930696268391102 ) ) ;
#2096 = EDGE_LOOP ( 'NONE', ( #1203, #838, #805, #686, #1034 ) ) ;
#2097 = CARTESIAN_POINT ( 'NONE',  ( 124.1232104093771511, -17.64387454085718332, -23.48407969221533875 ) ) ;
#2098 = ORIENTED_EDGE ( 'NONE', *, *, #2589, .T. ) ;
#2099 = AXIS2_PLACEMENT_3D ( 'NONE', #2709, #3341, #2267 ) ;
#2100 = CARTESIAN_POINT ( 'NONE',  ( 101.7312896559703290, -20.94877478739278232, -29.24600443506813008 ) ) ;
#2101 = CARTESIAN_POINT ( 'NONE',  ( 27.94483090126539082, -26.50230030860807773, 4.303947380310255255 ) ) ;
#2102 = AXIS2_PLACEMENT_3D ( 'NONE', #2720, #3022, #265 ) ;
#2103 = CARTESIAN_POINT ( 'NONE',  ( 74.49647921103111514, -2.143118070277090226, 32.05332510539010826 ) ) ;
#2104 = CARTESIAN_POINT ( 'NONE',  ( 135.1961516232043437, -44.97717772726122831, -65.86512132880734782 ) ) ;
#2105 = CARTESIAN_POINT ( 'NONE',  ( 130.4678417679653251, 44.05663882698356559, 16.95636927580997977 ) ) ;
#2106 = CARTESIAN_POINT ( 'NONE',  ( 90.29747252964875770, -24.67813913128945913, 28.75447390658700897 ) ) ;
#2107 = EDGE_CURVE ( 'NONE', #759, #4010, #369, .T. ) ;
#2108 = ADVANCED_FACE ( 'NONE', ( #1625 ), #2961, .F. ) ;
#2109 = CC_DESIGN_PERSON_AND_ORGANIZATION_ASSIGNMENT ( #2414, #3489, ( #159 ) ) ;
#2110 = CARTESIAN_POINT ( 'NONE',  ( 118.7767967315435840, -28.99082050350794404, -31.61962228153509358 ) ) ;
#2111 = CARTESIAN_POINT ( 'NONE',  ( 44.42260250945837186, -5.422127144561917689, -24.39985037843314686 ) ) ;
#2112 = PERSON_AND_ORGANIZATION_ROLE ( 'design_owner' ) ;
#2113 = CARTESIAN_POINT ( 'NONE',  ( 117.1629582311064866, -27.41263435070458598, -31.58785269811592045 ) ) ;
#2114 = DIRECTION ( 'NONE',  ( -3.290533628671975231E-18, -0.4277609429282532849, 0.9038919048786375754 ) ) ;
#2115 = CARTESIAN_POINT ( 'NONE',  ( 98.00812071151415239, -23.22197076401312188, 27.84562481890406360 ) ) ;
#2116 = FACE_OUTER_BOUND ( 'NONE', #1897, .T. ) ;
#2117 = CARTESIAN_POINT ( 'NONE',  ( 106.8732104093771511, -22.88962301300307800, -18.78890951765846751 ) ) ;
#2118 = ORIENTED_EDGE ( 'NONE', *, *, #4122, .F. ) ;
#2119 = DIRECTION ( 'NONE',  ( -3.290533628671976386E-18, -0.4277609429282533404, -0.9038919048786374644 ) ) ;
#2120 = ORIENTED_EDGE ( 'NONE', *, *, #1827, .F. ) ;
#2121 = CARTESIAN_POINT ( 'NONE',  ( 106.3679839813187442, -23.81874436163053943, -28.62345433345288725 ) ) ;
#2122 = CARTESIAN_POINT ( 'NONE',  ( 44.26631466506144363, -35.26944309773888619, -0.6215961148064581554 ) ) ;
#2123 = CARTESIAN_POINT ( 'NONE',  ( 130.4649184555764521, -16.73232508884979808, 33.18451826022420903 ) ) ;
#2124 = CARTESIAN_POINT ( 'NONE',  ( 138.2719618352284385, -44.91844379729507608, -65.89291677771952038 ) ) ;
#2125 = CARTESIAN_POINT ( 'NONE',  ( 8.938605554753602078, 12.60242953863763837, 4.144434369616161185 ) ) ;
#2126 = CARTESIAN_POINT ( 'NONE',  ( 123.3232104093771113, -33.43869146809631587, -25.30006399937030892 ) ) ;
#2127 = CARTESIAN_POINT ( 'NONE',  ( 130.9328785078588453, -32.39662890275079832, -27.02497780066212130 ) ) ;
#2128 = CARTESIAN_POINT ( 'NONE',  ( 89.51356703562353800, -29.11828668938971276, 25.81731879092500392 ) ) ;
#2129 = B_SPLINE_CURVE_WITH_KNOTS ( 'NONE', 3,
 ( #2994, #2272, #4092, #3743 ),
 .UNSPECIFIED., .F., .F.,
 ( 4, 4 ),
 ( 0.000000000000000000, 0.9110740484340723588 ),
 .UNSPECIFIED. ) ;
#2130 = CARTESIAN_POINT ( 'NONE',  ( 121.5447400642322577, -28.96119501504864502, -27.72733968710970487 ) ) ;
#2131 = CARTESIAN_POINT ( 'NONE',  ( 13.98690629757363979, 3.224263031627198739, -13.60264227731200393 ) ) ;
#2132 = ORIENTED_EDGE ( 'NONE', *, *, #1849, .T. ) ;
#2133 = CARTESIAN_POINT ( 'NONE',  ( 110.6548609533821406, -25.68100582480983363, -31.35004124000863257 ) ) ;
#2134 = CARTESIAN_POINT ( 'NONE',  ( 139.3799326301305541, -45.12627350177599084, -65.79456272688955210 ) ) ;
#2135 = CARTESIAN_POINT ( 'NONE',  ( 111.8676763186074368, -24.63481593189200325, 28.88302808138935873 ) ) ;
#2136 = CARTESIAN_POINT ( 'NONE',  ( 120.1181263332203457, -30.19529258368545754, 26.90388429795501679 ) ) ;
#2137 = DIRECTION ( 'NONE',  ( 0.000000000000000000, 0.9038919048786385746, -0.4277609429282505094 ) ) ;
#2138 = ORIENTED_EDGE ( 'NONE', *, *, #3194, .F. ) ;
#2139 = CARTESIAN_POINT ( 'NONE',  ( 134.6897895703582151, -45.63461297416843365, 65.55399439027252129 ) ) ;
#2140 = ORIENTED_EDGE ( 'NONE', *, *, #177, .T. ) ;
#2141 = CARTESIAN_POINT ( 'NONE',  ( 86.97536007245247447, -24.97820824548698582, -27.87258823046064293 ) ) ;
#2142 = CARTESIAN_POINT ( 'NONE',  ( 130.4684289651069093, -48.71365951725283594, -8.309094667702604298 ) ) ;
#2143 = CARTESIAN_POINT ( 'NONE',  ( 116.8245602592863861, -15.84108682532363588, 32.88790597791415848 ) ) ;
#2144 = CARTESIAN_POINT ( 'NONE',  ( 119.2253409270738302, -33.26972848612269473, -24.94303217083394486 ) ) ;
#2145 = PLANE ( 'NONE',  #4555 ) ;
#2146 = CARTESIAN_POINT ( 'NONE',  ( 130.0000000000000000, 2.803317184490401015, 35.00000000000000000 ) ) ;
#2147 = CARTESIAN_POINT ( 'NONE',  ( 113.6732104093771625, -28.98771794715570493, 18.11567985843185369 ) ) ;
#2148 = CARTESIAN_POINT ( 'NONE',  ( 130.4678417679653819, -44.05663897915800931, -16.95636963250752771 ) ) ;
#2149 = CARTESIAN_POINT ( 'NONE',  ( 81.12136801411202214, -26.78557323844687588, 23.18556065032202085 ) ) ;
#2150 = CARTESIAN_POINT ( 'NONE',  ( 86.89336656814961657, -28.44675241129574772, -25.59392290789539715 ) ) ;
#2151 = CARTESIAN_POINT ( 'NONE',  ( 130.4656281614749673, 24.77073584794135286, -30.65165886919561089 ) ) ;
#2152 = DATE_AND_TIME ( #3225, #3212 ) ;
#2153 = ORIENTED_EDGE ( 'NONE', *, *, #647, .F. ) ;
#2154 = CARTESIAN_POINT ( 'NONE',  ( 74.42321040937713406, -30.56002895521314144, 19.21722781413889081 ) ) ;
#2155 = DIRECTION ( 'NONE',  ( -3.290533628671975231E-18, -0.4277609429282532849, -0.9038919048786373533 ) ) ;
#2156 = CARTESIAN_POINT ( 'NONE',  ( 91.41201140093374988, 44.67133523268599049, 9.764690174353697572 ) ) ;
#2157 = VECTOR ( 'NONE', #121, 1000.000000000000000 ) ;
#2158 = CARTESIAN_POINT ( 'NONE',  ( 85.48854629867251731, -23.72852393585720066, 25.70289177909160117 ) ) ;
#2159 = CARTESIAN_POINT ( 'NONE',  ( 84.73823256620003974, -29.04602289790767600, 22.47107350037988382 ) ) ;
#2160 = CARTESIAN_POINT ( 'NONE',  ( 118.1931368547585350, -27.29089547053523646, 28.24102754201799570 ) ) ;
#2161 = EDGE_LOOP ( 'NONE', ( #3599, #4302, #3249, #1059 ) ) ;
#2162 = CARTESIAN_POINT ( 'NONE',  ( 130.9285526814335014, 2.820137957922463912, -35.00000000000000000 ) ) ;
#2163 = ORIENTED_EDGE ( 'NONE', *, *, #1162, .T. ) ;
#2164 = EDGE_CURVE ( 'NONE', #1740, #120, #4324, .T. ) ;
#2165 = CARTESIAN_POINT ( 'NONE',  ( 107.2972470137460874, -23.92692925124409697, -28.68388942073681136 ) ) ;
#2166 = CARTESIAN_POINT ( 'NONE',  ( 131.4058065014247632, -50.05126637461629002, -1.414272870784554215 ) ) ;
#2167 = VECTOR ( 'NONE', #453, 999.9999999999998863 ) ;
#2168 = CARTESIAN_POINT ( 'NONE',  ( 93.87321040937715111, -23.74514489885957147, 20.59669332741573911 ) ) ;
#2169 = CARTESIAN_POINT ( 'NONE',  ( 74.42321040937716248, -51.34357717454208370, 63.13447014464579610 ) ) ;
#2170 = AXIS2_PLACEMENT_3D ( 'NONE', #3335, #1229, #2979 ) ;
#2171 = CARTESIAN_POINT ( 'NONE',  ( 139.0833567595997522, -45.00683621431870307, -65.85108564343275361 ) ) ;
#2172 = EDGE_CURVE ( 'NONE', #4339, #1236, #1878, .T. ) ;
#2173 = CARTESIAN_POINT ( 'NONE',  ( 131.3993177617871311, 32.42717916193113581, 27.05338177570497749 ) ) ;
#2174 = LOCAL_TIME ( 11, 40, 13.00000000000000000, #1381 ) ;
#2175 = CARTESIAN_POINT ( 'NONE',  ( 84.00599835882911748, -25.43991628603384569, 26.53231798246829598 ) ) ;
#2176 = ADVANCED_FACE ( 'NONE', ( #833 ), #2613, .F. ) ;
#2177 = CARTESIAN_POINT ( 'NONE',  ( 26.58005605112666103, -24.49955931971388168, -6.089030538327965481 ) ) ;
#2178 = LINE ( 'NONE', #1145, #2157 ) ;
#2179 = CARTESIAN_POINT ( 'NONE',  ( 84.59089416702387609, -27.56150299911704948, -25.36657518636486941 ) ) ;
#2180 = CARTESIAN_POINT ( 'NONE',  ( 131.3932345683771246, -8.473265971378134864, -34.67761262358015983 ) ) ;
#2181 = EDGE_LOOP ( 'NONE', ( #1156, #2525, #4354, #1838 ) ) ;
#2182 = LINE ( 'NONE', #3652, #3428 ) ;
#2183 = CARTESIAN_POINT ( 'NONE',  ( 115.6948133284361262, -30.17493961509924461, 29.76306437707080477 ) ) ;
#2184 = CARTESIAN_POINT ( 'NONE',  ( 129.9999999999998010, 24.73805695252843861, 30.63195096071348544 ) ) ;
#2185 = EDGE_CURVE ( 'NONE', #3408, #2569, #3431, .T. ) ;
#2186 = CARTESIAN_POINT ( 'NONE',  ( 106.5293147307131818, -21.31544430275358692, 29.64558518275857679 ) ) ;
#2187 = CARTESIAN_POINT ( 'NONE',  ( 81.15024618789375666, -26.78546722295526550, 23.18999435533661213 ) ) ;
#2188 = DIRECTION ( 'NONE',  ( 0.000000000000000000, 0.4277609429282503428, 0.9038919048786389077 ) ) ;
#2189 = ORIENTED_EDGE ( 'NONE', *, *, #4023, .T. ) ;
#2190 = CARTESIAN_POINT ( 'NONE',  ( 80.30438725906631703, 21.91170114730457996, -27.05896826497811958 ) ) ;
#2191 = ORIENTED_EDGE ( 'NONE', *, *, #937, .T. ) ;
#2192 = CARTESIAN_POINT ( 'NONE',  ( 94.71605285219452242, -32.01426846479827759, 22.29014819688909910 ) ) ;
#2193 = CARTESIAN_POINT ( 'NONE',  ( 4.918901799660963192, -10.52716937784333773, -0.2054229368781329834 ) ) ;
#2194 = CARTESIAN_POINT ( 'NONE',  ( 74.49647921103111514, 0.000000000000000000, 32.05332510539010826 ) ) ;
#2195 = EDGE_CURVE ( 'NONE', #2774, #623, #2993, .T. ) ;
#2196 = CARTESIAN_POINT ( 'NONE',  ( 102.8711580121668590, -32.47821282048445823, -23.27049844707359227 ) ) ;
#2197 = CARTESIAN_POINT ( 'NONE',  ( 93.87321040937715111, -24.60066678471608270, 22.40447713717302136 ) ) ;
#2198 = CC_DESIGN_PERSON_AND_ORGANIZATION_ASSIGNMENT ( #2878, #2112, ( #631 ) ) ;
#2199 = CARTESIAN_POINT ( 'NONE',  ( 47.20424122687237656, 11.86146245284799683, 23.06043357499037327 ) ) ;
#2200 = FACE_OUTER_BOUND ( 'NONE', #4155, .T. ) ;
#2201 = CARTESIAN_POINT ( 'NONE',  ( 4.439217728207520253, -9.090341448121048273, -2.661349969880104194 ) ) ;
#2202 = VERTEX_POINT ( 'NONE', #600 ) ;
#2203 = CARTESIAN_POINT ( 'NONE',  ( 108.0705324782445871, -25.10098275617752961, -19.95505191302336101 ) ) ;
#2204 = CARTESIAN_POINT ( 'NONE',  ( 85.33033011100842202, -27.55477637071350827, -23.54454745782011571 ) ) ;
#2205 = EDGE_LOOP ( 'NONE', ( #1006, #1131, #1473, #458, #4341 ) ) ;
#2206 = CARTESIAN_POINT ( 'NONE',  ( 113.6732104093771625, -24.24546087034035580, -18.14726810325694473 ) ) ;
#2207 = CARTESIAN_POINT ( 'NONE',  ( 85.05497497006709295, -27.77304144968129407, 25.42086850719570990 ) ) ;
#2208 = CARTESIAN_POINT ( 'NONE',  ( 4.809640427829924292, 10.20805179897554815, 1.256104403120217983 ) ) ;
#2209 = CARTESIAN_POINT ( 'NONE',  ( 113.7825637737314395, -26.30848372838524440, 31.50428974160885431 ) ) ;
#2210 = CARTESIAN_POINT ( 'NONE',  ( 80.59763707226122165, -25.36927466542415388, -23.91105116174678002 ) ) ;
#2211 = ORIENTED_EDGE ( 'NONE', *, *, #1564, .F. ) ;
#2212 = CARTESIAN_POINT ( 'NONE',  ( 0.000000000000000000, 1.670036308073700848, -3.317257051284888458 ) ) ;
#2213 = ORIENTED_EDGE ( 'NONE', *, *, #2802, .F. ) ;
#2214 = CARTESIAN_POINT ( 'NONE',  ( 123.3232104093771113, -33.43869146809631587, 25.30006399937030892 ) ) ;
#2215 = CARTESIAN_POINT ( 'NONE',  ( 10.31720266782408757, -14.48792295665909080, -3.264452348970899642 ) ) ;
#2216 = DIRECTION ( 'NONE',  ( -1.000000000000000000, 1.407561767737850338E-18, 2.974286709687527903E-18 ) ) ;
#2217 = CARTESIAN_POINT ( 'NONE',  ( 123.3232104093771113, -33.43869146809631587, -25.30006399937030892 ) ) ;
#2218 = CARTESIAN_POINT ( 'NONE',  ( 134.9200458202082302, -45.26162561563268838, -65.73050822265273041 ) ) ;
#2219 = CARTESIAN_POINT ( 'NONE',  ( 2.275309583650864997, 1.332654313096456100, 6.078275149453407522 ) ) ;
#2220 = CARTESIAN_POINT ( 'NONE',  ( 82.89504767169917443, -25.69610837842278883, 25.54750899691234878 ) ) ;
#2221 = CARTESIAN_POINT ( 'NONE',  ( 10.31720266782414086, -14.48792198016236199, -3.264450059802022075 ) ) ;
#2222 = ORIENTED_EDGE ( 'NONE', *, *, #3064, .T. ) ;
#2223 = CARTESIAN_POINT ( 'NONE',  ( 121.3996499611511553, -27.37202140450862586, 31.84726050186123558 ) ) ;
#2224 = CARTESIAN_POINT ( 'NONE',  ( 93.13401471993445568, -29.80269063970532528, -26.15683583243242438 ) ) ;
#2225 = DIRECTION ( 'NONE',  ( 0.000000000000000000, 0.9038919048786373533, -0.4277609429282531739 ) ) ;
#2226 = CARTESIAN_POINT ( 'NONE',  ( 74.42321040937716248, -29.84641525671879236, 17.70930696268391458 ) ) ;
#2227 = CARTESIAN_POINT ( 'NONE',  ( 116.7201666410861236, 49.51571648649370161, -1.282498866652928449 ) ) ;
#2228 = EDGE_CURVE ( 'NONE', #2933, #3864, #372, .T. ) ;
#2229 = CARTESIAN_POINT ( 'NONE',  ( 82.65183847757938906, -25.90706901628210446, 25.16500593539285191 ) ) ;
#2230 = CARTESIAN_POINT ( 'NONE',  ( 121.6565371457189713, -26.12780639248391523, -29.12955228016831200 ) ) ;
#2231 = CARTESIAN_POINT ( 'NONE',  ( 118.4053326188285524, -29.39446163177334981, 31.02089261401547304 ) ) ;
#2232 = AXIS2_PLACEMENT_3D ( 'NONE', #2415, #1382, #352 ) ;
#2233 = EDGE_LOOP ( 'NONE', ( #3183, #3200, #1721, #2688, #1231, #2655, #1411, #815 ) ) ;
#2234 = CARTESIAN_POINT ( 'NONE',  ( 32.31490397883138854, 20.88773393358294683, -12.70911857775770493 ) ) ;
#2235 = VERTEX_POINT ( 'NONE', #2031 ) ;
#2236 = CARTESIAN_POINT ( 'NONE',  ( 115.0582302332567082, -26.64387805670704168, -31.54604789371475704 ) ) ;
#2237 = CARTESIAN_POINT ( 'NONE',  ( 131.4017510391518897, -39.30513438939788529, -22.18714947278244054 ) ) ;
#2238 = VECTOR ( 'NONE', #3648, 1000.000000000000000 ) ;
#2239 = FACE_OUTER_BOUND ( 'NONE', #2247, .T. ) ;
#2240 = DIRECTION ( 'NONE',  ( 0.000000000000000000, -0.4277609429282533404, -0.9038919048786374644 ) ) ;
#2241 = CARTESIAN_POINT ( 'NONE',  ( 108.3817077872479899, -25.95650464203404084, -21.76283572278063971 ) ) ;
#2242 = VECTOR ( 'NONE', #4232, 999.9999999999998863 ) ;
#2243 = CARTESIAN_POINT ( 'NONE',  ( 0.000000000000000000, 3.233442260921343792, 2.696813823512051123 ) ) ;
#2244 = CARTESIAN_POINT ( 'NONE',  ( 118.7757540856992051, -28.96703541098711554, -31.63095122352649469 ) ) ;
#2245 = CONICAL_SURFACE ( 'NONE', #4037, 5.800000000000014921, 0.7853981633974538301 ) ;
#2246 = CARTESIAN_POINT ( 'NONE',  ( 116.7250750566208950, -48.17102452521579181, -7.702923699309957684 ) ) ;
#2247 = EDGE_LOOP ( 'NONE', ( #266, #3958, #3031, #1456 ) ) ;
#2248 = LINE ( 'NONE', #793, #659 ) ;
#2249 = CONICAL_SURFACE ( 'NONE', #906, 5.800000000000014921, 0.7853981633974538301 ) ;
#2250 = EDGE_CURVE ( 'NONE', #1133, #1740, #3062, .T. ) ;
#2251 = CARTESIAN_POINT ( 'NONE',  ( 93.41024062858816990, -29.10717837730456381, -24.00760508502168378 ) ) ;
#2252 = CARTESIAN_POINT ( 'NONE',  ( 139.3140530997617361, -45.19350797833955369, 65.76274444979590328 ) ) ;
#2253 = EDGE_CURVE ( 'NONE', #1873, #1673, #2713, .T. ) ;
#2254 = CARTESIAN_POINT ( 'NONE',  ( 87.66817465895384487, -28.66592788854100959, 25.65866756122519021 ) ) ;
#2255 = CARTESIAN_POINT ( 'NONE',  ( 92.33764674609004430, 46.44170871541020773, 6.548524203271599120 ) ) ;
#2256 = CARTESIAN_POINT ( 'NONE',  ( 117.4469917044925040, -23.28899001907153732, 29.96288180669166579 ) ) ;
#2257 = CARTESIAN_POINT ( 'NONE',  ( 113.6732104093771625, -23.92274785602176124, -22.72529784438593836 ) ) ;
#2258 = CARTESIAN_POINT ( 'NONE',  ( 121.2798125795427211, -29.29884289798999930, 27.52052761914886503 ) ) ;
#2259 = VERTEX_POINT ( 'NONE', #950 ) ;
#2260 = CARTESIAN_POINT ( 'NONE',  ( 131.3947553667301236, 16.79308129404237704, -33.20473794008906054 ) ) ;
#2261 = CARTESIAN_POINT ( 'NONE',  ( 124.1232104093771511, -17.64387454085718332, 23.48407969221533875 ) ) ;
#2262 = CARTESIAN_POINT ( 'NONE',  ( 2.321339412015000825, -1.946978140744372254, -5.840407970451197528 ) ) ;
#2263 = DIRECTION ( 'NONE',  ( 0.000000000000000000, -0.9038919048786373533, 0.4277609429282531739 ) ) ;
#2264 = CARTESIAN_POINT ( 'NONE',  ( 121.9644376653358222, -26.96740525683823719, -28.76747327764778106 ) ) ;
#2265 = CARTESIAN_POINT ( 'NONE',  ( 134.6897895703582151, -45.13319204520066563, -65.79128857138150011 ) ) ;
#2266 = CARTESIAN_POINT ( 'NONE',  ( 51.09853543125188224, -18.74155931576197176, 20.91811928265420661 ) ) ;
#2267 = DIRECTION ( 'NONE',  ( 0.000000000000000000, 0.9038919048786395738, 0.4277609429282486775 ) ) ;
#2268 = CARTESIAN_POINT ( 'NONE',  ( 43.30926810620312750, -34.16657762154287070, 3.735814599599783126 ) ) ;
#2269 = ORIENTED_EDGE ( 'NONE', *, *, #2367, .T. ) ;
#2270 = FACE_OUTER_BOUND ( 'NONE', #1826, .T. ) ;
#2271 = CARTESIAN_POINT ( 'NONE',  ( 116.7201666410861236, 49.51571648649370161, -1.282486611553035782 ) ) ;
#2272 = CARTESIAN_POINT ( 'NONE',  ( 111.4641016593650136, -40.21371350901957697, 55.39605053342883423 ) ) ;
#2273 = CARTESIAN_POINT ( 'NONE',  ( 139.0048509918063644, -44.95887250599027141, 65.87378415526823972 ) ) ;
#2274 = CARTESIAN_POINT ( 'NONE',  ( 88.43169439172679347, -28.86193592714855427, 25.72289778769300383 ) ) ;
#2275 = CARTESIAN_POINT ( 'NONE',  ( 4.918901799660963192, 10.52716937784333773, 0.2054209739301128546 ) ) ;
#2276 = CARTESIAN_POINT ( 'NONE',  ( 118.5610430891442491, -28.42027471652277981, 31.66668577141799190 ) ) ;
#2277 = CARTESIAN_POINT ( 'NONE',  ( 98.01965099536640480, -20.81830900666295392, -28.84389503866932358 ) ) ;
#2278 = CARTESIAN_POINT ( 'NONE',  ( 116.6926845025068076, -28.64173653093835981, 27.44739625543324379 ) ) ;
#2279 = ORIENTED_EDGE ( 'NONE', *, *, #396, .T. ) ;
#2280 = CARTESIAN_POINT ( 'NONE',  ( 121.4472963613462895, -25.73123735811958923, -29.29133045280531888 ) ) ;
#2281 = CARTESIAN_POINT ( 'NONE',  ( 23.91156834007562537, -9.350646429087897005, -15.98831962148295638 ) ) ;
#2282 = LINE ( 'NONE', #501, #303 ) ;
#2283 = CARTESIAN_POINT ( 'NONE',  ( 121.9980335233390036, -27.18888254376130575, -28.66480780126744321 ) ) ;
#2284 = VERTEX_POINT ( 'NONE', #1739 ) ;
#2285 = CARTESIAN_POINT ( 'NONE',  ( 117.3189776973625129, -31.81084511955431537, -37.81813749367880462 ) ) ;
#2286 = CARTESIAN_POINT ( 'NONE',  ( 130.4656281614738305, -24.77073644197423974, 30.65165900432189616 ) ) ;
#2287 = CARTESIAN_POINT ( 'NONE',  ( 75.07727001583452875, 6.729383157263977289, 31.63615914549119879 ) ) ;
#2288 = CARTESIAN_POINT ( 'NONE',  ( 44.26631466506144363, -35.26944309773888619, -0.6215901750565877570 ) ) ;
#2289 = ORIENTED_EDGE ( 'NONE', *, *, #845, .F. ) ;
#2290 = CARTESIAN_POINT ( 'NONE',  ( 91.41201140093374988, 44.67133523268599049, -9.764690174353697572 ) ) ;
#2291 = CARTESIAN_POINT ( 'NONE',  ( 90.45521913920178747, -21.00594860169882594, 27.73746284456725419 ) ) ;
#2292 = CARTESIAN_POINT ( 'NONE',  ( 118.0916708396743076, -23.74514489878799139, 20.59669332744962489 ) ) ;
#2293 = DIRECTION ( 'NONE',  ( -3.290533628671977157E-18, -0.4277609429282533404, -0.9038919048786374644 ) ) ;
#2294 = CARTESIAN_POINT ( 'NONE',  ( 116.7250750566208382, 48.17102550674302819, -7.702935465272967797 ) ) ;
#2295 = CARTESIAN_POINT ( 'NONE',  ( 107.3587758326524835, -20.12957727927344109, 22.30773709916263670 ) ) ;
#2296 = CARTESIAN_POINT ( 'NONE',  ( 85.32473996866558252, -21.70459161481712940, -26.63585158771859085 ) ) ;
#2297 = CARTESIAN_POINT ( 'NONE',  ( 118.3877029811866066, -27.24534915542732705, 28.30192814638356680 ) ) ;
#2298 = VERTEX_POINT ( 'NONE', #3495 ) ;
#2299 = DIRECTION ( 'NONE',  ( 0.000000000000000000, 0.9038919048786374644, 0.4277609429282533404 ) ) ;
#2300 = CARTESIAN_POINT ( 'NONE',  ( 77.25523553384775255, -14.19329362672763928, -29.87148019277350386 ) ) ;
#2301 = CARTESIAN_POINT ( 'NONE',  ( 139.3140530997617361, -45.19350797833955369, -65.76274444979590328 ) ) ;
#2302 = AXIS2_PLACEMENT_3D ( 'NONE', #2893, #2943, #1816 ) ;
#2303 = CARTESIAN_POINT ( 'NONE',  ( 93.87321040937715111, -18.90206770490553723, -23.22054608498472916 ) ) ;
#2304 = EDGE_CURVE ( 'NONE', #2743, #1372, #3120, .T. ) ;
#2305 = CARTESIAN_POINT ( 'NONE',  ( 121.0386765446454120, -29.54083322993154326, -27.36453372565069131 ) ) ;
#2306 = VERTEX_POINT ( 'NONE', #3101 ) ;
#2307 = CARTESIAN_POINT ( 'NONE',  ( 125.1362128771300632, -39.69567427079982735, -54.39933878107839149 ) ) ;
#2308 = CARTESIAN_POINT ( 'NONE',  ( 83.78913208788807765, -29.51966168863283713, 23.26497895200537513 ) ) ;
#2309 = CIRCLE ( 'NONE', #288, 5.800000000000003375 ) ;
#2310 = CARTESIAN_POINT ( 'NONE',  ( 74.49647921103111514, 2.143097591408290814, 32.05332510539010826 ) ) ;
#2311 = CARTESIAN_POINT ( 'NONE',  ( 130.0000000000000000, -50.00000000000000000, -1.401658594864820806 ) ) ;
#2312 = VECTOR ( 'NONE', #1856, 999.9999999999998863 ) ;
#2313 = ORIENTED_EDGE ( 'NONE', *, *, #1018, .F. ) ;
#2314 = CARTESIAN_POINT ( 'NONE',  ( 130.4686021671415972, 50.01708879153876808, -1.405863786913025493 ) ) ;
#2315 = AXIS2_PLACEMENT_3D ( 'NONE', #3193, #4620, #651 ) ;
#2316 = CARTESIAN_POINT ( 'NONE',  ( 80.61851967736733116, -24.94313702426474677, 24.15485076404604570 ) ) ;
#2317 = EDGE_CURVE ( 'NONE', #2743, #4361, #2728, .T. ) ;
#2318 = AXIS2_PLACEMENT_3D ( 'NONE', #4409, #1555, #832 ) ;
#2319 = CARTESIAN_POINT ( 'NONE',  ( 117.3189776973625129, -31.81084511955431537, 37.81813749367880462 ) ) ;
#2320 = CARTESIAN_POINT ( 'NONE',  ( 93.87321040937715111, -23.87347318173804922, -20.86786089887932860 ) ) ;
#2321 = CARTESIAN_POINT ( 'NONE',  ( 24.40882333499685330, 21.28582155377091212, -8.100444236572034384 ) ) ;
#2322 = B_SPLINE_CURVE_WITH_KNOTS ( 'NONE', 3,
 ( #763, #2917, #1063, #3292, #2941, #365 ),
 .UNSPECIFIED., .F., .F.,
 ( 4, 2, 4 ),
 ( 0.03937881002876790493, 0.03958120686449044523, 0.03978360370021299247 ),
 .UNSPECIFIED. ) ;
#2323 = DIRECTION ( 'NONE',  ( 0.000000000000000000, 0.9038919048786373533, -0.4277609429282532849 ) ) ;
#2324 = DIRECTION ( 'NONE',  ( 0.000000000000000000, 0.9038919048786377974, 0.4277609429282521192 ) ) ;
#2325 = CARTESIAN_POINT ( 'NONE',  ( 118.2059879949835448, -27.26045280532915172, 28.25680221436240203 ) ) ;
#2326 = CARTESIAN_POINT ( 'NONE',  ( 20.36349329260115582, 0.000000000000000000, -17.02055174897400036 ) ) ;
#2327 = CARTESIAN_POINT ( 'NONE',  ( 0.000000000000000000, -0.2803317184490408120, -3.500000000000000000 ) ) ;
#2328 = CARTESIAN_POINT ( 'NONE',  ( 135.7405809235568768, -44.88248158071678517, -65.90993566193598951 ) ) ;
#2329 = CARTESIAN_POINT ( 'NONE',  ( 82.68315283619280365, -26.12573965589464819, 25.05148708342371222 ) ) ;
#2330 = DIRECTION ( 'NONE',  ( 3.290533628671975616E-18, 0.4277609429282532849, 0.9038919048786374644 ) ) ;
#2331 = CARTESIAN_POINT ( 'NONE',  ( 113.6732104093771625, -18.90206770490554078, -23.22054608498471140 ) ) ;
#2332 = ORIENTED_EDGE ( 'NONE', *, *, #2317, .F. ) ;
#2333 = CARTESIAN_POINT ( 'NONE',  ( 138.0702852415943767, -44.88248158071678517, -65.90993566193598951 ) ) ;
#2334 = CARTESIAN_POINT ( 'NONE',  ( 130.0000000000005116, -32.33552578849967318, 26.96816855286980896 ) ) ;
#2335 = EDGE_CURVE ( 'NONE', #3997, #3209, #4217, .T. ) ;
#2336 = CARTESIAN_POINT ( 'NONE',  ( 20.36349329260115582, 1.243180350113174848, 17.02055174897400036 ) ) ;
#2337 = CARTESIAN_POINT ( 'NONE',  ( 129.9999999999995737, -32.33552578814153122, 26.96816855280746950 ) ) ;
#2338 = CARTESIAN_POINT ( 'NONE',  ( 83.10621434405572927, -26.61933403565803502, -25.10613583644859403 ) ) ;
#2339 = CARTESIAN_POINT ( 'NONE',  ( 130.9356835359310480, 44.07919374448891858, -16.98868443569549669 ) ) ;
#2340 = CARTESIAN_POINT ( 'NONE',  ( 96.12309356910165548, -20.79867053427444645, 28.60903231858686624 ) ) ;
#2341 = CARTESIAN_POINT ( 'NONE',  ( 138.0702852415943767, -44.88248158071678517, 65.90993566193598951 ) ) ;
#2342 = CARTESIAN_POINT ( 'NONE',  ( 118.7752337013010902, -29.01102820686869777, 31.60638989802603405 ) ) ;
#2343 = CARTESIAN_POINT ( 'NONE',  ( 36.79668298616768141, 26.39915286822497720, -10.26328614245496773 ) ) ;
#2344 = CARTESIAN_POINT ( 'NONE',  ( 124.9123266616314680, -39.40338964621657425, 54.53766057148313706 ) ) ;
#2345 = CARTESIAN_POINT ( 'NONE',  ( 113.6732104093771625, -18.96721949811559682, -14.00719950277902548 ) ) ;
#2346 = CARTESIAN_POINT ( 'NONE',  ( 100.5746964379786590, -30.58784629559761115, 27.02131976151544990 ) ) ;
#2347 = CARTESIAN_POINT ( 'NONE',  ( 123.5352077310943457, -21.31164440812851879, 31.23436065356154145 ) ) ;
#2348 = CARTESIAN_POINT ( 'NONE',  ( 74.49647921103111514, -2.143118070277090226, -32.05332510539010826 ) ) ;
#2349 = DIRECTION ( 'NONE',  ( -3.290533628671975616E-18, -0.4277609429282532849, 0.9038919048786374644 ) ) ;
#2350 = CARTESIAN_POINT ( 'NONE',  ( 118.0916708396743076, -23.74514489878799139, 20.59669332744962489 ) ) ;
#2351 = CARTESIAN_POINT ( 'NONE',  ( 121.4852768367773024, -29.04642786766165585, 27.67626075014570830 ) ) ;
#2352 = CARTESIAN_POINT ( 'NONE',  ( 100.8459723347732222, -31.73501883910462951, -23.44922024115233583 ) ) ;
#2353 = VERTEX_POINT ( 'NONE', #1345 ) ;
#2354 = DIRECTION ( 'NONE',  ( 0.000000000000000000, 0.9038919048786373533, 0.4277609429282533404 ) ) ;
#2355 = CARTESIAN_POINT ( 'NONE',  ( 83.26899582982082393, -25.58832125713298922, -25.94392463341018384 ) ) ;
#2356 = CARTESIAN_POINT ( 'NONE',  ( 131.3928290221502380, -2.828548342018891049, 35.00000000000000000 ) ) ;
#2357 = CARTESIAN_POINT ( 'NONE',  ( 0.000000000000000000, 0.2803317189729622183, 3.500000000000000000 ) ) ;
#2358 = CARTESIAN_POINT ( 'NONE',  ( 51.09853543125241515, -18.74157032516701094, 20.91812178477239215 ) ) ;
#2359 = EDGE_LOOP ( 'NONE', ( #2772, #3909, #1036, #2975, #1777, #4118 ) ) ;
#2360 = CARTESIAN_POINT ( 'NONE',  ( 131.4035253038964015, 44.10174850981954364, -17.02099923888351540 ) ) ;
#2361 = CARTESIAN_POINT ( 'NONE',  ( 80.91353433763720204, -26.40536262646168097, -23.37039655156326035 ) ) ;
#2362 = CARTESIAN_POINT ( 'NONE',  ( 139.3516413448148796, -45.09246137588908709, 65.81056409472317625 ) ) ;
#2363 = LINE ( 'NONE', #1309, #4621 ) ;
#2364 = CARTESIAN_POINT ( 'NONE',  ( 83.78913208788740974, 29.51967192985585342, -23.26498407266391055 ) ) ;
#2365 = FACE_OUTER_BOUND ( 'NONE', #641, .T. ) ;
#2366 = CARTESIAN_POINT ( 'NONE',  ( 93.87321040937715111, -23.74514489885957147, 20.59669332741573911 ) ) ;
#2367 = EDGE_CURVE ( 'NONE', #1689, #2306, #4054, .T. ) ;
#2368 = CARTESIAN_POINT ( 'NONE',  ( 84.26111232112361904, -27.39543086726161647, 25.32316509134476590 ) ) ;
#2369 = DIRECTION ( 'NONE',  ( -1.000000000000000000, 1.407561767737850338E-18, 2.974286709687527903E-18 ) ) ;
#2370 = CARTESIAN_POINT ( 'NONE',  ( 115.0177809679165222, -26.25905704328201651, -19.40700081713564629 ) ) ;
#2371 = ADVANCED_FACE ( 'NONE', ( #3843 ), #1651, .T. ) ;
#2372 = CARTESIAN_POINT ( 'NONE',  ( 81.92949033090927458, -25.55885108797863836, 24.05714481462267784 ) ) ;
#2373 = DIRECTION ( 'NONE',  ( -3.290533628671975231E-18, -0.4277609429282532849, 0.9038919048786373533 ) ) ;
#2374 = CARTESIAN_POINT ( 'NONE',  ( 113.6732104093771625, -20.32305735543355496, 13.36555808838664561 ) ) ;
#2375 = EDGE_LOOP ( 'NONE', ( #49, #4500, #4569, #3380 ) ) ;
#2376 = CARTESIAN_POINT ( 'NONE',  ( 125.1362128771300632, -39.73354473372631190, -54.38141683173564189 ) ) ;
#2377 = CARTESIAN_POINT ( 'NONE',  ( 83.30487462011070932, -24.18104540848325712, -25.07470309314286894 ) ) ;
#2378 = CARTESIAN_POINT ( 'NONE',  ( 91.41201140093401989, -44.67133523268618944, 9.764690174353733099 ) ) ;
#2379 = CARTESIAN_POINT ( 'NONE',  ( 7.047958085399730344, 9.954669504979982264, 4.895579428054218418 ) ) ;
#2380 = CARTESIAN_POINT ( 'NONE',  ( 130.0000000000003695, -39.22622868398401863, 22.08680587672406759 ) ) ;
#2381 = B_SPLINE_CURVE_WITH_KNOTS ( 'NONE', 3,
 ( #2244, #1819, #421, #41, #1845, #4370 ),
 .UNSPECIFIED., .F., .F.,
 ( 4, 2, 4 ),
 ( 7.234755047994154110E-05, 0.0002358186959072480575, 0.0003992898413345545875 ),
 .UNSPECIFIED. ) ;
#2382 = EDGE_LOOP ( 'NONE', ( #1697, #3704, #2222, #2486 ) ) ;
#2383 = VECTOR ( 'NONE', #2119, 999.9999999999998863 ) ;
#2384 = CARTESIAN_POINT ( 'NONE',  ( 130.0000000000000000, 49.99999999999999289, 1.401658592245201396 ) ) ;
#2385 = CARTESIAN_POINT ( 'NONE',  ( 73.62321040937716532, -21.32834265930705797, 24.73840301617873294 ) ) ;
#2386 = AXIS2_PLACEMENT_3D ( 'NONE', #3990, #4367, #2240 ) ;
#2387 = EDGE_CURVE ( 'NONE', #2829, #2681, #3080, .T. ) ;
#2388 = AXIS2_PLACEMENT_3D ( 'NONE', #4331, #78, #1545 ) ;
#2389 = DIRECTION ( 'NONE',  ( 0.000000000000000000, 0.9038919048786369093, -0.4277609429282543951 ) ) ;
#2390 = CARTESIAN_POINT ( 'NONE',  ( 131.4046405560211213, 47.06496979617560328, -12.23151706884635992 ) ) ;
#2391 = EDGE_CURVE ( 'NONE', #4010, #1214, #743, .T. ) ;
#2392 = AXIS2_PLACEMENT_3D ( 'NONE', #4176, #4106, #3841 ) ;
#2393 = CARTESIAN_POINT ( 'NONE',  ( 117.5517712539160442, -24.61497829503941048, 20.18505035137833303 ) ) ;
#2394 = DIRECTION ( 'NONE',  ( 0.000000000000000000, 0.9038919048786374644, -0.4277609429282533404 ) ) ;
#2395 = CARTESIAN_POINT ( 'NONE',  ( 109.8957268734195623, -30.73183108223985727, 28.45930117357439570 ) ) ;
#2396 = ADVANCED_FACE ( 'NONE', ( #2463 ), #2074, .F. ) ;
#2397 = DIRECTION ( 'NONE',  ( 3.290533628671975231E-18, 0.4277609429282532849, -0.9038919048786375754 ) ) ;
#2398 = CARTESIAN_POINT ( 'NONE',  ( 139.3799326301305541, -45.13319204520066563, -65.79128857138150011 ) ) ;
#2399 = CARTESIAN_POINT ( 'NONE',  ( 83.30487462012766287, -24.18104540849111928, 25.07470309314796353 ) ) ;
#2400 = CARTESIAN_POINT ( 'NONE',  ( 121.6565371457189713, -26.12780639248391523, 29.12955228016831200 ) ) ;
#2401 = CARTESIAN_POINT ( 'NONE',  ( 81.02008374352658393, -26.60028395758170561, -23.27563733346321584 ) ) ;
#2402 = ORIENTED_EDGE ( 'NONE', *, *, #4374, .F. ) ;
#2403 = PLANE ( 'NONE',  #4022 ) ;
#2404 = VERTEX_POINT ( 'NONE', #662 ) ;
#2405 = CARTESIAN_POINT ( 'NONE',  ( 81.91788889661741280, -25.44735616020444624, -24.11765965061745831 ) ) ;
#2406 = CARTESIAN_POINT ( 'NONE',  ( 0.000000000000000000, -4.975386527000265069, 0.4203602064379698411 ) ) ;
#2407 = CARTESIAN_POINT ( 'NONE',  ( 87.27387691670861614, 36.58739742722147525, 18.54018535723951899 ) ) ;
#2408 = CARTESIAN_POINT ( 'NONE',  ( 116.7417157824574616, -43.39490341878748580, 16.00828768754458409 ) ) ;
#2409 = CARTESIAN_POINT ( 'NONE',  ( 123.3232104093771540, -39.86414998258338471, -68.56703411983463070 ) ) ;
#2410 = CARTESIAN_POINT ( 'NONE',  ( 40.06464684568363310, 30.32165310494037413, 7.768918308037196852 ) ) ;
#2411 = CARTESIAN_POINT ( 'NONE',  ( 118.1911374278555513, -28.03739868028269555, 31.62260972854381791 ) ) ;
#2412 = CARTESIAN_POINT ( 'NONE',  ( 114.2518250149006320, -29.20720778233827275, -26.85810974670832962 ) ) ;
#2413 = CARTESIAN_POINT ( 'NONE',  ( 13.98690629757346215, -3.224254192620859438, -13.60264213475800688 ) ) ;
#2414 = PERSON_AND_ORGANIZATION ( #90, #533 ) ;
#2415 = CARTESIAN_POINT ( 'NONE',  ( 113.6732104093771625, -20.32305735543355496, -13.36555808838664561 ) ) ;
#2416 = FACE_OUTER_BOUND ( 'NONE', #1680, .T. ) ;
#2417 = FACE_OUTER_BOUND ( 'NONE', #2551, .T. ) ;
#2418 = DIRECTION ( 'NONE',  ( 0.000000000000000000, 0.9038919048786373533, -0.4277609429282533404 ) ) ;
#2419 = DIRECTION ( 'NONE',  ( -0.000000000000000000, 0.4277609429282503428, -0.9038919048786389077 ) ) ;
#2420 = VERTEX_POINT ( 'NONE', #3474 ) ;
#2421 = DIRECTION ( 'NONE',  ( 3.290533628671976001E-18, 0.4277609429282533404, -0.9038919048786374644 ) ) ;
#2422 = ORIENTED_EDGE ( 'NONE', *, *, #1342, .T. ) ;
#2423 = CARTESIAN_POINT ( 'NONE',  ( 84.33964404902096135, -23.92331871732333326, -25.39964721461534580 ) ) ;
#2424 = CARTESIAN_POINT ( 'NONE',  ( 129.9999999999997726, -39.22622868376774363, 22.08680587660832018 ) ) ;
#2425 = CARTESIAN_POINT ( 'NONE',  ( 11.18374942461127652, 15.66263231203299533, 2.394048666767567113 ) ) ;
#2426 = CARTESIAN_POINT ( 'NONE',  ( 87.27387691670915615, -36.58740382825319415, 18.54019239833984756 ) ) ;
#2427 = CARTESIAN_POINT ( 'NONE',  ( 104.0479202786016515, -30.75136168953523352, -27.50195797923941399 ) ) ;
#2428 = CARTESIAN_POINT ( 'NONE',  ( 27.94483090126537661, 26.50230112831797769, 4.303951532363322841 ) ) ;
#2429 = CARTESIAN_POINT ( 'NONE',  ( 73.62321040937713690, -29.83427491886938654, 19.55385696178821320 ) ) ;
#2430 = CARTESIAN_POINT ( 'NONE',  ( 118.0956305292102115, -30.94398906151338124, -26.24391924091908379 ) ) ;
#2431 = CARTESIAN_POINT ( 'NONE',  ( 21.11045646049063507, 4.138934613057652534, -16.82782680763708782 ) ) ;
#2432 = ORIENTED_EDGE ( 'NONE', *, *, #3847, .F. ) ;
#2433 = CARTESIAN_POINT ( 'NONE',  ( 73.62321040937716532, -19.32752450331342686, -25.66898794899035252 ) ) ;
#2434 = DIRECTION ( 'NONE',  ( 1.000000000000000000, -1.374038396813312784E-16, -6.870191984066563922E-17 ) ) ;
#2435 = CARTESIAN_POINT ( 'NONE',  ( 109.7635695258290269, -25.53688507492510595, 31.29404433327144375 ) ) ;
#2436 = CARTESIAN_POINT ( 'NONE',  ( 123.8154733947285422, -33.32272186014295556, -25.43104714423559543 ) ) ;
#2437 = DIRECTION ( 'NONE',  ( 3.290533628671976386E-18, 0.4277609429282533959, 0.9038919048786374644 ) ) ;
#2438 = ORIENTED_EDGE ( 'NONE', *, *, #2387, .T. ) ;
#2439 = LINE ( 'NONE', #1741, #2013 ) ;
#2440 = VERTEX_POINT ( 'NONE', #272 ) ;
#2441 = CARTESIAN_POINT ( 'NONE',  ( 101.7203942413993190, -23.40158580879811012, -28.24652633795768608 ) ) ;
#2442 = CARTESIAN_POINT ( 'NONE',  ( 116.7584762257466622, -38.48084488617364940, 21.13891007465456440 ) ) ;
#2443 = EDGE_CURVE ( 'NONE', #3273, #971, #4416, .T. ) ;
#2444 = CARTESIAN_POINT ( 'NONE',  ( 116.8389263535344895, -7.812764898930837809, 34.60576158114845668 ) ) ;
#2445 = CARTESIAN_POINT ( 'NONE',  ( 115.3175086501906605, -30.23815220242105539, -29.65580195100624294 ) ) ;
#2446 = EDGE_CURVE ( 'NONE', #1529, #1719, #1669, .T. ) ;
#2447 = EDGE_CURVE ( 'NONE', #2933, #3734, #596, .T. ) ;
#2448 = CARTESIAN_POINT ( 'NONE',  ( 67.41748257341450312, 42.54371922178950172, 0.8377365992724673527 ) ) ;
#2449 = CARTESIAN_POINT ( 'NONE',  ( 94.18417693160940019, -24.52821295903006416, 29.51785518278911624 ) ) ;
#2450 = AXIS2_PLACEMENT_3D ( 'NONE', #3824, #2421, #1347 ) ;
#2451 = AXIS2_PLACEMENT_3D ( 'NONE', #3998, #745, #4297 ) ;
#2452 = CARTESIAN_POINT ( 'NONE',  ( 121.9857911601787777, -26.94449041784186605, -28.78206661158922586 ) ) ;
#2453 = CARTESIAN_POINT ( 'NONE',  ( 2.275309583650864997, 1.332654313096456100, -6.078275149453407522 ) ) ;
#2454 = ADVANCED_FACE ( 'NONE', ( #4496 ), #3842, .F. ) ;
#2455 = PERSON_AND_ORGANIZATION ( #90, #533 ) ;
#2456 = ORIENTED_EDGE ( 'NONE', *, *, #2335, .T. ) ;
#2457 = VECTOR ( 'NONE', #981, 999.9999999999998863 ) ;
#2458 = CARTESIAN_POINT ( 'NONE',  ( 85.03609272373741135, -25.25662820914305939, -27.12131635603770619 ) ) ;
#2459 = CARTESIAN_POINT ( 'NONE',  ( 93.87321040937715111, -20.32305735543354785, -13.36555808838664916 ) ) ;
#2460 = AXIS2_PLACEMENT_3D ( 'NONE', #599, #989, #4133 ) ;
#2461 = CARTESIAN_POINT ( 'NONE',  ( 86.71799001562543197, -23.57072303251989354, 25.99203430461227171 ) ) ;
#2462 = DIRECTION ( 'NONE',  ( -3.290533628671975231E-18, -0.4277609429282532849, -0.9038919048786373533 ) ) ;
#2463 = FACE_OUTER_BOUND ( 'NONE', #4611, .T. ) ;
#2464 = ORIENTED_EDGE ( 'NONE', *, *, #2870, .F. ) ;
#2465 = ORIENTED_EDGE ( 'NONE', *, *, #3486, .T. ) ;
#2466 = CC_DESIGN_SECURITY_CLASSIFICATION ( #159, ( #1197 ) ) ;
#2467 = CARTESIAN_POINT ( 'NONE',  ( 92.20484764990253268, -20.90130653688871121, -28.03219526604198464 ) ) ;
#2468 = CARTESIAN_POINT ( 'NONE',  ( 11.18374942461132093, -15.66263231203303086, 2.394048666767570221 ) ) ;
#2469 = CARTESIAN_POINT ( 'NONE',  ( 74.42321040937716248, -17.64387454085717621, 23.48407969221534231 ) ) ;
#2470 = CARTESIAN_POINT ( 'NONE',  ( 136.3868369820790178, -44.88246416437282704, -65.90994390410706671 ) ) ;
#2471 = CARTESIAN_POINT ( 'NONE',  ( 130.9371367432451336, 49.79300440040362474, 4.228214458201216885 ) ) ;
#2472 = ADVANCED_FACE ( 'NONE', ( #333 ), #1008, .T. ) ;
#2473 = LINE ( 'NONE', #4577, #2457 ) ;
#2474 = CARTESIAN_POINT ( 'NONE',  ( 131.4046405560211497, -47.06497002927845585, -12.23151824948707400 ) ) ;
#2475 = CARTESIAN_POINT ( 'NONE',  ( 82.13390451348429622, -27.74725772809424029, 22.79423503128034056 ) ) ;
#2476 = CARTESIAN_POINT ( 'NONE',  ( 122.0104309721992593, -27.58508902950548958, -28.47352151895739780 ) ) ;
#2477 = CARTESIAN_POINT ( 'NONE',  ( 75.07727001583488402, 6.729403002611674900, -31.63615946554426728 ) ) ;
#2478 = VERTEX_POINT ( 'NONE', #1 ) ;
#2479 = CARTESIAN_POINT ( 'NONE',  ( 93.87321040937715111, -23.74514489885957147, -20.59669332741573911 ) ) ;
#2480 = DIRECTION ( 'NONE',  ( 3.290533628671975616E-18, 0.4277609429282533404, 0.9038919048786373533 ) ) ;
#2481 = CARTESIAN_POINT ( 'NONE',  ( 110.0574148030436277, -24.31463768684540483, 28.82581692469378964 ) ) ;
#2482 = DIRECTION ( 'NONE',  ( -3.290533628671976001E-18, -0.4277609429282533404, 0.9038919048786374644 ) ) ;
#2483 = CARTESIAN_POINT ( 'NONE',  ( 118.7493593900924225, -28.77486040905256104, 31.69284581592563654 ) ) ;
#2484 = VERTEX_POINT ( 'NONE', #2832 ) ;
#2485 = DIRECTION ( 'NONE',  ( -3.290533628671975616E-18, -0.4277609429282532849, -0.9038919048786374644 ) ) ;
#2486 = ORIENTED_EDGE ( 'NONE', *, *, #2991, .T. ) ;
#2487 = CARTESIAN_POINT ( 'NONE',  ( 111.5752844346769876, -25.83998522615911142, -31.40386334440513494 ) ) ;
#2488 = CARTESIAN_POINT ( 'NONE',  ( 130.4686021671415972, -50.01708879153876808, 1.405863786913031266 ) ) ;
#2489 = CARTESIAN_POINT ( 'NONE',  ( 118.7757540856992051, -28.96703541098711554, -31.63095122352649469 ) ) ;
#2490 = CARTESIAN_POINT ( 'NONE',  ( 74.42321040937713406, -30.56002895521314144, -19.21722781413889081 ) ) ;
#2491 = CARTESIAN_POINT ( 'NONE',  ( 123.3232104093771540, -50.62046365063918074, 63.47667889898840343 ) ) ;
#2492 = CARTESIAN_POINT ( 'NONE',  ( 27.83312497149515607, 15.06311182294019879, 14.61505274870731697 ) ) ;
#2493 = DIRECTION ( 'NONE',  ( 3.290533628671975231E-18, 0.4277609429282532849, -0.9038919048786373533 ) ) ;
#2494 = CARTESIAN_POINT ( 'NONE',  ( 116.7584762257466622, -38.48084488617364940, -21.13891007465456440 ) ) ;
#2495 = CARTESIAN_POINT ( 'NONE',  ( 95.14170699917980301, -31.22443548532585567, 22.88392966737876577 ) ) ;
#2496 = CARTESIAN_POINT ( 'NONE',  ( 118.2361842633393536, -27.82262903398476439, -28.03309424592447385 ) ) ;
#2497 = CARTESIAN_POINT ( 'NONE',  ( 131.3968844844240209, 24.83609363738954201, -30.69107468608298106 ) ) ;
#2498 = EDGE_CURVE ( 'NONE', #3671, #2484, #4260, .T. ) ;
#2499 = CALENDAR_DATE ( 2025, 8, 12 ) ;
#2500 = ORIENTED_EDGE ( 'NONE', *, *, #2446, .T. ) ;
#2501 = FACE_OUTER_BOUND ( 'NONE', #2375, .T. ) ;
#2502 = DIRECTION ( 'NONE',  ( 0.000000000000000000, 0.9038919048786395738, -0.4277609429282486775 ) ) ;
#2503 = CARTESIAN_POINT ( 'NONE',  ( 0.000000000000000000, 3.922680848140406518, 2.208651666413131043 ) ) ;
#2504 = ADVANCED_FACE ( 'NONE', ( #3139 ), #987, .F. ) ;
#2505 = CARTESIAN_POINT ( 'NONE',  ( 85.89046338392820701, -23.67266865171114532, 25.80052090322304892 ) ) ;
#2506 = CARTESIAN_POINT ( 'NONE',  ( 85.19792200758580236, -29.20670937160480207, 22.45401296157232807 ) ) ;
#2507 = CARTESIAN_POINT ( 'NONE',  ( 113.6732104093771625, -23.87347318173805633, -20.86786089887933571 ) ) ;
#2508 = VERTEX_POINT ( 'NONE', #3159 ) ;
#2509 = CARTESIAN_POINT ( 'NONE',  ( 0.000000000000000000, 3.233442260729119777, -2.696813823565403556 ) ) ;
#2510 = ORIENTED_EDGE ( 'NONE', *, *, #19, .F. ) ;
#2511 = CARTESIAN_POINT ( 'NONE',  ( 86.56951274435832033, -25.02930858606337594, -27.73837028612898692 ) ) ;
#2512 = CARTESIAN_POINT ( 'NONE',  ( 116.7311806466761652, -46.43679054510327120, -11.38478978835917133 ) ) ;
#2513 = EDGE_CURVE ( 'NONE', #1026, #3997, #3581, .T. ) ;
#2514 = CARTESIAN_POINT ( 'NONE',  ( 130.0000000000001421, -8.410036173537422499, 34.67073453029551899 ) ) ;
#2515 = DIRECTION ( 'NONE',  ( 0.000000000000000000, 0.9038919048786373533, 0.4277609429282532849 ) ) ;
#2516 = FACE_OUTER_BOUND ( 'NONE', #1968, .T. ) ;
#2517 = CARTESIAN_POINT ( 'NONE',  ( 130.0000000000002842, 8.410036173537349669, 34.67073453029553320 ) ) ;
#2518 = DIRECTION ( 'NONE',  ( -0.000000000000000000, -0.4277609429282503428, -0.9038919048786389077 ) ) ;
#2519 = CARTESIAN_POINT ( 'NONE',  ( 8.938605554753566551, -12.60242780272437990, -4.144432459937953617 ) ) ;
#2520 = CARTESIAN_POINT ( 'NONE',  ( 93.87321040937715111, -24.60066678471608270, -22.40447713717302136 ) ) ;
#2521 = EDGE_CURVE ( 'NONE', #3209, #4202, #3280, .T. ) ;
#2522 = CARTESIAN_POINT ( 'NONE',  ( 108.9765803247053668, -30.76085460468432231, -28.29465290669974209 ) ) ;
#2523 = CIRCLE ( 'NONE', #3125, 5.500000000000004441 ) ;
#2524 = CARTESIAN_POINT ( 'NONE',  ( 47.20424122687287394, -11.86144881716641208, -23.06043238651390581 ) ) ;
#2525 = ORIENTED_EDGE ( 'NONE', *, *, #3423, .F. ) ;
#2526 = CARTESIAN_POINT ( 'NONE',  ( 90.65713147022253793, -19.90270710872930238, 28.25716733925251845 ) ) ;
#2527 = EDGE_CURVE ( 'NONE', #4264, #3734, #597, .T. ) ;
#2528 = CARTESIAN_POINT ( 'NONE',  ( 102.4785505563495747, -30.68969353561101343, 27.28010265598502571 ) ) ;
#2529 = CARTESIAN_POINT ( 'NONE',  ( 0.000000000000000000, 3.233442260729119777, 2.696813823565403556 ) ) ;
#2530 = AXIS2_PLACEMENT_3D ( 'NONE', #4308, #2188, #2137 ) ;
#2531 = CARTESIAN_POINT ( 'NONE',  ( 89.53900102642114689, -24.72721692970486274, 28.58385087275702219 ) ) ;
#2532 = CARTESIAN_POINT ( 'NONE',  ( 115.1518982061837306, -31.49395609735421075, 25.56234488109607383 ) ) ;
#2533 = LINE ( 'NONE', #5, #1338 ) ;
#2534 = ORIENTED_EDGE ( 'NONE', *, *, #2716, .F. ) ;
#2535 = CARTESIAN_POINT ( 'NONE',  ( 130.9328785078586179, 32.39662890275103280, -27.02497780066208222 ) ) ;
#2536 = ORIENTED_EDGE ( 'NONE', *, *, #2660, .T. ) ;
#2537 = CARTESIAN_POINT ( 'NONE',  ( 99.47588834050972650, -25.10098275617752961, -19.95505191302336101 ) ) ;
#2538 = CARTESIAN_POINT ( 'NONE',  ( 130.4686021671415972, -50.01708879153876808, -1.405863351758315005 ) ) ;
#2539 = AXIS2_PLACEMENT_3D ( 'NONE', #2053, #2419, #315 ) ;
#2540 = DIRECTION ( 'NONE',  ( -0.000000000000000000, -0.4277609429282503428, -0.9038919048786389077 ) ) ;
#2541 = DIRECTION ( 'NONE',  ( 0.000000000000000000, 0.4277609429282533404, -0.9038919048786374644 ) ) ;
#2542 = AXIS2_PLACEMENT_3D ( 'NONE', #371, #1067, #2895 ) ;
#2543 = DIRECTION ( 'NONE',  ( -3.290533628671976386E-18, -0.4277609429282532849, 0.9038919048786374644 ) ) ;
#2544 = CARTESIAN_POINT ( 'NONE',  ( 130.4672503463840485, 39.25253058578847742, 22.12025374207691542 ) ) ;
#2545 = DIRECTION ( 'NONE',  ( 0.000000000000000000, 0.9038919048786374644, 0.4277609429282532849 ) ) ;
#2546 = B_SPLINE_CURVE_WITH_KNOTS ( 'NONE', 3,
 ( #2217, #2144, #441, #4014, #2196, #1163, #4292, #2586, #3263, #2490 ),
 .UNSPECIFIED., .F., .F.,
 ( 4, 2, 2, 2, 4 ),
 ( 0.0008029754139767791149, 0.01314319768183046765, 0.02548341994968415791, 0.03782364221753784644, 0.05016386448539153498 ),
 .UNSPECIFIED. ) ;
#2547 = CARTESIAN_POINT ( 'NONE',  ( 130.9356835359307354, -44.07919374448863437, -16.98868443569554643 ) ) ;
#2548 = ORIENTED_EDGE ( 'NONE', *, *, #3418, .F. ) ;
#2549 = CARTESIAN_POINT ( 'NONE',  ( 113.6732104093771625, -23.74514489885957857, -20.59669332741573555 ) ) ;
#2550 = CARTESIAN_POINT ( 'NONE',  ( 113.4157954158677200, -31.68096755555571775, -25.23011674172261110 ) ) ;
#2551 = EDGE_LOOP ( 'NONE', ( #478, #3357, #3578, #1578, #643 ) ) ;
#2552 = CARTESIAN_POINT ( 'NONE',  ( 99.26854159886420348, -25.18658089901036590, 20.13592739887205241 ) ) ;
#2553 = CYLINDRICAL_SURFACE ( 'NONE', #1790, 5.500000000000004441 ) ;
#2554 = CARTESIAN_POINT ( 'NONE',  ( 44.07957387308902497, 35.05963119624610158, -1.876276163781551043 ) ) ;
#2555 = CARTESIAN_POINT ( 'NONE',  ( 124.1232104093771511, -39.86414998258338471, -68.56703411983463070 ) ) ;
#2556 = CARTESIAN_POINT ( 'NONE',  ( 103.7247260337629484, -21.06891170798023438, -29.43048871600674588 ) ) ;
#2557 = CARTESIAN_POINT ( 'NONE',  ( -1.278143573239510503E-16, -22.38930704154162044, 21.23833474180811720 ) ) ;
#2558 = EDGE_LOOP ( 'NONE', ( #2464, #3603, #380, #1389 ) ) ;
#2559 = CARTESIAN_POINT ( 'NONE',  ( 2.275309583650844125, 1.332650509361829494, -6.078275088103120893 ) ) ;
#2560 = ORIENTED_EDGE ( 'NONE', *, *, #3832, .F. ) ;
#2561 = CARTESIAN_POINT ( 'NONE',  ( 99.37226126224790335, -25.14380230098474200, -20.04553291780344892 ) ) ;
#2562 = CARTESIAN_POINT ( 'NONE',  ( 130.4685683716227516, -49.77560120515156683, -4.216420762407003586 ) ) ;
#2563 = DIRECTION ( 'NONE',  ( -3.290533628671975231E-18, -0.4277609429282532849, 0.9038919048786375754 ) ) ;
#2564 = LINE ( 'NONE', #3666, #1712 ) ;
#2565 = CARTESIAN_POINT ( 'NONE',  ( 117.3189776973625129, -31.87966750198260968, -37.78556775050133609 ) ) ;
#2566 = CARTESIAN_POINT ( 'NONE',  ( 130.9285526814335014, 2.820136222542879878, 35.00000000000000000 ) ) ;
#2567 = CARTESIAN_POINT ( 'NONE',  ( 82.65183847757938906, -25.90706901628209735, -25.16500593539283059 ) ) ;
#2568 = CARTESIAN_POINT ( 'NONE',  ( 131.3993177617880121, -32.42718045987636799, -27.05338242455827924 ) ) ;
#2569 = VERTEX_POINT ( 'NONE', #4281 ) ;
#2570 = CARTESIAN_POINT ( 'NONE',  ( 101.3732104093771511, -22.21170408430874943, -19.10973022487138806 ) ) ;
#2571 = ADVANCED_FACE ( 'NONE', ( #2071 ), #4583, .F. ) ;
#2572 = CARTESIAN_POINT ( 'NONE',  ( 81.42835540730595767, -27.13789134763038291, -23.03170147949391477 ) ) ;
#2573 = ORIENTED_EDGE ( 'NONE', *, *, #2991, .F. ) ;
#2574 = CARTESIAN_POINT ( 'NONE',  ( 138.0702852415943767, -45.38390250968454609, 65.67264148082701070 ) ) ;
#2575 = CARTESIAN_POINT ( 'NONE',  ( 117.8466242322703863, -29.63704304212605578, 30.60377063581210066 ) ) ;
#2576 = CARTESIAN_POINT ( 'NONE',  ( 130.4686021671415972, 50.01708879153876097, -1.405863351758321000 ) ) ;
#2577 = CARTESIAN_POINT ( 'NONE',  ( 134.6897895703582151, -45.13319204520066563, -65.79128857138150011 ) ) ;
#2578 = CARTESIAN_POINT ( 'NONE',  ( 116.0519140848690967, -22.86232334413098144, -30.00467162968153190 ) ) ;
#2579 = CARTESIAN_POINT ( 'NONE',  ( 93.87321040937715111, -18.50257185056346643, 23.07770679639961386 ) ) ;
#2580 = VERTEX_POINT ( 'NONE', #26 ) ;
#2581 = CARTESIAN_POINT ( 'NONE',  ( 129.9999999999998295, 8.410036169912766368, -34.67073453028280028 ) ) ;
#2582 = EDGE_LOOP ( 'NONE', ( #4236, #2735, #3881, #4185 ) ) ;
#2583 = CARTESIAN_POINT ( 'NONE',  ( 101.3732104093771511, -22.21170408430874943, 19.10973022487138806 ) ) ;
#2584 = CARTESIAN_POINT ( 'NONE',  ( 130.0000000000000000, -50.00000000000000000, 1.401658594864820806 ) ) ;
#2585 = DIRECTION ( 'NONE',  ( 3.290533628671978697E-18, 0.4277609429282533404, 0.9038919048786374644 ) ) ;
#2586 = CARTESIAN_POINT ( 'NONE',  ( 82.51898740097524865, -31.20796888873536545, -20.58637492876116681 ) ) ;
#2587 = CARTESIAN_POINT ( 'NONE',  ( 139.3516413448148796, -45.17392271451224417, -65.77201304803985238 ) ) ;
#2588 = CARTESIAN_POINT ( 'NONE',  ( 2.006231500456002959, 0.5812312314850004435, 5.864981991046372301 ) ) ;
#2589 = EDGE_CURVE ( 'NONE', #2235, #2284, #1715, .T. ) ;
#2590 = CARTESIAN_POINT ( 'NONE',  ( 82.67143536913046376, -25.83486144092772108, 25.23328904521278204 ) ) ;
#2591 = CARTESIAN_POINT ( 'NONE',  ( 28.73577996214125108, -27.65241839282528957, 2.896755917646901768 ) ) ;
#2592 = ADVANCED_FACE ( 'NONE', ( #2416 ), #3839, .T. ) ;
#2593 = ADVANCED_FACE ( 'NONE', ( #287 ), #2553, .F. ) ;
#2594 = EDGE_LOOP ( 'NONE', ( #2032, #4288, #3449, #2618 ) ) ;
#2595 = CARTESIAN_POINT ( 'NONE',  ( 73.62321040937716532, -50.62046365063918074, 63.47667889898840343 ) ) ;
#2596 = CARTESIAN_POINT ( 'NONE',  ( 100.8894094923928435, -29.72644779432095419, -24.78899242233785571 ) ) ;
#2597 = CARTESIAN_POINT ( 'NONE',  ( 139.3799326301305541, -45.14011058862534043, 65.78801441587346233 ) ) ;
#2598 = CARTESIAN_POINT ( 'NONE',  ( 118.7254163026809266, -29.14363735872126426, 31.46450186829229168 ) ) ;
#2599 = CARTESIAN_POINT ( 'NONE',  ( 43.30926810620334066, 34.16657714582596839, 3.735808896793955114 ) ) ;
#2600 = DIRECTION ( 'NONE',  ( 3.290533628671976001E-18, 0.4277609429282533404, -0.9038919048786374644 ) ) ;
#2601 = DIRECTION ( 'NONE',  ( 1.000000000000000000, -1.407561767737850723E-18, -2.974286709687525977E-18 ) ) ;
#2602 = CARTESIAN_POINT ( 'NONE',  ( 120.2433701700613824, -30.11291937086482307, 26.96328132713272296 ) ) ;
#2603 = AXIS2_PLACEMENT_3D ( 'NONE', #4002, #1803, #3674 ) ;
#2604 = ORIENTED_EDGE ( 'NONE', *, *, #3205, .T. ) ;
#2605 = CARTESIAN_POINT ( 'NONE',  ( 130.9288230455848350, 8.452189370889598763, -34.67531992581432121 ) ) ;
#2606 = CARTESIAN_POINT ( 'NONE',  ( 99.16471303150633787, -25.22931103905600736, -20.22621948448694695 ) ) ;
#2607 = CARTESIAN_POINT ( 'NONE',  ( 130.9312563229493378, -24.80341474266555224, -30.67136677763924979 ) ) ;
#2608 =( BOUNDED_SURFACE ( )  B_SPLINE_SURFACE ( 3, 2, ( 
 ( #4112, #883, #1253 ),
 ( #580, #2752, #2707 ),
 ( #1628, #2657, #183 ),
 ( #974, #4180, #1675 ),
 ( #3104, #2405, #3736 ),
 ( #4086, #276, #3826 ),
 ( #909, #4502, #3458 ),
 ( #230, #536, #255 ),
 ( #1963, #4524, #624 ),
 ( #558, #2058, #1698 ),
 ( #3410, #1302, #205 ),
 ( #2731, #3057, #1281 ),
 ( #2355, #3781, #1654 ),
 ( #4157, #2377, #3801 ),
 ( #604, #1436, #3525 ),
 ( #3499, #2423, #4614 ),
 ( #3891, #2796, #3867 ),
 ( #4289, #1412, #666 ),
 ( #3213, #4239, #3591 ),
 ( #2511, #1766, #3848 ),
 ( #2141, #2865, #295 ),
 ( #1037, #3186, #1016 ),
 ( #1350, #3166, #2817 ),
 ( #1390, #1085, #4592 ),
 ( #1723, #1788, #361 ),
 ( #644, #1373, #2467 ),
 ( #320, #3935, #3912 ),
 ( #1743, #3147, #3566 ),
 ( #4203, #4572, #687 ),
 ( #4221, #2441, #2100 ),
 ( #9, #1060, #4267 ),
 ( #2841, #2121, #1812 ),
 ( #734, #2165, #391 ),
 ( #3544, #4549, #2775 ),
 ( #2078, #994, #340 ),
 ( #2487, #709, #1888 ),
 ( #59, #3662, #4406 ),
 ( #3259, #111, #3705 ),
 ( #461, #1839, #2630 ),
 ( #2236, #131, #3313 ),
 ( #1512, #34, #1552 ),
 ( #499, #3613, #3287 ),
 ( #1484, #415, #851 ),
 ( #2912, #2976, #4312 ),
 ( #1459, #4059, #2937 ),
 ( #4364, #1159, #4343 ),
 ( #1204, #782, #2958 ),
 ( #4384, #88, #1910 ),
 ( #480, #2889, #2280 ),
 ( #1106, #1135, #830 ) ),
 .UNSPECIFIED., .F., .F., .F. ) 
 B_SPLINE_SURFACE_WITH_KNOTS ( ( 4, 2, 2, 2, 2, 2, 2, 2, 2, 2, 2, 2, 2, 2, 2, 2, 2, 2, 2, 2, 2, 2, 2, 2, 4 ),
 ( 3, 3 ),
 ( 0.04699485859200846355, 0.04772915325750860804, 0.04846344792300874560, 0.04919774258850889009, 0.04993203725400903459, 0.05066633191950917908, 0.05140062658500932358, 0.05286921591600961257, 0.05433780524700990155, 0.05580639457801018360, 0.05727498390901046565, 0.05874357324001075464, 0.06168075190201132568, 0.06461793056401189672, 0.07049228788801303880, 0.07636664521201418088, 0.07930382387401474498, 0.08224100253601532295, 0.08517818119801590093, 0.08664677052901617604, 0.08811535986001646503, 0.08958394919101675402, 0.09105253852201702913, 0.09252112785301731812, 0.09398971718401760711 ),
 ( 0.000000000000000000, 1.000000000000000000 ),
 .UNSPECIFIED. ) 
 GEOMETRIC_REPRESENTATION_ITEM ( )  RATIONAL_B_SPLINE_SURFACE ( (
 ( 1.000000000000000000, 0.9088756205952505107, 1.000000000000000000),
 ( 1.000000000000000000, 0.9110886398103018591, 1.000000000000000000),
 ( 1.000000000000000000, 0.9126577948661578343, 1.000000000000000000),
 ( 1.000000000000000000, 0.9140262128377165673, 1.000000000000000000),
 ( 1.000000000000000000, 0.9138532766022394727, 1.000000000000000000),
 ( 1.000000000000000000, 0.9117418359624797075, 1.000000000000000000),
 ( 1.000000000000000000, 0.9098062068589988227, 1.000000000000000000),
 ( 1.000000000000000000, 0.9044890436077811513, 1.000000000000000000),
 ( 1.000000000000000000, 0.9010469388937725199, 1.000000000000000000),
 ( 1.000000000000000000, 0.8932221842289689295, 1.000000000000000000),
 ( 1.000000000000000000, 0.8888363476820577702, 1.000000000000000000),
 ( 1.000000000000000000, 0.8794602600935306214, 1.000000000000000000),
 ( 1.000000000000000000, 0.8744543324110338745, 1.000000000000000000),
 ( 1.000000000000000000, 0.8595228536079410064, 1.000000000000000000),
 ( 1.000000000000000000, 0.8495684335815867350, 1.000000000000000000),
 ( 1.000000000000000000, 0.8316107784208974785, 1.000000000000000000),
 ( 1.000000000000000000, 0.8238317450404180065, 1.000000000000000000),
 ( 1.000000000000000000, 0.8107090158122123302, 1.000000000000000000),
 ( 1.000000000000000000, 0.8053120989986572997, 1.000000000000000000),
 ( 1.000000000000000000, 0.7961731838050327692, 1.000000000000000000),
 ( 1.000000000000000000, 0.7924202955803674175, 1.000000000000000000),
 ( 1.000000000000000000, 0.7859613453887913659, 1.000000000000000000),
 ( 1.000000000000000000, 0.7832577045428779083, 1.000000000000000000),
 ( 1.000000000000000000, 0.7761909844896797139, 1.000000000000000000),
 ( 1.000000000000000000, 0.7727992070423930215, 1.000000000000000000),
 ( 1.000000000000000000, 0.7670790194039396326, 1.000000000000000000),
 ( 1.000000000000000000, 0.7647853672912685585, 1.000000000000000000),
 ( 1.000000000000000000, 0.7586728257642181283, 1.000000000000000000),
 ( 1.000000000000000000, 0.7555939268755421656, 1.000000000000000000),
 ( 1.000000000000000000, 0.7497071865173533523, 1.000000000000000000),
 ( 1.000000000000000000, 0.7470153943311169664, 1.000000000000000000),
 ( 1.000000000000000000, 0.7422385449358896992, 1.000000000000000000),
 ( 1.000000000000000000, 0.7405411399155366059, 1.000000000000000000),
 ( 1.000000000000000000, 0.7367828373817555399, 1.000000000000000000),
 ( 1.000000000000000000, 0.7347257367931390171, 1.000000000000000000),
 ( 1.000000000000000000, 0.7299221077594009177, 1.000000000000000000),
 ( 1.000000000000000000, 0.7271965577787354862, 1.000000000000000000),
 ( 1.000000000000000000, 0.7219835026490084573, 1.000000000000000000),
 ( 1.000000000000000000, 0.7200539878918574832, 1.000000000000000000),
 ( 1.000000000000000000, 0.7155551259709225231, 1.000000000000000000),
 ( 1.000000000000000000, 0.7129934451459364331, 1.000000000000000000),
 ( 1.000000000000000000, 0.7067968611427913883, 1.000000000000000000),
 ( 1.000000000000000000, 0.7031662247718388770, 1.000000000000000000),
 ( 1.000000000000000000, 0.6939205913351272903, 1.000000000000000000),
 ( 1.000000000000000000, 0.6882494501610837423, 1.000000000000000000),
 ( 1.000000000000000000, 0.6737830620722564667, 1.000000000000000000),
 ( 1.000000000000000000, 0.6650056738469828366, 1.000000000000000000),
 ( 1.000000000000000000, 0.6462707834462438905, 1.000000000000000000),
 ( 1.000000000000000000, 0.6368082618377294279, 1.000000000000000000),
 ( 1.000000000000000000, 0.6294365157814896250, 1.000000000000000000) ) ) 
 REPRESENTATION_ITEM ( '' )  SURFACE ( )  );
#2609 = AXIS2_PLACEMENT_3D ( 'NONE', #2646, #1153, #825 ) ;
#2610 = CARTESIAN_POINT ( 'NONE',  ( 73.62321040937716532, -29.92055936164068797, -19.49173520828042072 ) ) ;
#2611 = CARTESIAN_POINT ( 'NONE',  ( 117.4757416143727937, -31.09100382672209761, -26.08433322916179620 ) ) ;
#2612 = CARTESIAN_POINT ( 'NONE',  ( 135.8332444179804952, -45.35931661387061808, -65.68427659551203135 ) ) ;
#2613 = CONICAL_SURFACE ( 'NONE', #4111, 5.800000000000003375, 0.7853981633974489451 ) ;
#2614 = CARTESIAN_POINT ( 'NONE',  ( 44.42260250945837186, -5.422127144561917689, 24.39985037843314686 ) ) ;
#2615 = CARTESIAN_POINT ( 'NONE',  ( 130.9285526814335014, 2.820137957922463912, 35.00000000000000000 ) ) ;
#2616 = CIRCLE ( 'NONE', #4408, 5.500000000000007105 ) ;
#2617 = CARTESIAN_POINT ( 'NONE',  ( 29.24757053094333159, -28.38556793795046573, 1.446167394519987770 ) ) ;
#2618 = ORIENTED_EDGE ( 'NONE', *, *, #3989, .F. ) ;
#2619 = DIRECTION ( 'NONE',  ( 3.290533628671975616E-18, 0.4277609429282532849, -0.9038919048786374644 ) ) ;
#2620 = CARTESIAN_POINT ( 'NONE',  ( 10.31720266782416928, 14.48792198016238864, -3.264450059802022519 ) ) ;
#2621 = AXIS2_PLACEMENT_3D ( 'NONE', #614, #2000, #2394 ) ;
#2622 = CARTESIAN_POINT ( 'NONE',  ( 95.14170699915284501, -31.22443548532541513, -22.88392966737472278 ) ) ;
#2623 = CARTESIAN_POINT ( 'NONE',  ( 88.26625363028300342, -27.36071251830254170, 18.88564955573661308 ) ) ;
#2624 = DIRECTION ( 'NONE',  ( 0.000000000000000000, -0.9038919048786373533, -0.4277609429282533404 ) ) ;
#2625 = CARTESIAN_POINT ( 'NONE',  ( 130.0000000000004832, 48.69516436030464490, 8.288434316662129930 ) ) ;
#2626 = CARTESIAN_POINT ( 'NONE',  ( 115.3368066943353796, -25.48486318567665165, 28.87084777838851579 ) ) ;
#2627 = CARTESIAN_POINT ( 'NONE',  ( 80.61900847498425549, -25.58100623249019989, -23.79430384429143430 ) ) ;
#2628 = CARTESIAN_POINT ( 'NONE',  ( 112.6060254711645996, -30.56884981907892751, 28.99404493405864613 ) ) ;
#2629 = ORIENTED_EDGE ( 'NONE', *, *, #1971, .F. ) ;
#2630 = CARTESIAN_POINT ( 'NONE',  ( 115.1140202314629164, -22.64315955724580931, -30.00202008956009792 ) ) ;
#2631 = CARTESIAN_POINT ( 'NONE',  ( 130.4656281614748252, -24.77073584794145944, -30.65165886919556471 ) ) ;
#2632 = DIRECTION ( 'NONE',  ( -0.000000000000000000, 0.4277609429282503428, -0.9038919048786389077 ) ) ;
#2633 = CARTESIAN_POINT ( 'NONE',  ( 122.0087255027984412, -27.62822432808518869, -28.45220916014804757 ) ) ;
#2634 = ORIENTED_EDGE ( 'NONE', *, *, #1259, .T. ) ;
#2635 = CARTESIAN_POINT ( 'NONE',  ( 139.3140530997617645, -45.07287611206177758, -65.81983269296711114 ) ) ;
#2636 = CARTESIAN_POINT ( 'NONE',  ( 129.9999999999993463, -24.73805695252866244, 30.63195096071349965 ) ) ;
#2637 = CARTESIAN_POINT ( 'NONE',  ( 113.6732104093771625, -23.74514489885957857, 20.59669332741573555 ) ) ;
#2638 = CARTESIAN_POINT ( 'NONE',  ( 130.9368579302141598, -48.73215474353730059, -8.329755850865145916 ) ) ;
#2639 = ORIENTED_EDGE ( 'NONE', *, *, #4314, .T. ) ;
#2640 = LINE ( 'NONE', #4418, #3197 ) ;
#2641 = CARTESIAN_POINT ( 'NONE',  ( 29.37164097186501266, 28.55832029697794994, -0.4772882061759005090 ) ) ;
#2642 = CARTESIAN_POINT ( 'NONE',  ( 117.4292829795947029, -23.28322644850390688, 29.96356912862021105 ) ) ;
#2643 = CARTESIAN_POINT ( 'NONE',  ( 73.62321040937715111, -23.09518203083245069, -23.81395900855549641 ) ) ;
#2644 = CARTESIAN_POINT ( 'NONE',  ( 99.26854159886420348, -22.47490518437445317, -21.41921022765681215 ) ) ;
#2645 = CARTESIAN_POINT ( 'NONE',  ( 130.4686021671415972, 50.01708879153876808, 1.405863786913025493 ) ) ;
#2646 = CARTESIAN_POINT ( 'NONE',  ( 101.3732104093771511, -22.88962301300307800, 18.78890951765846751 ) ) ;
#2647 = CARTESIAN_POINT ( 'NONE',  ( 113.6732104093771625, -25.95650464203404084, -21.76283572278063971 ) ) ;
#2648 = CARTESIAN_POINT ( 'NONE',  ( 115.5886310152949932, -30.19378932345338384, 29.73171899706569832 ) ) ;
#2649 = VERTEX_POINT ( 'NONE', #1830 ) ;
#2650 = CARTESIAN_POINT ( 'NONE',  ( 93.87321040937715111, -20.32305735543354785, 13.36555808838664916 ) ) ;
#2651 = CARTESIAN_POINT ( 'NONE',  ( 2.595098964619801940, -2.922531635494954205, -5.738002218732235704 ) ) ;
#2652 = EDGE_CURVE ( 'NONE', #2829, #2478, #844, .T. ) ;
#2653 = CARTESIAN_POINT ( 'NONE',  ( 93.87321040937715111, -23.87347318173804922, 20.86786089887932860 ) ) ;
#2654 = CARTESIAN_POINT ( 'NONE',  ( 139.3799326301305541, -45.13319204520066563, 65.79128857138150011 ) ) ;
#2655 = ORIENTED_EDGE ( 'NONE', *, *, #4582, .T. ) ;
#2656 = CARTESIAN_POINT ( 'NONE',  ( 134.6897895703582151, -44.99482117670721237, -65.85677168154222727 ) ) ;
#2657 = CARTESIAN_POINT ( 'NONE',  ( 82.00015588176272274, -25.78180612268342031, -23.94468806341625822 ) ) ;
#2658 = CARTESIAN_POINT ( 'NONE',  ( 130.9285526814335014, -2.820137957922471017, 35.00000000000000000 ) ) ;
#2659 = EDGE_CURVE ( 'NONE', #2569, #4238, #2830, .T. ) ;
#2660 = EDGE_CURVE ( 'NONE', #3864, #3321, #1126, .T. ) ;
#2661 = FACE_OUTER_BOUND ( 'NONE', #294, .T. ) ;
#2662 = CARTESIAN_POINT ( 'NONE',  ( 4.897582507596360379, -10.46632594654758108, -0.6241556376676996587 ) ) ;
#2663 = VERTEX_POINT ( 'NONE', #473 ) ;
#2664 = CARTESIAN_POINT ( 'NONE',  ( 130.9368579302145008, 48.73215474353756349, -8.329755850865186773 ) ) ;
#2665 = CARTESIAN_POINT ( 'NONE',  ( 118.7734982110515602, -23.78844763972938381, 29.88104315406970812 ) ) ;
#2666 = DIRECTION ( 'NONE',  ( -3.290533628671975616E-18, -0.4277609429282532849, 0.9038919048786374644 ) ) ;
#2667 = FACE_OUTER_BOUND ( 'NONE', #3976, .T. ) ;
#2668 = CARTESIAN_POINT ( 'NONE',  ( 42.11879555737941416, 32.76459179817734935, -5.522955702135694978 ) ) ;
#2669 = CARTESIAN_POINT ( 'NONE',  ( 112.7681726696171722, -41.10587424988709415, 53.73197084746163199 ) ) ;
#2670 = CARTESIAN_POINT ( 'NONE',  ( 73.62321040937716532, -19.52046272058802856, 25.57925195902972959 ) ) ;
#2671 = CARTESIAN_POINT ( 'NONE',  ( 118.6568989062644306, -29.22496269746324771, 31.33589633962777299 ) ) ;
#2672 = CARTESIAN_POINT ( 'NONE',  ( 108.0705324782445871, -25.10098275617752961, -19.95505191302336101 ) ) ;
#2673 = CARTESIAN_POINT ( 'NONE',  ( 130.9288230455852045, -8.452187698498269341, -34.67531989879420706 ) ) ;
#2674 = ADVANCED_FACE ( 'NONE', ( #3351 ), #3951, .T. ) ;
#2675 = CARTESIAN_POINT ( 'NONE',  ( 139.3799326301305541, -45.14011058862534043, -65.78801441587346233 ) ) ;
#2676 = CC_DESIGN_PERSON_AND_ORGANIZATION_ASSIGNMENT ( #2455, #3176, ( #1197 ) ) ;
#2677 = AXIS2_PLACEMENT_3D ( 'NONE', #3794, #2369, #550 ) ;
#2678 = CARTESIAN_POINT ( 'NONE',  ( 83.17311784104340688, -25.61094460274341600, 25.85076549041909644 ) ) ;
#2679 = CARTESIAN_POINT ( 'NONE',  ( 73.72365498803536354, -30.17400671350434038, -19.33188382289435836 ) ) ;
#2680 = CARTESIAN_POINT ( 'NONE',  ( 109.4695235122385810, -31.89500482359425249, -24.57878344797485681 ) ) ;
#2681 = VERTEX_POINT ( 'NONE', #2226 ) ;
#2682 = CARTESIAN_POINT ( 'NONE',  ( 124.9123266616314680, -39.40338964621657425, -54.53766057148313706 ) ) ;
#2683 = CARTESIAN_POINT ( 'NONE',  ( 131.3968844844228272, -24.83609542086539790, 30.69107509153868563 ) ) ;
#2684 = AXIS2_PLACEMENT_3D ( 'NONE', #3693, #1169, #1118 ) ;
#2685 = CARTESIAN_POINT ( 'NONE',  ( 129.9999999999998295, 8.410036169912766368, 34.67073453028280028 ) ) ;
#2686 = CARTESIAN_POINT ( 'NONE',  ( 29.37164097186501621, -28.55832029697794994, 0.4772927670146572821 ) ) ;
#2687 = AXIS2_PLACEMENT_3D ( 'NONE', #1053, #2857, #1736 ) ;
#2688 = ORIENTED_EDGE ( 'NONE', *, *, #2443, .T. ) ;
#2689 = CARTESIAN_POINT ( 'NONE',  ( 40.06464684568376811, 30.32165101636546822, -7.768913411591241491 ) ) ;
#2690 = VECTOR ( 'NONE', #2349, 999.9999999999998863 ) ;
#2691 = CARTESIAN_POINT ( 'NONE',  ( 80.73129400092368257, -26.00252439991990983, 23.57191940899588900 ) ) ;
#2692 = CARTESIAN_POINT ( 'NONE',  ( 101.3732104093771511, -23.92274785602176479, 22.72529784438593836 ) ) ;
#2693 = CARTESIAN_POINT ( 'NONE',  ( 118.7672422495587909, -29.05014901248925696, 31.57326595986164364 ) ) ;
#2694 = AXIS2_PLACEMENT_3D ( 'NONE', #2366, #4467, #1616 ) ;
#2695 = CARTESIAN_POINT ( 'NONE',  ( 129.9999999999996021, 32.33552578814162359, -26.96816855280744463 ) ) ;
#2696 = CARTESIAN_POINT ( 'NONE',  ( 139.3140530997617645, -45.07287611206177758, 65.81983269296711114 ) ) ;
#2697 = CARTESIAN_POINT ( 'NONE',  ( 123.8154733947285422, -33.32272186014295556, 25.43104714423559543 ) ) ;
#2698 = CARTESIAN_POINT ( 'NONE',  ( 121.9925980763923121, -27.79381335296418953, 28.36885885751323144 ) ) ;
#2699 = CARTESIAN_POINT ( 'NONE',  ( 130.9285526814335014, -2.820136222542888760, -35.00000000000000000 ) ) ;
#2700 = CARTESIAN_POINT ( 'NONE',  ( 43.68083218481485375, -1.675473198544931819, -24.71518654164717432 ) ) ;
#2701 = CARTESIAN_POINT ( 'NONE',  ( 120.6854829490986702, -41.10587424988709415, -53.73197084746163199 ) ) ;
#2702 = CARTESIAN_POINT ( 'NONE',  ( 139.3516413448148796, -45.09246137588908709, 65.81056409472317625 ) ) ;
#2703 = CARTESIAN_POINT ( 'NONE',  ( 73.78332329259187361, -30.25259563431406207, -19.28882829685043987 ) ) ;
#2704 = CARTESIAN_POINT ( 'NONE',  ( 121.7637663461649709, -26.33103533239046357, -29.04664614303955616 ) ) ;
#2705 = VERTEX_POINT ( 'NONE', #3629 ) ;
#2706 = CARTESIAN_POINT ( 'NONE',  ( 106.8732104093771511, -25.95650464203404084, -21.76283572278063971 ) ) ;
#2707 = CARTESIAN_POINT ( 'NONE',  ( 80.81014518698421512, -26.21622267136197948, -23.46234520569992199 ) ) ;
#2708 = CARTESIAN_POINT ( 'NONE',  ( 4.066130117077046080, -7.948461641568014713, 3.558495353620213741 ) ) ;
#2709 = CARTESIAN_POINT ( 'NONE',  ( 123.3232104093771540, -39.86414998258338471, 68.56703411983463070 ) ) ;
#2710 = CARTESIAN_POINT ( 'NONE',  ( 18.45344217075504289, -12.02769115333754613, 11.70572732842444985 ) ) ;
#2711 = ORIENTED_EDGE ( 'NONE', *, *, #1051, .F. ) ;
#2712 = CARTESIAN_POINT ( 'NONE',  ( 28.73577996214139674, 27.65241802754836087, -2.896751538687695859 ) ) ;
#2713 = B_SPLINE_CURVE_WITH_KNOTS ( 'NONE', 3,
 ( #3455, #4177, #4199, #1299, #4499, #251, #990, #3142, #1033, #1369 ),
 .UNSPECIFIED., .F., .F.,
 ( 4, 2, 2, 2, 4 ),
 ( 0.0008120826055753486506, 0.01312798718288850017, 0.02544389176020165136, 0.03775979633751479908, 0.05007570091482795027 ),
 .UNSPECIFIED. ) ;
#2714 = DIRECTION ( 'NONE',  ( 1.348150961071065268E-33, -0.9038919048786374644, -0.4277609429282533404 ) ) ;
#2715 = CARTESIAN_POINT ( 'NONE',  ( 125.0400672494144061, -39.51059472713468779, 54.48692646682669505 ) ) ;
#2716 = EDGE_CURVE ( 'NONE', #3740, #1236, #843, .T. ) ;
#2717 = CARTESIAN_POINT ( 'NONE',  ( 121.6565371457189713, -26.12780639248392589, -29.12955228016833331 ) ) ;
#2718 = CARTESIAN_POINT ( 'NONE',  ( 40.06464684568363310, 30.32165310494037413, -7.768918308037196852 ) ) ;
#2719 = CARTESIAN_POINT ( 'NONE',  ( 123.8615284943280273, -38.77936099275471094, 54.83297805776478384 ) ) ;
#2720 = CARTESIAN_POINT ( 'NONE',  ( -1.278143573239510503E-16, -12.30857728242617100, 26.00897428829581770 ) ) ;
#2721 = ORIENTED_EDGE ( 'NONE', *, *, #1415, .T. ) ;
#2722 = LINE ( 'NONE', #3173, #1563 ) ;
#2723 = CARTESIAN_POINT ( 'NONE',  ( 123.7420956610460934, -21.40071353283379096, 31.21851282955287132 ) ) ;
#2724 = CARTESIAN_POINT ( 'NONE',  ( 139.3746786733645706, -45.15381751911216668, -65.78152770050624554 ) ) ;
#2725 = B_SPLINE_CURVE_WITH_KNOTS ( 'NONE', 3,
 ( #1227, #4101, #1646, #923, #197, #2723, #2347, #3025 ),
 .UNSPECIFIED., .F., .F.,
 ( 4, 2, 2, 4 ),
 ( 2.642252078890984739E-17, 0.0003142538912009386364, 0.0006285077824018509268, 0.001257015564803644174 ),
 .UNSPECIFIED. ) ;
#2726 = CARTESIAN_POINT ( 'NONE',  ( 139.3799326301305541, -45.12627350177599084, 65.79456272688955210 ) ) ;
#2727 = CARTESIAN_POINT ( 'NONE',  ( 101.3732104093771511, -25.95650464205336760, 21.76283572277149503 ) ) ;
#2728 = LINE ( 'NONE', #3162, #2761 ) ;
#2729 = VERTEX_POINT ( 'NONE', #4464 ) ;
#2730 = CARTESIAN_POINT ( 'NONE',  ( 90.13098277037555306, -33.25611515054844602, -37.13417288695185903 ) ) ;
#2731 = CARTESIAN_POINT ( 'NONE',  ( 83.17311784104154526, -25.61094460274595619, -25.85076549041791694 ) ) ;
#2732 = CARTESIAN_POINT ( 'NONE',  ( 66.46708934496476218, -41.25705676901466035, 5.105864789804129167 ) ) ;
#2733 = CARTESIAN_POINT ( 'NONE',  ( 36.79668298616746114, 26.39914915513490712, 10.26328205797046422 ) ) ;
#2734 = CARTESIAN_POINT ( 'NONE',  ( 116.7584762257471880, -38.48085254729547700, 21.13891850179814824 ) ) ;
#2735 = ORIENTED_EDGE ( 'NONE', *, *, #4247, .T. ) ;
#2736 = CARTESIAN_POINT ( 'NONE',  ( 131.4058065014247632, 50.05126637461628292, 1.414272870784560654 ) ) ;
#2737 = CARTESIAN_POINT ( 'NONE',  ( 80.81286423344727154, -26.20789330958274732, 23.46749485897236198 ) ) ;
#2738 = APPROVAL ( #3975, 'æœª' ) ;
#2739 = CARTESIAN_POINT ( 'NONE',  ( 124.1232104093770658, -32.79165355247891256, -25.80302638871579646 ) ) ;
#2740 = CARTESIAN_POINT ( 'NONE',  ( 27.83312497149515607, 15.06311182294019879, -14.61505274870731697 ) ) ;
#2741 = CARTESIAN_POINT ( 'NONE',  ( 109.1971438837503854, -40.49095399225596026, 54.02297784488054333 ) ) ;
#2742 = CARTESIAN_POINT ( 'NONE',  ( 113.6732104093771625, -23.74514489885957857, 20.59669332741573555 ) ) ;
#2743 = VERTEX_POINT ( 'NONE', #3396 ) ;
#2744 = CARTESIAN_POINT ( 'NONE',  ( 82.53854614623479335, -28.01287941461818320, 22.70665075988156545 ) ) ;
#2745 = CARTESIAN_POINT ( 'NONE',  ( 123.3232104093771540, -29.12330173281588941, 18.05151571702651836 ) ) ;
#2746 = CARTESIAN_POINT ( 'NONE',  ( 120.6854829490986702, -38.36121521756554387, -55.03086281600964469 ) ) ;
#2747 = CARTESIAN_POINT ( 'NONE',  ( 81.08701117325330188, -23.85853183011512613, 24.83209329080895600 ) ) ;
#2748 = DIRECTION ( 'NONE',  ( 2.974286709687526747E-18, 0.000000000000000000, -1.000000000000000000 ) ) ;
#2749 = CARTESIAN_POINT ( 'NONE',  ( 81.61886914300892215, -27.30368236672506299, -22.96685771906741991 ) ) ;
#2750 = ORIENTED_EDGE ( 'NONE', *, *, #3847, .T. ) ;
#2751 = CARTESIAN_POINT ( 'NONE',  ( 82.76586219373061226, -26.25595118226898350, -25.04627887446518031 ) ) ;
#2752 = CARTESIAN_POINT ( 'NONE',  ( 82.06054619902812419, -25.89370948443398390, -23.89273994585284200 ) ) ;
#2753 = CARTESIAN_POINT ( 'NONE',  ( 87.27387691670872982, -36.58739742722170263, 18.54018535723947991 ) ) ;
#2754 = CARTESIAN_POINT ( 'NONE',  ( 116.7584762257465485, 38.48084488617338650, 21.13891007465461769 ) ) ;
#2755 = CARTESIAN_POINT ( 'NONE',  ( 4.439217728207494496, -9.090342138374563064, 2.661351587949265074 ) ) ;
#2756 = CARTESIAN_POINT ( 'NONE',  ( 82.76586219373061226, -26.25595118226898350, -25.04627887446518031 ) ) ;
#2757 = AXIS2_PLACEMENT_3D ( 'NONE', #707, #1764, #4179 ) ;
#2758 = CARTESIAN_POINT ( 'NONE',  ( 116.7211243807024914, 49.26500453136664959, 3.870402588335573046 ) ) ;
#2759 = CARTESIAN_POINT ( 'NONE',  ( 113.6732104093771625, -23.74514489885957502, 20.59669332741573555 ) ) ;
#2760 = CONICAL_SURFACE ( 'NONE', #2089, 5.800000000000014921, 0.7853981633974538301 ) ;
#2761 = VECTOR ( 'NONE', #4588, 999.9999999999998863 ) ;
#2762 = CARTESIAN_POINT ( 'NONE',  ( 118.4068423679696593, -27.57997227114780969, -28.16513424146718236 ) ) ;
#2763 = CARTESIAN_POINT ( 'NONE',  ( 7.047958085399645967, 9.954672282668449057, -4.895580816780737976 ) ) ;
#2764 = FACE_OUTER_BOUND ( 'NONE', #3522, .T. ) ;
#2765 = ORIENTED_EDGE ( 'NONE', *, *, #384, .T. ) ;
#2766 = CARTESIAN_POINT ( 'NONE',  ( 74.21558368255465155, -18.85589143839417403, -25.99748620968558299 ) ) ;
#2767 = AXIS2_PLACEMENT_3D ( 'NONE', #2345, #218, #4098 ) ;
#2768 = DIRECTION ( 'NONE',  ( 0.000000000000000000, 0.9038919048786375754, 0.4277609429282530074 ) ) ;
#2769 = CARTESIAN_POINT ( 'NONE',  ( 82.72523048873662788, -24.42426794511384358, 24.83553112737435598 ) ) ;
#2770 = FACE_OUTER_BOUND ( 'NONE', #3185, .T. ) ;
#2771 = CARTESIAN_POINT ( 'NONE',  ( 73.62321040937713690, -29.83427491886938654, 19.55385696178821320 ) ) ;
#2772 = ORIENTED_EDGE ( 'NONE', *, *, #1070, .F. ) ;
#2773 = CARTESIAN_POINT ( 'NONE',  ( 43.68083218481485375, 0.000000000000000000, -24.71518654164717432 ) ) ;
#2774 = VERTEX_POINT ( 'NONE', #3445 ) ;
#2775 = CARTESIAN_POINT ( 'NONE',  ( 109.4083641135086680, -21.64015229182323097, -29.82659748457917814 ) ) ;
#2776 = CARTESIAN_POINT ( 'NONE',  ( 63.24502449729349252, -36.75259991991005393, 10.78248521259644299 ) ) ;
#2777 = CARTESIAN_POINT ( 'NONE',  ( 10.31720266782416928, 14.48792198016238864, 3.264450059802022519 ) ) ;
#2778 = CARTESIAN_POINT ( 'NONE',  ( 130.4682135186738208, -47.02488081657312335, 12.17748084810448894 ) ) ;
#2779 = CARTESIAN_POINT ( 'NONE',  ( 118.3112610912560001, -29.44513001238946259, -30.92666649839566873 ) ) ;
#2780 = CARTESIAN_POINT ( 'NONE',  ( 11.18374942461131205, 15.66263281114360950, 2.394051194909099678 ) ) ;
#2781 = CARTESIAN_POINT ( 'NONE',  ( 97.31778668166349178, -24.53812496844130919, 30.00879196412078898 ) ) ;
#2782 = CARTESIAN_POINT ( 'NONE',  ( 118.6873329921096456, -29.19398988756157109, -31.38908299634145393 ) ) ;
#2783 = CARTESIAN_POINT ( 'NONE',  ( 2.006231500456002959, 0.5812312314850004435, -5.864981991046372301 ) ) ;
#2784 = DIRECTION ( 'NONE',  ( 3.290533628671975231E-18, 0.4277609429282532849, -0.9038919048786375754 ) ) ;
#2785 = VERTEX_POINT ( 'NONE', #611 ) ;
#2786 = CARTESIAN_POINT ( 'NONE',  ( 92.62329748046899169, -24.55969801750212511, -29.24363702567988099 ) ) ;
#2787 = EDGE_CURVE ( 'NONE', #31, #4437, #1065, .T. ) ;
#2788 = DIRECTION ( 'NONE',  ( 3.290533628671975231E-18, 0.4277609429282532849, -0.9038919048786373533 ) ) ;
#2789 = EDGE_CURVE ( 'NONE', #3439, #3997, #241, .T. ) ;
#2790 = CARTESIAN_POINT ( 'NONE',  ( 107.2972470137459311, -23.92692925124239522, 28.68388942073175230 ) ) ;
#2791 = CARTESIAN_POINT ( 'NONE',  ( 93.87321040937715111, -18.50257185056346643, -23.07770679639961386 ) ) ;
#2792 = CARTESIAN_POINT ( 'NONE',  ( 113.6732104093771625, -25.95650464203404084, 21.76283572278063971 ) ) ;
#2793 = ORIENTED_EDGE ( 'NONE', *, *, #3017, .F. ) ;
#2794 = CARTESIAN_POINT ( 'NONE',  ( 113.6732104093771625, -23.74514489885957502, 20.59669332741573555 ) ) ;
#2795 = EDGE_LOOP ( 'NONE', ( #3233, #3589, #635, #684 ) ) ;
#2796 = CARTESIAN_POINT ( 'NONE',  ( 84.71266131008172806, -23.85429369846320213, -25.50211826644259716 ) ) ;
#2797 = B_SPLINE_CURVE_WITH_KNOTS ( 'NONE', 3,
 ( #2537, #2561, #4011, #2606 ),
 .UNSPECIFIED., .F., .F.,
 ( 4, 4 ),
 ( 0.000000000000000000, 0.0004322384445342077205 ),
 .UNSPECIFIED. ) ;
#2798 = CARTESIAN_POINT ( 'NONE',  ( 130.9345006927674717, -39.27883302803391530, 22.15370220203876528 ) ) ;
#2799 = CARTESIAN_POINT ( 'NONE',  ( 7.047958085399649519, -9.954672282668433070, 4.895580816780745081 ) ) ;
#2800 = DIRECTION ( 'NONE',  ( 0.000000000000000000, -0.4277609429282532849, -0.9038919048786374644 ) ) ;
#2801 = CARTESIAN_POINT ( 'NONE',  ( 66.46708934496473375, 41.25705741015097061, 5.105872475494325435 ) ) ;
#2802 = EDGE_CURVE ( 'NONE', #4327, #120, #1572, .T. ) ;
#2803 = CARTESIAN_POINT ( 'NONE',  ( 106.7471554775260358, -25.13506806355560386, 31.06988957377974714 ) ) ;
#2804 = CARTESIAN_POINT ( 'NONE',  ( 121.8669917934752789, -26.52667605955095809, -28.96683557565422618 ) ) ;
#2805 = CARTESIAN_POINT ( 'NONE',  ( 130.4649184555762247, 16.73232508884989755, -33.18451826022420903 ) ) ;
#2806 = PERSON_AND_ORGANIZATION ( #90, #533 ) ;
#2807 = VERTEX_POINT ( 'NONE', #2997 ) ;
#2808 = CARTESIAN_POINT ( 'NONE',  ( 73.62321040937716532, -19.52046272058802856, -25.57925195902972959 ) ) ;
#2809 = CARTESIAN_POINT ( 'NONE',  ( 124.9123266616314680, -39.40338964621657425, -54.53766057148313706 ) ) ;
#2810 = CARTESIAN_POINT ( 'NONE',  ( 106.3679839813187442, -23.81874436163053943, 28.62345433345288725 ) ) ;
#2811 = CARTESIAN_POINT ( 'NONE',  ( 110.4232607455512181, -31.86463149999306665, 24.72590067809986181 ) ) ;
#2812 = DIRECTION ( 'NONE',  ( 0.000000000000000000, 0.9038919048786373533, -0.4277609429282531739 ) ) ;
#2813 = ORIENTED_EDGE ( 'NONE', *, *, #1617, .T. ) ;
#2814 = CARTESIAN_POINT ( 'NONE',  ( 113.6732104093771625, -21.67889521275150599, -12.72391667399426574 ) ) ;
#2815 = VERTEX_POINT ( 'NONE', #3375 ) ;
#2816 = ADVANCED_FACE ( 'NONE', ( #2667 ), #1639, .F. ) ;
#2817 = CARTESIAN_POINT ( 'NONE',  ( 87.95765488519774067, -21.25622705281298153, -27.25444337875100231 ) ) ;
#2818 = CARTESIAN_POINT ( 'NONE',  ( 116.7417157824578311, -43.39489910961173535, 16.00827758488074082 ) ) ;
#2819 = CARTESIAN_POINT ( 'NONE',  ( 3.502994080361133467, -4.427754768280673048, 5.692901387999840246 ) ) ;
#2820 = CARTESIAN_POINT ( 'NONE',  ( 135.3228095750199031, -44.96180634891608463, -65.87239573325717856 ) ) ;
#2821 = CARTESIAN_POINT ( 'NONE',  ( 29.24757053094325698, 28.38556793795045508, 1.446167394519994875 ) ) ;
#2822 = CARTESIAN_POINT ( 'NONE',  ( 73.62321040937712269, -28.21565527583145183, 20.71920597788000507 ) ) ;
#2823 = CARTESIAN_POINT ( 'NONE',  ( 116.7311806466760373, -46.43678834253245213, -11.38477863178808391 ) ) ;
#2824 = CIRCLE ( 'NONE', #4396, 5.500000000000004441 ) ;
#2825 = CARTESIAN_POINT ( 'NONE',  ( 84.59089416702065023, -27.56150299911581669, 25.36657518636577890 ) ) ;
#2826 = VECTOR ( 'NONE', #4323, 999.9999999999998863 ) ;
#2827 = CARTESIAN_POINT ( 'NONE',  ( 121.2798125795384721, -29.29884289798586394, -27.52052761915058099 ) ) ;
#2828 = CARTESIAN_POINT ( 'NONE',  ( 131.3932345683778635, 8.473263460978619932, -34.67761258304356886 ) ) ;
#2829 = VERTEX_POINT ( 'NONE', #1612 ) ;
#2830 = CIRCLE ( 'NONE', #1414, 5.800000000000006040 ) ;
#2831 = CARTESIAN_POINT ( 'NONE',  ( 83.08887228893875943, -25.62936776369367564, -25.76941658935203350 ) ) ;
#2832 = CARTESIAN_POINT ( 'NONE',  ( 123.3232104093771540, -17.64387454085718332, 23.48407969221533875 ) ) ;
#2833 = AXIS2_PLACEMENT_3D ( 'NONE', #3297, #96, #1518 ) ;
#2834 = CARTESIAN_POINT ( 'NONE',  ( 103.5847458167784367, -23.53644478276406815, 28.41730765871664843 ) ) ;
#2835 = CARTESIAN_POINT ( 'NONE',  ( 81.61886914300883689, -27.30368236672503457, 22.96685771906741635 ) ) ;
#2836 = CARTESIAN_POINT ( 'NONE',  ( 121.8669917934784053, -26.52667605955687335, 28.96683557565181033 ) ) ;
#2837 = EDGE_LOOP ( 'NONE', ( #2313, #2862, #390, #2901 ) ) ;
#2838 = CARTESIAN_POINT ( 'NONE',  ( 113.6732104093771625, -18.50257185056346287, -23.07770679639959610 ) ) ;
#2839 = EDGE_LOOP ( 'NONE', ( #1666, #1337 ) ) ;
#2840 = VECTOR ( 'NONE', #2601, 1000.000000000000000 ) ;
#2841 = CARTESIAN_POINT ( 'NONE',  ( 106.0744573642800219, -25.07151503409666304, -31.00691930986705103 ) ) ;
#2842 = CARTESIAN_POINT ( 'NONE',  ( 93.08178496474421593, -47.82351979117675000, -1.071559035138545113 ) ) ;
#2843 = CARTESIAN_POINT ( 'NONE',  ( 130.4642763407167365, 1.386914769243183403E-05, 35.00000000000000000 ) ) ;
#2844 = CARTESIAN_POINT ( 'NONE',  ( 101.3732104093771511, -24.24546087034035580, -18.14726810325694473 ) ) ;
#2845 = CARTESIAN_POINT ( 'NONE',  ( 94.63964359195944098, -30.00471560333570054, -26.31627546742068802 ) ) ;
#2846 = CARTESIAN_POINT ( 'NONE',  ( 130.4664392539287974, 32.36607691273813003, 26.99657296043995558 ) ) ;
#2847 = CARTESIAN_POINT ( 'NONE',  ( 85.03609272373734029, -25.25662820914305939, 27.12131635603769908 ) ) ;
#2848 = CARTESIAN_POINT ( 'NONE',  ( 131.3968844844228272, -24.83609542086539790, -30.69107509153868563 ) ) ;
#2849 = CARTESIAN_POINT ( 'NONE',  ( 83.42176305749454457, -26.87875178090520834, 25.17594289278146391 ) ) ;
#2850 = EDGE_CURVE ( 'NONE', #1313, #2235, #3876, .T. ) ;
#2851 = CARTESIAN_POINT ( 'NONE',  ( 117.7011221628083462, -29.69078912703284701, -30.51653205153697357 ) ) ;
#2852 = CARTESIAN_POINT ( 'NONE',  ( 0.000000000000000000, 0.8411391468596738363, -3.467302228020899157 ) ) ;
#2853 = PERSON_AND_ORGANIZATION ( #90, #533 ) ;
#2854 = ORIENTED_EDGE ( 'NONE', *, *, #3064, .F. ) ;
#2855 = EDGE_CURVE ( 'NONE', #1734, #3756, #3438, .T. ) ;
#2856 = LINE ( 'NONE', #3116, #736 ) ;
#2857 = DIRECTION ( 'NONE',  ( -3.290533628671975231E-18, -0.4277609429282532849, 0.9038919048786373533 ) ) ;
#2858 = CARTESIAN_POINT ( 'NONE',  ( 27.94483090126528779, 26.50230030860800312, 4.303947380310244597 ) ) ;
#2859 = CARTESIAN_POINT ( 'NONE',  ( 88.23893619299786906, -24.84161551870009887, 28.24553998885009776 ) ) ;
#2860 = CARTESIAN_POINT ( 'NONE',  ( 82.15522569393192498, -27.76299272407609919, 22.78860959220710214 ) ) ;
#2861 = CARTESIAN_POINT ( 'NONE',  ( 118.7732089031958935, -28.86772468424267046, 31.68091684468659608 ) ) ;
#2862 = ORIENTED_EDGE ( 'NONE', *, *, #1336, .F. ) ;
#2863 = CARTESIAN_POINT ( 'NONE',  ( 3.042804097976359312, 4.625379696819369002, -5.196849944583781244 ) ) ;
#2864 = ORIENTED_EDGE ( 'NONE', *, *, #3423, .T. ) ;
#2865 = CARTESIAN_POINT ( 'NONE',  ( 87.14212202383674821, -23.52511055592432854, -26.08539371179834987 ) ) ;
#2866 = CARTESIAN_POINT ( 'NONE',  ( 0.000000000000000000, -4.975386526993264447, -0.4203602061403937107 ) ) ;
#2867 = CARTESIAN_POINT ( 'NONE',  ( 15.84796291139908142, -7.399048688048170952, 12.87550089706521383 ) ) ;
#2868 = PLANE ( 'NONE',  #2386 ) ;
#2869 = CARTESIAN_POINT ( 'NONE',  ( 124.1232104093771227, -22.08608564870091939, -31.00061132816046694 ) ) ;
#2870 = EDGE_CURVE ( 'NONE', #2077, #1133, #2363, .T. ) ;
#2871 = CARTESIAN_POINT ( 'NONE',  ( 129.9999999999995737, 16.70194809206823550, 33.17440851660807510 ) ) ;
#2872 = CARTESIAN_POINT ( 'NONE',  ( 84.68444022659519987, -25.31669158172010725, 26.94694275075192635 ) ) ;
#2873 = CARTESIAN_POINT ( 'NONE',  ( 130.0000000000005116, -32.33552578849967318, -26.96816855286980896 ) ) ;
#2874 = CARTESIAN_POINT ( 'NONE',  ( 84.15164735967813670, -27.18016911429611682, 23.54757928938647993 ) ) ;
#2875 = EDGE_CURVE ( 'NONE', #8, #2235, #940, .T. ) ;
#2876 = CARTESIAN_POINT ( 'NONE',  ( 84.15164735967837828, -27.18016911429619142, -23.54757928938475686 ) ) ;
#2877 = CARTESIAN_POINT ( 'NONE',  ( 47.20424122687237656, 11.86146245284799683, -23.06043357499037327 ) ) ;
#2878 = PERSON_AND_ORGANIZATION ( #90, #533 ) ;
#2879 = ORIENTED_EDGE ( 'NONE', *, *, #3989, .T. ) ;
#2880 = PLANE ( 'NONE',  #2603 ) ;
#2881 = CARTESIAN_POINT ( 'NONE',  ( 82.76586219373061226, -26.25595118226897640, 25.04627887446519807 ) ) ;
#2882 = CARTESIAN_POINT ( 'NONE',  ( 89.81483668772457918, 41.57527998581240070, 13.86927415689877030 ) ) ;
#2883 = CARTESIAN_POINT ( 'NONE',  ( 101.7203942413998305, -23.40158580879815631, 28.24652633795776779 ) ) ;
#2884 = CARTESIAN_POINT ( 'NONE',  ( 113.6732104093771625, -20.32305735543355496, -13.36555808838664561 ) ) ;
#2885 = LINE ( 'NONE', #4338, #1030 ) ;
#2886 = ORIENTED_EDGE ( 'NONE', *, *, #2789, .F. ) ;
#2887 = CARTESIAN_POINT ( 'NONE',  ( 116.8245602592866845, 15.84106595073225421, -32.88790415846291637 ) ) ;
#2888 = ORIENTED_EDGE ( 'NONE', *, *, #4050, .T. ) ;
#2889 = CARTESIAN_POINT ( 'NONE',  ( 118.3677333918826093, -27.41665314156856681, -28.24202076726942323 ) ) ;
#2890 = CARTESIAN_POINT ( 'NONE',  ( 28.73577996214125108, -27.65241839282528957, -2.896755917646901768 ) ) ;
#2891 = CARTESIAN_POINT ( 'NONE',  ( 130.9285526814335014, -2.820136222542888760, 35.00000000000000000 ) ) ;
#2892 = CARTESIAN_POINT ( 'NONE',  ( 73.93391463160148191, -18.96080715001136241, 25.89627639459445874 ) ) ;
#2893 = CARTESIAN_POINT ( 'NONE',  ( 113.6732104093771625, -23.87347318173805633, 20.86786089887933571 ) ) ;
#2894 = CARTESIAN_POINT ( 'NONE',  ( 116.8389263535346174, 7.812764898930780078, 34.60576158114847090 ) ) ;
#2895 = DIRECTION ( 'NONE',  ( 0.000000000000000000, 0.9038919048786369093, 0.4277609429282543396 ) ) ;
#2896 = CARTESIAN_POINT ( 'NONE',  ( 51.09853543125188224, -18.74155931576197176, -20.91811928265420661 ) ) ;
#2897 = VERTEX_POINT ( 'NONE', #1592 ) ;
#2898 = DIRECTION ( 'NONE',  ( -3.290533628671976386E-18, -0.4277609429282533404, -0.9038919048786374644 ) ) ;
#2899 = CARTESIAN_POINT ( 'NONE',  ( 100.5746964380195010, -30.58784629560150492, -27.02131976152611159 ) ) ;
#2900 = CIRCLE ( 'NONE', #1331, 5.800000000000006040 ) ;
#2901 = ORIENTED_EDGE ( 'NONE', *, *, #1818, .F. ) ;
#2902 = CARTESIAN_POINT ( 'NONE',  ( 117.3189776973625129, -31.94848988441090754, 37.75299800732386046 ) ) ;
#2903 = CARTESIAN_POINT ( 'NONE',  ( 93.87321040937715111, -20.32305735543354785, 13.36555808838664916 ) ) ;
#2904 = CARTESIAN_POINT ( 'NONE',  ( 12.08968467034340044, 16.86769957714969692, 0.2906128387237494892 ) ) ;
#2905 = AXIS2_PLACEMENT_3D ( 'NONE', #4083, #3362, #3733 ) ;
#2906 = CARTESIAN_POINT ( 'NONE',  ( 82.65183847757938906, -25.90706901628209735, -25.16500593539283059 ) ) ;
#2907 = CARTESIAN_POINT ( 'NONE',  ( 118.7734982110516029, -23.78844763972939091, -29.88104315406971878 ) ) ;
#2908 = DIRECTION ( 'NONE',  ( 0.000000000000000000, 0.9038919048786387966, -0.4277609429282502318 ) ) ;
#2909 = EDGE_LOOP ( 'NONE', ( #2988, #792, #3102, #2120 ) ) ;
#2910 = CARTESIAN_POINT ( 'NONE',  ( 13.49062453388675387, 0.9545764123518019062, -13.77254560041768627 ) ) ;
#2911 = EDGE_LOOP ( 'NONE', ( #140, #2211, #4170, #2864 ) ) ;
#2912 = CARTESIAN_POINT ( 'NONE',  ( 117.3050022508313930, -27.47620092257741220, -31.59037721265330134 ) ) ;
#2913 = CARTESIAN_POINT ( 'NONE',  ( 131.4046405560212918, -47.06496979617570275, -12.23151706884632617 ) ) ;
#2914 = VECTOR ( 'NONE', #3521, 1000.000000000000000 ) ;
#2915 = CLOSED_SHELL ( 'NONE', ( #1071, #1503, #368, #2176, #859, #307, #2571, #2108, #4192, #797, #986, #360, #3828, #4174, #4138, #2048, #3272, #702, #254, #4534, #2454, #3546, #46, #4457, #3689, #1678, #2371, #2027, #2472, #45, #2999, #3850, #3425, #588, #2592, #2816 ) ) ;
#2916 = CARTESIAN_POINT ( 'NONE',  ( 43.68083218481485375, -1.675473198544931819, 24.71518654164717432 ) ) ;
#2917 = CARTESIAN_POINT ( 'NONE',  ( 82.63881387776203269, -25.95506003415941976, 25.11962321857939173 ) ) ;
#2918 = AXIS2_PLACEMENT_3D ( 'NONE', #784, #2216, #3641 ) ;
#2919 = CARTESIAN_POINT ( 'NONE',  ( 106.8732104093771511, -25.10098275617752961, 19.95505191302336101 ) ) ;
#2920 = CARTESIAN_POINT ( 'NONE',  ( 74.49647921103114356, 2.143118070277089338, 32.05332510539010826 ) ) ;
#2921 = LINE ( 'NONE', #4349, #1041 ) ;
#2922 = CARTESIAN_POINT ( 'NONE',  ( 130.9364270373474142, -47.04492546175757894, -12.20449974544967198 ) ) ;
#2923 = ORIENTED_EDGE ( 'NONE', *, *, #3993, .T. ) ;
#2924 = LINE ( 'NONE', #3322, #2238 ) ;
#2925 = CARTESIAN_POINT ( 'NONE',  ( 84.26111232113383664, -27.39543086726749976, -25.32316509134478011 ) ) ;
#2926 = ORIENTED_EDGE ( 'NONE', *, *, #1630, .F. ) ;
#2927 = CARTESIAN_POINT ( 'NONE',  ( 115.0177809679165222, -26.25905704328201651, 19.40700081713564629 ) ) ;
#2928 = CARTESIAN_POINT ( 'NONE',  ( 83.03208527287848995, -26.55275880249505605, 25.08935244197308023 ) ) ;
#2929 = CARTESIAN_POINT ( 'NONE',  ( 130.4685683716222684, 49.77560121189182496, 4.216421189722501239 ) ) ;
#2930 = FACE_OUTER_BOUND ( 'NONE', #1409, .T. ) ;
#2931 = CARTESIAN_POINT ( 'NONE',  ( 107.5418953170991756, -21.41874600699081910, -29.71509668897953205 ) ) ;
#2932 = CARTESIAN_POINT ( 'NONE',  ( 106.8732104093771511, -24.24546087034035580, -18.14726810325694473 ) ) ;
#2933 = VERTEX_POINT ( 'NONE', #1265 ) ;
#2934 = CARTESIAN_POINT ( 'NONE',  ( 130.0000000000002842, 32.33552578849990056, -26.96816855286976988 ) ) ;
#2935 = ORIENTED_EDGE ( 'NONE', *, *, #2185, .F. ) ;
#2936 = EDGE_CURVE ( 'NONE', #228, #2569, #69, .T. ) ;
#2937 = CARTESIAN_POINT ( 'NONE',  ( 119.2361473198740640, -23.99807846550225676, -29.83668965518760885 ) ) ;
#2938 = CARTESIAN_POINT ( 'NONE',  ( 130.4678417679650124, -44.05663882698342348, -16.95636927581000819 ) ) ;
#2939 = EDGE_CURVE ( 'NONE', #2649, #3983, #3745, .T. ) ;
#2940 = CARTESIAN_POINT ( 'NONE',  ( 99.47588834050974071, -22.38930704154162044, 21.23833474180811720 ) ) ;
#2941 = CARTESIAN_POINT ( 'NONE',  ( 82.72624637745481380, -26.20059446257423730, 25.04492388584276341 ) ) ;
#2942 = B_SPLINE_CURVE_WITH_KNOTS ( 'NONE', 3,
 ( #2577, #1477, #800, #2906 ),
 .UNSPECIFIED., .F., .F.,
 ( 4, 4 ),
 ( 0.000000000000000000, 0.9110740484340726919 ),
 .UNSPECIFIED. ) ;
#2943 = DIRECTION ( 'NONE',  ( -0.000000000000000000, 0.4277609429282503428, -0.9038919048786389077 ) ) ;
#2944 = CARTESIAN_POINT ( 'NONE',  ( 13.49062453388675387, 0.9545855340293144531, 13.77254560041768450 ) ) ;
#2945 = CARTESIAN_POINT ( 'NONE',  ( 89.52443508186082965, -24.72969379720686334, 28.57819691239674142 ) ) ;
#2946 = CARTESIAN_POINT ( 'NONE',  ( 130.4686021671415972, -50.01708879153876808, -1.405863786913031266 ) ) ;
#2947 = EDGE_LOOP ( 'NONE', ( #1075, #1603, #498, #2118, #1426, #3612, #3338, #2981, #2432, #1286, #3163, #2140 ) ) ;
#2948 = FACE_OUTER_BOUND ( 'NONE', #3055, .T. ) ;
#2949 = CARTESIAN_POINT ( 'NONE',  ( 100.9099512517289270, -31.73921751874036445, -23.45624583717743405 ) ) ;
#2950 = CARTESIAN_POINT ( 'NONE',  ( 119.2287525389737226, -21.17975108186449162, 30.95565987012524900 ) ) ;
#2951 = CARTESIAN_POINT ( 'NONE',  ( 111.8639944545630414, -30.62415278204777991, 28.84069761042544044 ) ) ;
#2952 = CARTESIAN_POINT ( 'NONE',  ( 12.01090769245360868, 16.76639541303488556, 0.8608054725640874594 ) ) ;
#2953 = CARTESIAN_POINT ( 'NONE',  ( 121.6565371457189713, -26.12780639248392589, 29.12955228016833331 ) ) ;
#2954 = LINE ( 'NONE', #1201, #2840 ) ;
#2955 = CARTESIAN_POINT ( 'NONE',  ( 121.1282705751002879, -29.45584611674889075, 27.42003620697616739 ) ) ;
#2956 = ORIENTED_EDGE ( 'NONE', *, *, #19, .T. ) ;
#2957 = CARTESIAN_POINT ( 'NONE',  ( 130.4656281614743136, 24.77073644197401592, -30.65165900432188195 ) ) ;
#2958 = CARTESIAN_POINT ( 'NONE',  ( 120.4691269437540200, -24.74176662650170400, -29.63524423661803553 ) ) ;
#2959 = CARTESIAN_POINT ( 'NONE',  ( 59.99977932697732541, -32.14828067248730292, -14.38711755128785441 ) ) ;
#2960 = CARTESIAN_POINT ( 'NONE',  ( 99.26854159886420348, -22.47490518437445317, 21.41921022765681215 ) ) ;
#2961 = CYLINDRICAL_SURFACE ( 'NONE', #2978, 5.500000000000004441 ) ;
#2962 = CARTESIAN_POINT ( 'NONE',  ( 117.8598165271587135, -24.33253357993971733, -20.31871546885979996 ) ) ;
#2963 = CARTESIAN_POINT ( 'NONE',  ( 47.20424122687287394, -11.86144881716641208, 23.06043238651390581 ) ) ;
#2964 = CYLINDRICAL_SURFACE ( 'NONE', #2099, 0.7999999999999999334 ) ;
#2965 = CARTESIAN_POINT ( 'NONE',  ( 12.08968467034340044, -16.86769957714969692, -0.2906128387237498778 ) ) ;
#2966 = ORIENTED_EDGE ( 'NONE', *, *, #4582, .F. ) ;
#2967 = DIRECTION ( 'NONE',  ( -3.290533628671975231E-18, -0.4277609429282532849, -0.9038919048786373533 ) ) ;
#2968 = CARTESIAN_POINT ( 'NONE',  ( 109.8957268734391448, -30.73183108223290816, -28.45930117356489930 ) ) ;
#2969 = CARTESIAN_POINT ( 'NONE',  ( 113.6732104093771625, -23.74514489885957502, -20.59669332741573555 ) ) ;
#2970 = CARTESIAN_POINT ( 'NONE',  ( 114.1790224126211086, -30.40639133634402569, 29.35249926608564763 ) ) ;
#2971 = CARTESIAN_POINT ( 'NONE',  ( 67.41748257341450312, 42.54371922178950172, 0.8377285941615274512 ) ) ;
#2972 = CARTESIAN_POINT ( 'NONE',  ( 112.4713796450257917, -26.01097098922480555, 31.44997798328715177 ) ) ;
#2973 = DIRECTION ( 'NONE',  ( -8.659560562354939021E-17, -0.3366754319279903207, 0.9416207588706300147 ) ) ;
#2974 = CARTESIAN_POINT ( 'NONE',  ( 118.4326829340660368, -27.50570727730550757, 28.20122777692544602 ) ) ;
#2975 = ORIENTED_EDGE ( 'NONE', *, *, #1745, .T. ) ;
#2976 = CARTESIAN_POINT ( 'NONE',  ( 117.5285560087556291, -26.38117077302670310, -28.68484317980789555 ) ) ;
#2977 = CARTESIAN_POINT ( 'NONE',  ( 116.8389263535344895, -7.812764898930837809, -34.60576158114845668 ) ) ;
#2978 = AXIS2_PLACEMENT_3D ( 'NONE', #3710, #4062, #3007 ) ;
#2979 = DIRECTION ( 'NONE',  ( 0.000000000000000000, 0.4277609429282533404, -0.9038919048786374644 ) ) ;
#2980 = DIRECTION ( 'NONE',  ( 3.290533628671975231E-18, 0.4277609429282532849, 0.9038919048786375754 ) ) ;
#2981 = ORIENTED_EDGE ( 'NONE', *, *, #1342, .F. ) ;
#2982 = CARTESIAN_POINT ( 'NONE',  ( 107.3587758326524977, -27.36071251830254170, -18.88564955573661308 ) ) ;
#2983 = AXIS2_PLACEMENT_3D ( 'NONE', #3863, #4545, #2812 ) ;
#2984 = CARTESIAN_POINT ( 'NONE',  ( 130.4649184555771342, -16.73232582716851979, 33.18451832445006744 ) ) ;
#2985 = DIRECTION ( 'NONE',  ( 0.4259614308760114598, -0.8123075098173385689, 0.3983884648184678468 ) ) ;
#2986 = AXIS2_PLACEMENT_3D ( 'NONE', #3995, #2493, #3919 ) ;
#2987 = CARTESIAN_POINT ( 'NONE',  ( 129.9999999999998863, -49.75819800988173114, -4.204627064787312740 ) ) ;
#2988 = ORIENTED_EDGE ( 'NONE', *, *, #4114, .F. ) ;
#2989 = CYLINDRICAL_SURFACE ( 'NONE', #3059, 0.7999999999999999334 ) ;
#2990 = CARTESIAN_POINT ( 'NONE',  ( 66.46708934496496113, 41.25705676901479535, -5.105864789804154036 ) ) ;
#2991 = EDGE_CURVE ( 'NONE', #1258, #3165, #170, .T. ) ;
#2992 = VECTOR ( 'NONE', #151, 1000.000000000000000 ) ;
#2993 = B_SPLINE_CURVE_WITH_KNOTS ( 'NONE', 3,
 ( #3755, #2704, #134, #2264, #2283, #2633, #532, #4453, #3686, #4387, #158, #1230, #2305, #3386, #555, #4134, #1182, #180, #2611, #1534, #928, #1602, #1582, #1250, #2680, #1556, #3778, #2352, #4108, #503, #905, #1985, #3407, #202, #3054, #577, #4039, #483, #4410, #1207, #855, #2749, #1694, #227, #2401, #3798 ),
 .UNSPECIFIED., .F., .F.,
 ( 4, 2, 2, 2, 2, 2, 2, 2, 2, 2, 2, 2, 2, 2, 2, 2, 2, 2, 2, 2, 2, 2, 4 ),
 ( 0.09240887271321349128, 0.09314550883248773339, 0.09388214495176196162, 0.09461878107103620372, 0.09535541719031044583, 0.09609205330958468794, 0.09682868942885891617, 0.09830196166740740038, 0.09977523390595587072, 0.1012485061445043549, 0.1041950506216013372, 0.1071415950986983334, 0.1100881395757953296, 0.1159812285299893220, 0.1218743174841833143, 0.1277674064383773067, 0.1307139509154742751, 0.1336604953925712991, 0.1351337676311198110, 0.1366070398696683230, 0.1380803121082168350, 0.1388169482274910771, 0.1395535843467653470 ),
 .UNSPECIFIED. ) ;
#2994 = CARTESIAN_POINT ( 'NONE',  ( 134.6897895703582151, -45.13319204520066563, 65.79128857138150011 ) ) ;
#2995 = EDGE_CURVE ( 'NONE', #733, #4339, #1147, .T. ) ;
#2996 = CARTESIAN_POINT ( 'NONE',  ( 90.13098277037555306, -33.25611515054844602, 37.13417288695185903 ) ) ;
#2997 = CARTESIAN_POINT ( 'NONE',  ( 101.3732104093771511, -25.95650464205336760, -21.76283572277149503 ) ) ;
#2998 = CARTESIAN_POINT ( 'NONE',  ( 11.68595265865851296, 16.33706840907456836, 1.662933309306533936 ) ) ;
#2999 = ADVANCED_FACE ( 'NONE', ( #1290 ), #3533, .F. ) ;
#3000 = LINE ( 'NONE', #4424, #965 ) ;
#3001 = DIRECTION ( 'NONE',  ( -1.000000000000000000, 1.407561767737851301E-18, 2.974286709687526747E-18 ) ) ;
#3002 = CARTESIAN_POINT ( 'NONE',  ( 118.2522973066684955, -27.21962575543681950, 28.28423802268588716 ) ) ;
#3003 = ORIENTED_EDGE ( 'NONE', *, *, #1560, .T. ) ;
#3004 = CARTESIAN_POINT ( 'NONE',  ( 13.49062453388675387, 0.000000000000000000, -13.77254560041768627 ) ) ;
#3005 = CARTESIAN_POINT ( 'NONE',  ( 116.8044477273400332, -23.81196162818589457, -30.07344364188627139 ) ) ;
#3006 = PLANE ( 'NONE',  #2918 ) ;
#3007 = DIRECTION ( 'NONE',  ( 0.000000000000000000, -0.9038919048786373533, 0.4277609429282533404 ) ) ;
#3008 = ORIENTED_EDGE ( 'NONE', *, *, #2039, .F. ) ;
#3009 = CARTESIAN_POINT ( 'NONE',  ( 109.7271652298359328, -29.38571893414495406, -38.96581262849484517 ) ) ;
#3010 = CARTESIAN_POINT ( 'NONE',  ( 2.190032415392462628, -0.4108419478602262087, 6.158470319802443527 ) ) ;
#3011 = DIRECTION ( 'NONE',  ( -0.000000000000000000, 0.4277609429282503428, -0.9038919048786389077 ) ) ;
#3012 = CARTESIAN_POINT ( 'NONE',  ( 131.4058065014247632, -50.05126637461629002, 1.414272870784554215 ) ) ;
#3013 = EDGE_CURVE ( 'NONE', #733, #1279, #2129, .T. ) ;
#3014 = ORIENTED_EDGE ( 'NONE', *, *, #1018, .T. ) ;
#3015 = CARTESIAN_POINT ( 'NONE',  ( 12.08968467034340044, 16.86769957714969692, -0.2906128387237494892 ) ) ;
#3016 = CARTESIAN_POINT ( 'NONE',  ( 109.4454958052574653, -21.64504996326764541, 29.82855168263006362 ) ) ;
#3017 = EDGE_CURVE ( 'NONE', #1496, #2580, #4487, .T. ) ;
#3018 = CARTESIAN_POINT ( 'NONE',  ( 123.8615284943280273, -38.77936099275471094, 54.83297805776478384 ) ) ;
#3019 = DIRECTION ( 'NONE',  ( -3.290533628671976001E-18, -0.4277609429282533404, -0.9038919048786374644 ) ) ;
#3020 = CARTESIAN_POINT ( 'NONE',  ( 26.58005605112663261, 24.49956092343671799, -6.089034298033798365 ) ) ;
#3021 = CARTESIAN_POINT ( 'NONE',  ( 109.7271652298359328, -29.38571893414495406, 38.96581262849484517 ) ) ;
#3022 = DIRECTION ( 'NONE',  ( 3.290533628671974845E-18, 0.4277609429282532294, -0.9038919048786374644 ) ) ;
#3023 = CARTESIAN_POINT ( 'NONE',  ( 118.4345084337224421, -27.32285659985381088, 28.27860187799362990 ) ) ;
#3024 = B_SPLINE_CURVE_WITH_KNOTS ( 'NONE', 3,
 ( #985, #616, #2049, #3904, #1052, #3491, #4231, #4629, #268, #2113, #3859, #1691, #286, #3838, #700, #1403, #4541, #1339, #2133, #1779, #636, #1713, #311, #3138, #1028, #4564, #2786, #4213, #3516, #657, #1735, #2090, #3158, #2458, #3883, #679, #3536, #332, #3178, #4606, #2831, #3202, #4303, #1828, #4355, #102 ),
 .UNSPECIFIED., .F., .F.,
 ( 4, 2, 2, 2, 2, 2, 2, 2, 2, 2, 2, 2, 2, 2, 2, 2, 2, 2, 2, 2, 2, 2, 4 ),
 ( 0.0003992898413345545875, 0.0007038173427989025729, 0.001008344844263250450, 0.001617399847191916713, 0.002226454850120582543, 0.002835509853049248807, 0.004053619858906537532, 0.005271729864763826691, 0.007707949876478408478, 0.01014416988819299113, 0.01501660991162215471, 0.01988904993505132002, 0.02476148995848048359, 0.02963392998190965064, 0.03207014999362423763, 0.03450637000533882115, 0.03572448001119609556, 0.03694259001705336998, 0.03755164501998200371, 0.03816070002291064439, 0.03876975502583927119, 0.03907428252730359153, 0.03937881002876791187 ),
 .UNSPECIFIED. ) ;
#3025 = CARTESIAN_POINT ( 'NONE',  ( 123.3232104093771824, -21.30515158963326527, 31.22064082669394125 ) ) ;
#3026 = CARTESIAN_POINT ( 'NONE',  ( 75.07727001583475612, -6.729403002611721085, -31.63615946554426017 ) ) ;
#3027 = CARTESIAN_POINT ( 'NONE',  ( 88.26625363028298921, -20.12957727927344109, -22.30773709916263670 ) ) ;
#3028 = CARTESIAN_POINT ( 'NONE',  ( 82.93195234733019561, -25.68146093599276014, 25.59169435991467267 ) ) ;
#3029 = CARTESIAN_POINT ( 'NONE',  ( 99.16471303150633787, -21.67889521275150599, -12.72391667399426751 ) ) ;
#3030 = DIRECTION ( 'NONE',  ( 0.000000000000000000, 0.9038919048786369093, -0.4277609429282543396 ) ) ;
#3031 = ORIENTED_EDGE ( 'NONE', *, *, #2936, .T. ) ;
#3032 = CARTESIAN_POINT ( 'NONE',  ( 90.13098277037555306, -30.50321985341679110, -38.43696261405080605 ) ) ;
#3033 = CARTESIAN_POINT ( 'NONE',  ( 18.45344217075478355, -12.02768488102958067, 11.70572590285607006 ) ) ;
#3034 = CARTESIAN_POINT ( 'NONE',  ( 43.68083218481485375, 0.000000000000000000, 24.71518654164717432 ) ) ;
#3035 = CARTESIAN_POINT ( 'NONE',  ( 130.0000000000001137, -48.69516436030438200, -8.288434316662087298 ) ) ;
#3036 = CARTESIAN_POINT ( 'NONE',  ( 83.03208527287851837, -26.55275880249505960, -25.08935244197309089 ) ) ;
#3037 = CARTESIAN_POINT ( 'NONE',  ( 27.94483090126528779, 26.50230030860800312, -4.303947380310244597 ) ) ;
#3038 = CARTESIAN_POINT ( 'NONE',  ( 121.1491945785552957, -25.36405093875436378, 29.42660632070451854 ) ) ;
#3039 = B_SPLINE_CURVE_WITH_KNOTS ( 'NONE', 3,
 ( #3748, #4147, #3422, #1643, #2697, #3815, #2023, #3448 ),
 .UNSPECIFIED., .F., .F.,
 ( 4, 2, 2, 4 ),
 ( 4.277421474636178288E-17, 0.0003155743928602087718, 0.0006311487857203748261, 0.001262297571440711271 ),
 .UNSPECIFIED. ) ;
#3040 = CARTESIAN_POINT ( 'NONE',  ( 125.1362128771300632, -39.73354473372631190, 54.38141683173564189 ) ) ;
#3041 = DIRECTION ( 'NONE',  ( -0.000000000000000000, -0.4277609429282543396, -0.9038919048786371313 ) ) ;
#3042 = CARTESIAN_POINT ( 'NONE',  ( 59.99977932697721172, 32.14828067248720345, -14.38711755128788639 ) ) ;
#3043 = CARTESIAN_POINT ( 'NONE',  ( 74.42321040937713406, -30.56002895521314144, 19.21722781413889081 ) ) ;
#3044 = CARTESIAN_POINT ( 'NONE',  ( 101.3732104093771511, -25.10098275617752961, -19.95505191302336101 ) ) ;
#3045 = CARTESIAN_POINT ( 'NONE',  ( 121.9072577139347118, -28.20206902846302910, 28.15595909761017168 ) ) ;
#3046 = UNCERTAINTY_MEASURE_WITH_UNIT (LENGTH_MEASURE( 1.000000000000000082E-05 ), #634, 'distance_accuracy_value', 'NONE');
#3047 = DIRECTION ( 'NONE',  ( 0.000000000000000000, 0.9038919048786377974, 0.4277609429282521192 ) ) ;
#3048 = CARTESIAN_POINT ( 'NONE',  ( 32.31490397883111854, -20.88773987447662606, -12.70912154815673389 ) ) ;
#3049 = CARTESIAN_POINT ( 'NONE',  ( 109.1971438837503854, -38.97613547519667776, -54.73985581859074045 ) ) ;
#3050 = B_SPLINE_CURVE_WITH_KNOTS ( 'NONE', 3,
 ( #4269, #1062, #1814, #2489 ),
 .UNSPECIFIED., .F., .F.,
 ( 4, 4 ),
 ( 0.000000000000000000, 0.7834983687814286446 ),
 .UNSPECIFIED. ) ;
#3051 = VECTOR ( 'NONE', #3144, 999.9999999999998863 ) ;
#3052 = CARTESIAN_POINT ( 'NONE',  ( 83.26899582981853598, -25.58832125713369976, 25.94392463340827248 ) ) ;
#3053 = CARTESIAN_POINT ( 'NONE',  ( 121.6079489672406027, -28.86546640262136521, 27.78417917414492422 ) ) ;
#3054 = CARTESIAN_POINT ( 'NONE',  ( 86.58525161288282845, -29.64672451306125467, -22.42808513709875484 ) ) ;
#3055 = EDGE_LOOP ( 'NONE', ( #1177, #757, #4322, #203 ) ) ;
#3056 = DIRECTION ( 'NONE',  ( 3.290533628671975231E-18, 0.4277609429282532849, -0.9038919048786373533 ) ) ;
#3057 = CARTESIAN_POINT ( 'NONE',  ( 82.72523048873487994, -24.42426794511515098, -24.83553112737563495 ) ) ;
#3058 = CARTESIAN_POINT ( 'NONE',  ( 0.000000000000000000, -1.670036308073700848, 3.317257051284884461 ) ) ;
#3059 = AXIS2_PLACEMENT_3D ( 'NONE', #4346, #3316, #1088 ) ;
#3060 = DIRECTION ( 'NONE',  ( -1.000000000000000000, 1.407561767737850338E-18, -2.974286709687527903E-18 ) ) ;
#3061 = CARTESIAN_POINT ( 'NONE',  ( 32.31490397883111854, -20.88773987447662606, 12.70912154815673389 ) ) ;
#3062 = CIRCLE ( 'NONE', #149, 5.500000000000004441 ) ;
#3063 = CARTESIAN_POINT ( 'NONE',  ( 86.16330933059722952, -28.19601702393529763, -25.52810314344173293 ) ) ;
#3064 = EDGE_CURVE ( 'NONE', #3888, #1258, #1494, .T. ) ;
#3065 = CARTESIAN_POINT ( 'NONE',  ( 130.4685683716222684, 49.77560121189182496, -4.216421189722501239 ) ) ;
#3066 = CARTESIAN_POINT ( 'NONE',  ( 80.89989233079479902, -24.14568705959445083, 24.64423373408655848 ) ) ;
#3067 = CC_DESIGN_APPROVAL ( #2738, ( #159 ) ) ;
#3068 = CARTESIAN_POINT ( 'NONE',  ( 112.7681726696171722, -41.10587424988709415, 53.73197084746163199 ) ) ;
#3069 = CARTESIAN_POINT ( 'NONE',  ( 134.6897895703582151, -44.63177111623289761, 66.02858275249047892 ) ) ;
#3070 = CARTESIAN_POINT ( 'NONE',  ( 129.9999999999998863, 47.00483632677174484, -12.15046273773360319 ) ) ;
#3071 = CARTESIAN_POINT ( 'NONE',  ( 139.3799326301305541, -45.14011058862534043, 65.78801441587346233 ) ) ;
#3072 = DIRECTION ( 'NONE',  ( 0.000000000000000000, 0.9038919048786375754, -0.4277609429282530074 ) ) ;
#3073 = ORIENTED_EDGE ( 'NONE', *, *, #3146, .F. ) ;
#3074 = CARTESIAN_POINT ( 'NONE',  ( 82.13838682897775811, -25.99755230569137154, 23.84850410357762840 ) ) ;
#3075 = CARTESIAN_POINT ( 'NONE',  ( 130.0000000000000000, 1.339643116750333096E-05, -35.00000000000000000 ) ) ;
#3076 = CARTESIAN_POINT ( 'NONE',  ( 115.1446905700826022, -33.61371544471542450, -36.96494088232976338 ) ) ;
#3077 = EDGE_CURVE ( 'NONE', #1565, #4264, #3695, .T. ) ;
#3078 = CARTESIAN_POINT ( 'NONE',  ( 117.2885213662698476, -31.67449508834421934, 37.88266425578822805 ) ) ;
#3079 = DIRECTION ( 'NONE',  ( -3.290533628671963290E-18, -0.4277609429282533404, -0.9038919048786374644 ) ) ;
#3080 = LINE ( 'NONE', #2095, #3133 ) ;
#3081 = EDGE_LOOP ( 'NONE', ( #4084, #2153, #4200, #4063 ) ) ;
#3082 = CARTESIAN_POINT ( 'NONE',  ( 135.7405809235568768, -44.88248158071678517, -65.90993566193598951 ) ) ;
#3083 = CARTESIAN_POINT ( 'NONE',  ( 4.897582507596360379, -10.46632594654758108, 0.6241556376676996587 ) ) ;
#3084 = EDGE_CURVE ( 'NONE', #2815, #2897, #239, .T. ) ;
#3085 = CARTESIAN_POINT ( 'NONE',  ( 131.3968844844233104, 24.83609542086516342, 30.69107509153867142 ) ) ;
#3086 = CARTESIAN_POINT ( 'NONE',  ( 130.0000000000003411, -24.73805695321736309, 30.63195096075187962 ) ) ;
#3087 = ORIENTED_EDGE ( 'NONE', *, *, #3194, .T. ) ;
#3088 = CARTESIAN_POINT ( 'NONE',  ( 92.33764674609004430, 46.44170871541020773, -6.548524203271599120 ) ) ;
#3089 = CARTESIAN_POINT ( 'NONE',  ( 80.66085958799374112, -24.73539273516280801, 24.27814493006207996 ) ) ;
#3090 = CARTESIAN_POINT ( 'NONE',  ( 125.1183577332007104, -39.62064578995136799, 54.43484551981673292 ) ) ;
#3091 = CARTESIAN_POINT ( 'NONE',  ( 139.3799326301305541, -44.63177111623289761, 66.02858275249047892 ) ) ;
#3092 = CARTESIAN_POINT ( 'NONE',  ( 131.4017510391517192, 39.30513438939772897, -22.18714947278250094 ) ) ;
#3093 = CARTESIAN_POINT ( 'NONE',  ( 117.1549777272469157, -32.28483684585429359, 37.59382400366089882 ) ) ;
#3094 = DIRECTION ( 'NONE',  ( 0.4259614308760114598, -0.8123075098173385689, -0.3983884648184678468 ) ) ;
#3095 = ORIENTED_EDGE ( 'NONE', *, *, #305, .T. ) ;
#3096 = CARTESIAN_POINT ( 'NONE',  ( 87.92146664256105737, -28.19463015492994273, 23.62789592405513517 ) ) ;
#3097 = CARTESIAN_POINT ( 'NONE',  ( 130.4642763407167365, 1.386914769243183403E-05, -35.00000000000000000 ) ) ;
#3098 = CARTESIAN_POINT ( 'NONE',  ( 113.6732104093771625, -15.35165187860104652, 15.71824327449204084 ) ) ;
#3099 = CARTESIAN_POINT ( 'NONE',  ( 82.63954064117911003, -25.96279774143366126, 25.11521794369626903 ) ) ;
#3100 = CARTESIAN_POINT ( 'NONE',  ( 74.42321040937713406, -30.56002895521314144, -19.21722781413889081 ) ) ;
#3101 = CARTESIAN_POINT ( 'NONE',  ( 124.1232104093770658, -32.79165355247891256, 25.80302638871579646 ) ) ;
#3102 = ORIENTED_EDGE ( 'NONE', *, *, #2850, .F. ) ;
#3103 = PLANE ( 'NONE',  #2450 ) ;
#3104 = CARTESIAN_POINT ( 'NONE',  ( 82.63954064117993425, -25.96279774143478036, -25.11521794369720695 ) ) ;
#3105 = CARTESIAN_POINT ( 'NONE',  ( 130.0000000000000284, -44.03408421382737714, 16.92405482931950900 ) ) ;
#3106 = CARTESIAN_POINT ( 'NONE',  ( 130.4678417679656945, 44.05663897915829352, 16.95636963250747797 ) ) ;
#3107 = CARTESIAN_POINT ( 'NONE',  ( 130.9356835359303659, -44.07919344025322061, 16.98868372250078096 ) ) ;
#3108 = DIRECTION ( 'NONE',  ( -3.290533628671975231E-18, -0.4277609429282532849, -0.9038919048786375754 ) ) ;
#3109 = CARTESIAN_POINT ( 'NONE',  ( 0.000000000000000000, 4.869741587137655259, 0.8290359989806687091 ) ) ;
#3110 = CARTESIAN_POINT ( 'NONE',  ( 111.4343662764615601, -25.81521834504515667, 31.39551053919324630 ) ) ;
#3111 = CARTESIAN_POINT ( 'NONE',  ( 116.2410738054721122, -31.32667434739798296, -25.79592018824623167 ) ) ;
#3112 = CARTESIAN_POINT ( 'NONE',  ( 129.9999999999999716, 44.03408421371376846, -16.92405482911920700 ) ) ;
#3113 = CARTESIAN_POINT ( 'NONE',  ( 82.51898740097524865, -31.20796888873536545, 20.58637492876116681 ) ) ;
#3114 = DIRECTION ( 'NONE',  ( -3.290533628671975231E-18, -0.4277609429282532849, -0.9038919048786375754 ) ) ;
#3115 = EDGE_LOOP ( 'NONE', ( #3432, #2793, #1861, #4363, #2456, #3268, #3387, #160, #1658, #3659, #768, #4218 ) ) ;
#3116 = CARTESIAN_POINT ( 'NONE',  ( 124.1232104093771511, -29.84641525671879236, -17.70930696268391102 ) ) ;
#3117 = CARTESIAN_POINT ( 'NONE',  ( 118.0916708396743076, -23.84491920071809190, -20.54947579043743389 ) ) ;
#3118 = CARTESIAN_POINT ( 'NONE',  ( 80.62315466822131782, -25.60399047612474988, 23.78189294792278474 ) ) ;
#3119 = LINE ( 'NONE', #3473, #3877 ) ;
#3120 = LINE ( 'NONE', #2117, #1637 ) ;
#3121 = VERTEX_POINT ( 'NONE', #1749 ) ;
#3122 = DIRECTION ( 'NONE',  ( -0.000000000000000000, -0.4277609429282543396, -0.9038919048786371313 ) ) ;
#3123 = ORIENTED_EDGE ( 'NONE', *, *, #999, .T. ) ;
#3124 = CARTESIAN_POINT ( 'NONE',  ( 28.73577996214130081, -27.65241802754828981, 2.896751538687683869 ) ) ;
#3125 = AXIS2_PLACEMENT_3D ( 'NONE', #2197, #3264, #1558 ) ;
#3126 = CARTESIAN_POINT ( 'NONE',  ( 130.9328785078586179, 32.39662890275103280, 27.02497780066208222 ) ) ;
#3127 = CARTESIAN_POINT ( 'NONE',  ( 130.9368579302139324, -48.73215467423325720, 8.329755019591589260 ) ) ;
#3128 = CARTESIAN_POINT ( 'NONE',  ( 115.6948133284360551, -30.17493961509926237, -29.76306437707077990 ) ) ;
#3129 = CARTESIAN_POINT ( 'NONE',  ( 36.79668298616768141, 26.39915286822497720, 10.26328614245496773 ) ) ;
#3130 = CARTESIAN_POINT ( 'NONE',  ( 103.6103387018178239, -24.84026362008252420, 30.77542818136072000 ) ) ;
#3131 = VECTOR ( 'NONE', #150, 999.9999999999998863 ) ;
#3132 = EDGE_CURVE ( 'NONE', #3756, #4238, #2473, .T. ) ;
#3133 = VECTOR ( 'NONE', #4154, 1000.000000000000000 ) ;
#3134 = CARTESIAN_POINT ( 'NONE',  ( 114.6809309431155413, -29.13237793530787201, -26.95028979082078990 ) ) ;
#3135 = CARTESIAN_POINT ( 'NONE',  ( 74.49647921103114356, 2.143118070277089338, -32.05332510539010826 ) ) ;
#3136 = AXIS2_PLACEMENT_3D ( 'NONE', #3870, #2540, #3527 ) ;
#3137 = DATE_AND_TIME ( #1711, #3962 ) ;
#3138 = CARTESIAN_POINT ( 'NONE',  ( 98.89309846223352451, -24.58010280069814968, -30.22432064206347846 ) ) ;
#3139 = FACE_OUTER_BOUND ( 'NONE', #1695, .T. ) ;
#3140 = CARTESIAN_POINT ( 'NONE',  ( 92.20484764987648418, -20.90130653688955675, 28.03219526603790257 ) ) ;
#3141 = CARTESIAN_POINT ( 'NONE',  ( 123.3232104093771113, -33.43869146809631587, -25.30006399937030892 ) ) ;
#3142 = CARTESIAN_POINT ( 'NONE',  ( 115.1385921439528346, -21.03225222231555591, -30.64398338977041192 ) ) ;
#3143 = ORIENTED_EDGE ( 'NONE', *, *, #329, .F. ) ;
#3144 = DIRECTION ( 'NONE',  ( 1.348150961071065268E-33, -0.9038919048786374644, 0.4277609429282533404 ) ) ;
#3145 = VERTEX_POINT ( 'NONE', #692 ) ;
#3146 = EDGE_CURVE ( 'NONE', #8, #4202, #3855, .T. ) ;
#3147 = CARTESIAN_POINT ( 'NONE',  ( 96.16072682438814923, -23.17756483201261730, -27.61571627114008365 ) ) ;
#3148 = CARTESIAN_POINT ( 'NONE',  ( 29.37164097186501266, -28.55832029697794994, 0.4772882061759011196 ) ) ;
#3149 = CARTESIAN_POINT ( 'NONE',  ( 83.78913208788787870, 29.51966168863299700, 23.26497895200535382 ) ) ;
#3150 = CARTESIAN_POINT ( 'NONE',  ( 11.18374942461134225, -15.66263281114362016, 2.394051194909095681 ) ) ;
#3151 = CARTESIAN_POINT ( 'NONE',  ( 118.6170100066553204, -29.26016295398466482, -31.27273019347388683 ) ) ;
#3152 = CARTESIAN_POINT ( 'NONE',  ( 0.000000000000000000, 4.700487605611238351, 1.214892451353364544 ) ) ;
#3153 = CARTESIAN_POINT ( 'NONE',  ( 102.0391503541043505, -24.73155365862033506, 30.60758094912221239 ) ) ;
#3154 = CARTESIAN_POINT ( 'NONE',  ( 115.9224707143542616, -28.86425596918449088, -27.24092280808223521 ) ) ;
#3155 = CARTESIAN_POINT ( 'NONE',  ( 20.36349329260115582, 1.243192229612916089, -17.02055174897400036 ) ) ;
#3156 = EDGE_CURVE ( 'NONE', #2933, #2663, #1421, .T. ) ;
#3157 = PERSON_AND_ORGANIZATION ( #90, #533 ) ;
#3158 = CARTESIAN_POINT ( 'NONE',  ( 85.75336543334294959, -25.14351395778414755, -27.43592507960612537 ) ) ;
#3159 = CARTESIAN_POINT ( 'NONE',  ( 106.8732104093771511, -24.24546087034035580, 18.14726810325694473 ) ) ;
#3160 = CARTESIAN_POINT ( 'NONE',  ( 93.40227057914479758, -23.18789769025793746, 27.21738506904075550 ) ) ;
#3161 = CARTESIAN_POINT ( 'NONE',  ( 81.02008374352652709, -26.60028395758164166, 23.27563733346323360 ) ) ;
#3162 = CARTESIAN_POINT ( 'NONE',  ( 106.8732104093771511, -22.21170408430874943, -19.10973022487138806 ) ) ;
#3163 = ORIENTED_EDGE ( 'NONE', *, *, #4246, .F. ) ;
#3164 = CARTESIAN_POINT ( 'NONE',  ( 130.9285526814335014, 1.434186421736033710E-05, -35.00000000000000000 ) ) ;
#3165 = VERTEX_POINT ( 'NONE', #2126 ) ;
#3166 = CARTESIAN_POINT ( 'NONE',  ( 88.44786172798546886, -23.40681596563393541, -26.35659446243159820 ) ) ;
#3167 = CARTESIAN_POINT ( 'NONE',  ( 93.08178496474421593, -47.82351979117675000, 1.071548795704145851 ) ) ;
#3168 = DIRECTION ( 'NONE',  ( 0.000000000000000000, 0.9038919048786369093, 0.4277609429282543396 ) ) ;
#3169 = FACE_OUTER_BOUND ( 'NONE', #731, .T. ) ;
#3170 = CARTESIAN_POINT ( 'NONE',  ( 0.000000000000000000, 4.403304394047798276, 1.692557972329558957 ) ) ;
#3171 = LINE ( 'NONE', #1378, #4328 ) ;
#3172 = CARTESIAN_POINT ( 'NONE',  ( 0.000000000000000000, -4.700487605599025898, -1.214892451258636763 ) ) ;
#3173 = CARTESIAN_POINT ( 'NONE',  ( 108.3817077872479899, -18.96721949811559682, 14.00719950277902548 ) ) ;
#3174 = CARTESIAN_POINT ( 'NONE',  ( 116.6926845024926394, -28.64173653094191607, -27.44739625542712602 ) ) ;
#3175 = CARTESIAN_POINT ( 'NONE',  ( 23.91156834007554366, 9.350646429087943190, -15.98831962148295993 ) ) ;
#3176 = PERSON_AND_ORGANIZATION_ROLE ( 'creator' ) ;
#3177 = ORIENTED_EDGE ( 'NONE', *, *, #2660, .F. ) ;
#3178 = CARTESIAN_POINT ( 'NONE',  ( 83.52804775236033663, -25.53210753458562010, -26.17513992016835189 ) ) ;
#3179 = CARTESIAN_POINT ( 'NONE',  ( 125.1362128771300632, -39.69567427079982735, -54.39933878107839149 ) ) ;
#3180 = CARTESIAN_POINT ( 'NONE',  ( 87.95765488518730990, -21.25622705281366009, 27.25444337874914424 ) ) ;
#3181 = CARTESIAN_POINT ( 'NONE',  ( 90.36497901244796083, -30.49328871617999681, 22.55283648517218609 ) ) ;
#3182 = DIRECTION ( 'NONE',  ( 0.000000000000000000, 0.9038919048786373533, -0.4277609429282533404 ) ) ;
#3183 = ORIENTED_EDGE ( 'NONE', *, *, #917, .F. ) ;
#3184 = CARTESIAN_POINT ( 'NONE',  ( 73.62321040937716532, -18.36698806476008627, 23.14187093787273852 ) ) ;
#3185 = EDGE_LOOP ( 'NONE', ( #4220, #1050, #963, #4178 ) ) ;
#3186 = CARTESIAN_POINT ( 'NONE',  ( 88.00755004181590380, -23.44303684669718635, -26.26782775283606952 ) ) ;
#3187 = CARTESIAN_POINT ( 'NONE',  ( 130.9368579302139324, -48.73215467423325720, -8.329755019591589260 ) ) ;
#3188 = CARTESIAN_POINT ( 'NONE',  ( 20.36349329260115582, 0.000000000000000000, 17.02055174897400036 ) ) ;
#3189 = CARTESIAN_POINT ( 'NONE',  ( 116.8064446123970583, -29.94631941152015386, -30.12562065616899787 ) ) ;
#3190 = EDGE_CURVE ( 'NONE', #1719, #3439, #4533, .T. ) ;
#3191 = CARTESIAN_POINT ( 'NONE',  ( 4.809640427829902087, 10.20805195618178196, 1.256106287931075371 ) ) ;
#3192 =( BOUNDED_SURFACE ( )  B_SPLINE_SURFACE ( 3, 2, ( 
 ( #802, #1762, #4610 ),
 ( #2836, #4263, #2483 ),
 ( #3908, #730, #2861 ),
 ( #3562, #2160, #387 ),
 ( #2698, #2325, #4057 ),
 ( #3045, #3002, #1929 ),
 ( #4468, #898, #1528 ),
 ( #4077, #1596, #497 ),
 ( #107, #2297, #2671 ),
 ( #2258, #3023, #4128 ),
 ( #2955, #3749, #457 ),
 ( #4032, #2974, #2231 ),
 ( #4381, #1577, #4447 ),
 ( #2602, #1176, #4404 ),
 ( #1225, #524, #827 ),
 ( #849, #3355, #4426 ),
 ( #3679, #1244, #4099 ),
 ( #3309, #3658, #196 ),
 ( #477, #2278, #549 ),
 ( #1618, #1978, #2648 ),
 ( #1270, #1907, #174 ),
 ( #3400, #873, #3329 ),
 ( #1884, #128, #1549 ),
 ( #1202, #3725, #2628 ),
 ( #3703, #152, #1954 ),
 ( #3379, #375, #2395 ),
 ( #1314, #2047, #4253 ),
 ( #3552, #220, #3817 ),
 ( #593, #4601, #1069 ),
 ( #3898, #1645, #2346 ),
 ( #2025, #1798, #615 ),
 ( #2495, #4516, #3574 ),
 ( #1398, #1294, #246 ),
 ( #2001, #570, #945 ),
 ( #694, #3222, #2128 ),
 ( #3771, #3096, #3450 ),
 ( #4149, #347, #4494 ),
 ( #3469, #18, #1667 ),
 ( #1773, #4623, #1444 ),
 ( #3196, #1423, #2825 ),
 ( #3921, #2874, #2368 ),
 ( #2744, #3793, #1046 ),
 ( #2475, #4171, #2849 ),
 ( #964, #4275, #267 ),
 ( #2149, #718, #922 ),
 ( #3424, #3074, #1751 ) ),
 .UNSPECIFIED., .F., .F., .T. ) 
 B_SPLINE_SURFACE_WITH_KNOTS ( ( 4, 2, 2, 2, 2, 2, 2, 2, 2, 2, 2, 2, 2, 2, 2, 2, 2, 2, 2, 2, 2, 2, 4 ),
 ( 3, 3 ),
 ( 0.000000000000000000, 0.001468589331001475106, 0.002202883996502212442, 0.002937178662002950212, 0.003671473327503687548, 0.004405767993004424884, 0.005140062658505162654, 0.005874357324005900424, 0.007342946655007375097, 0.008811535986008849769, 0.01028012531701032531, 0.01174871464801180085, 0.01468589331001475019, 0.01762307197201769954, 0.02349742929602360170, 0.02937178662002950039, 0.03524614394403539908, 0.03818332260603835016, 0.04112050126804130123, 0.04258909059904277677, 0.04405767993004425231, 0.04552626926104572785, 0.04699485859204720339 ),
 ( 0.000000000000000000, 1.000000000000000000 ),
 .UNSPECIFIED. ) 
 GEOMETRIC_REPRESENTATION_ITEM ( )  RATIONAL_B_SPLINE_SURFACE ( (
 ( 1.000000000000000000, 0.6294365157814896250, 1.000000000000000000),
 ( 1.000000000000000000, 0.6220136376245161136, 1.000000000000000000),
 ( 1.000000000000000000, 0.6174217977933853518, 1.000000000000000000),
 ( 1.000000000000000000, 0.6170309190723977100, 1.000000000000000000),
 ( 1.000000000000000000, 0.6179795296257415416, 1.000000000000000000),
 ( 1.000000000000000000, 0.6218836352821144331, 1.000000000000000000),
 ( 1.000000000000000000, 0.6248900355891958691, 1.000000000000000000),
 ( 1.000000000000000000, 0.6323600080614174557, 1.000000000000000000),
 ( 1.000000000000000000, 0.6368132132957589064, 1.000000000000000000),
 ( 1.000000000000000000, 0.6465938454737791830, 1.000000000000000000),
 ( 1.000000000000000000, 0.6518702670383089703, 1.000000000000000000),
 ( 1.000000000000000000, 0.6623191294741548329, 1.000000000000000000),
 ( 1.000000000000000000, 0.6675300748433470321, 1.000000000000000000),
 ( 1.000000000000000000, 0.6774797258919025289, 1.000000000000000000),
 ( 1.000000000000000000, 0.6822094253459148883, 1.000000000000000000),
 ( 1.000000000000000000, 0.6950626982839004375, 1.000000000000000000),
 ( 1.000000000000000000, 0.7019732824901461221, 1.000000000000000000),
 ( 1.000000000000000000, 0.7134214705078290031, 1.000000000000000000),
 ( 1.000000000000000000, 0.7180142875771041711, 1.000000000000000000),
 ( 1.000000000000000000, 0.7258415234349141487, 1.000000000000000000),
 ( 1.000000000000000000, 0.7290996138774755719, 1.000000000000000000),
 ( 1.000000000000000000, 0.7348994623360695089, 1.000000000000000000),
 ( 1.000000000000000000, 0.7374329615416298500, 1.000000000000000000),
 ( 1.000000000000000000, 0.7443677032765334545, 1.000000000000000000),
 ( 1.000000000000000000, 0.7481229164604717985, 1.000000000000000000),
 ( 1.000000000000000000, 0.7548590187162048659, 1.000000000000000000),
 ( 1.000000000000000000, 0.7578162307690862187, 1.000000000000000000),
 ( 1.000000000000000000, 0.7660225234310061859, 1.000000000000000000),
 ( 1.000000000000000000, 0.7706054057391641399, 1.000000000000000000),
 ( 1.000000000000000000, 0.7791882728092321964, 1.000000000000000000),
 ( 1.000000000000000000, 0.7832519883420183682, 1.000000000000000000),
 ( 1.000000000000000000, 0.7921181771980780884, 1.000000000000000000),
 ( 1.000000000000000000, 0.7967690553309298984, 1.000000000000000000),
 ( 1.000000000000000000, 0.8061887959948420557, 1.000000000000000000),
 ( 1.000000000000000000, 0.8097435676943687266, 1.000000000000000000),
 ( 1.000000000000000000, 0.8188881195854413875, 1.000000000000000000),
 ( 1.000000000000000000, 0.8244260222800215976, 1.000000000000000000),
 ( 1.000000000000000000, 0.8364393392386406667, 1.000000000000000000),
 ( 1.000000000000000000, 0.8411139385834801585, 1.000000000000000000),
 ( 1.000000000000000000, 0.8522259610553309939, 1.000000000000000000),
 ( 1.000000000000000000, 0.8587044514205344203, 1.000000000000000000),
 ( 1.000000000000000000, 0.8733692716320280436, 1.000000000000000000),
 ( 1.000000000000000000, 0.8816864093146317138, 1.000000000000000000),
 ( 1.000000000000000000, 0.8972125854803749689, 1.000000000000000000),
 ( 1.000000000000000000, 0.9044917503328706587, 1.000000000000000000),
 ( 1.000000000000000000, 0.9088756205956030065, 1.000000000000000000) ) ) 
 REPRESENTATION_ITEM ( '' )  SURFACE ( )  );
#3193 = CARTESIAN_POINT ( 'NONE',  ( 73.62321040937716532, -51.34357717454208370, -63.13447014464581031 ) ) ;
#3194 = EDGE_CURVE ( 'NONE', #3321, #2663, #4554, .T. ) ;
#3195 = CARTESIAN_POINT ( 'NONE',  ( 0.000000000000000000, -3.233442260729118445, -2.696813823565395118 ) ) ;
#3196 = CARTESIAN_POINT ( 'NONE',  ( 83.81377740309218893, -28.67441311035464580, 22.53354644717630961 ) ) ;
#3197 = VECTOR ( 'NONE', #4069, 999.9999999999998863 ) ;
#3198 = CARTESIAN_POINT ( 'NONE',  ( 118.1946293842553217, -27.38449799596950029, -28.20246207784477122 ) ) ;
#3199 = CARTESIAN_POINT ( 'NONE',  ( 2.190032415392462628, -0.4108419478602262087, -6.158470319802443527 ) ) ;
#3200 = ORIENTED_EDGE ( 'NONE', *, *, #1981, .T. ) ;
#3201 = VECTOR ( 'NONE', #938, 1000.000000000000000 ) ;
#3202 = CARTESIAN_POINT ( 'NONE',  ( 82.89504767169918864, -25.69610837842278528, -25.54750899691232746 ) ) ;
#3203 = CARTESIAN_POINT ( 'NONE',  ( 117.2885213662698476, -31.67449508834421934, -37.88266425578822805 ) ) ;
#3204 = AXIS2_PLACEMENT_3D ( 'NONE', #4498, #2373, #3797 ) ;
#3205 = EDGE_CURVE ( 'NONE', #3121, #4058, #3171, .T. ) ;
#3206 = CARTESIAN_POINT ( 'NONE',  ( 83.85154635062164630, -22.11088115988050617, 26.20085496417674875 ) ) ;
#3207 = CARTESIAN_POINT ( 'NONE',  ( 112.3233963053371554, -31.76362201956620268, 25.03853085627793007 ) ) ;
#3208 = CARTESIAN_POINT ( 'NONE',  ( 124.1232104093771227, -22.08608564870091939, -31.00061132816046694 ) ) ;
#3209 = VERTEX_POINT ( 'NONE', #4599 ) ;
#3210 = CARTESIAN_POINT ( 'NONE',  ( 27.83312497149491804, 15.06310365413984442, -14.61505089214321096 ) ) ;
#3211 = ORIENTED_EDGE ( 'NONE', *, *, #1415, .F. ) ;
#3212 = LOCAL_TIME ( 11, 40, 13.00000000000000000, #655 ) ;
#3213 = CARTESIAN_POINT ( 'NONE',  ( 85.79219772952336598, -25.13748094212099815, -27.45077999802581559 ) ) ;
#3214 = CARTESIAN_POINT ( 'NONE',  ( 130.0000000000000853, -49.75819800989945918, -4.204627066612818709 ) ) ;
#3215 = CARTESIAN_POINT ( 'NONE',  ( 2.190032415392462184, 0.000000000000000000, 6.158470319802441750 ) ) ;
#3216 = CARTESIAN_POINT ( 'NONE',  ( 74.02252301702839077, -18.91386481892933702, 25.93446316727621337 ) ) ;
#3217 = CARTESIAN_POINT ( 'NONE',  ( 118.7752337013010617, -29.01102820686868000, -31.60638989802601984 ) ) ;
#3218 = EDGE_CURVE ( 'NONE', #3273, #4546, #934, .T. ) ;
#3219 = CARTESIAN_POINT ( 'NONE',  ( 130.9328785078579642, 32.39662803733462937, 27.02497736807246653 ) ) ;
#3220 = CARTESIAN_POINT ( 'NONE',  ( 108.0705324782445871, -22.38930704154162044, -21.23833474180811720 ) ) ;
#3221 = CARTESIAN_POINT ( 'NONE',  ( 40.06464684568367574, -30.32165101636536519, -7.768913411591253038 ) ) ;
#3222 = CARTESIAN_POINT ( 'NONE',  ( 89.72690092303830056, -28.54256097015623439, 23.73155460781129378 ) ) ;
#3223 = CARTESIAN_POINT ( 'NONE',  ( 84.71127026891130640, -29.03616207098894009, -22.47232735099336765 ) ) ;
#3224 = CARTESIAN_POINT ( 'NONE',  ( 43.68083218481485375, -1.675457188323056901, -24.71518654164717432 ) ) ;
#3225 = CALENDAR_DATE ( 2025, 8, 12 ) ;
#3226 = ORIENTED_EDGE ( 'NONE', *, *, #1134, .F. ) ;
#3227 = CARTESIAN_POINT ( 'NONE',  ( 124.9123266616314396, -40.06369982123604956, 54.22517309198814672 ) ) ;
#3228 = CARTESIAN_POINT ( 'NONE',  ( 117.3189776973625129, -31.81084511955431537, -37.81813749367880462 ) ) ;
#3229 = CARTESIAN_POINT ( 'NONE',  ( 130.9364270373470731, 47.04492546175733025, 12.20449974544961869 ) ) ;
#3230 = CARTESIAN_POINT ( 'NONE',  ( 89.78111985925889371, -23.31138148273524280, 26.61494071121851235 ) ) ;
#3231 = DIRECTION ( 'NONE',  ( 0.000000000000000000, -0.9038919048786373533, 0.4277609429282533404 ) ) ;
#3232 = CARTESIAN_POINT ( 'NONE',  ( 124.1023786280804018, -21.88779200230041511, -31.07124102479689043 ) ) ;
#3233 = ORIENTED_EDGE ( 'NONE', *, *, #3961, .T. ) ;
#3234 = CARTESIAN_POINT ( 'NONE',  ( 116.7814619765435253, 31.46971761275523605, -26.16320285186910510 ) ) ;
#3235 = ORIENTED_EDGE ( 'NONE', *, *, #1894, .T. ) ;
#3236 = DIRECTION ( 'NONE',  ( -3.290533628671976386E-18, -0.4277609429282533404, 0.9038919048786374644 ) ) ;
#3237 = CARTESIAN_POINT ( 'NONE',  ( 66.46708934496464849, -41.25705741015095640, -5.105872475494336094 ) ) ;
#3238 = CARTESIAN_POINT ( 'NONE',  ( 113.6732104093771625, -25.29446283226606695, 11.01287290228125038 ) ) ;
#3239 = FACE_OUTER_BOUND ( 'NONE', #2594, .T. ) ;
#3240 = CARTESIAN_POINT ( 'NONE',  ( 125.1362128771300632, -39.77141519665280356, -54.36349488239287808 ) ) ;
#3241 = CARTESIAN_POINT ( 'NONE',  ( 116.8245602592861871, 15.84108682532373003, 32.88790597791415848 ) ) ;
#3242 = DIRECTION ( 'NONE',  ( 3.290533628671975616E-18, 0.4277609429282532849, 0.9038919048786374644 ) ) ;
#3243 = CARTESIAN_POINT ( 'NONE',  ( 131.4017510391512928, -39.30513520016700113, -22.18715036475398605 ) ) ;
#3244 = ORIENTED_EDGE ( 'NONE', *, *, #2391, .F. ) ;
#3245 = DIRECTION ( 'NONE',  ( -1.000000000000000000, 1.407561767737850916E-18, -2.974286709687527133E-18 ) ) ;
#3246 = B_SPLINE_CURVE_WITH_KNOTS ( 'NONE', 3,
 ( #1189, #1093, #1848, #2203 ),
 .UNSPECIFIED., .F., .F.,
 ( 4, 4 ),
 ( 0.000000000000000000, 0.0004322384445342220861 ),
 .UNSPECIFIED. ) ;
#3247 = CARTESIAN_POINT ( 'NONE',  ( 109.5939189487530285, -31.89169509466389130, -24.59766889351818975 ) ) ;
#3248 = CARTESIAN_POINT ( 'NONE',  ( 130.4649184555771342, -16.73232582716851979, -33.18451832445006744 ) ) ;
#3249 = ORIENTED_EDGE ( 'NONE', *, *, #1684, .T. ) ;
#3250 = CARTESIAN_POINT ( 'NONE',  ( 99.37226126224790335, -25.14380230098474200, 20.04553291780344892 ) ) ;
#3251 = CARTESIAN_POINT ( 'NONE',  ( 84.33471136343924002, -27.43458540154934155, 25.33345531146477114 ) ) ;
#3252 = CARTESIAN_POINT ( 'NONE',  ( 4.897582507596355939, 10.46632597721892211, -0.6241575854733625306 ) ) ;
#3253 = CARTESIAN_POINT ( 'NONE',  ( 124.1232104093771511, -50.62046365063918074, -63.47667889898840343 ) ) ;
#3254 = CARTESIAN_POINT ( 'NONE',  ( 120.0522994648737694, -24.45627623532968187, -29.71864459819673243 ) ) ;
#3255 = CARTESIAN_POINT ( 'NONE',  ( 108.0705324782445871, -22.38930704154162044, -21.23833474180811720 ) ) ;
#3256 = EDGE_LOOP ( 'NONE', ( #850, #665, #3556, #4372 ) ) ;
#3257 = CARTESIAN_POINT ( 'NONE',  ( 21.11045646049046454, 4.138923101424575535, -16.82782662198167145 ) ) ;
#3258 = ORIENTED_EDGE ( 'NONE', *, *, #1684, .F. ) ;
#3259 = CARTESIAN_POINT ( 'NONE',  ( 113.7825637737314395, -26.30848372838524440, -31.50428974160885431 ) ) ;
#3260 = CARTESIAN_POINT ( 'NONE',  ( 11.18374942461134225, -15.66263281114362016, -2.394051194909095681 ) ) ;
#3261 = B_SPLINE_CURVE_WITH_KNOTS ( 'NONE', 3,
 ( #1857, #826, #1576, #106, #1883, #2627, #2210, #3282, #476, #3633, #4076, #872, #1906, #1928, #3328, #1154, #82, #1129, #4006, #127, #2296, #1548, #456, #4056, #433, #1507, #848, #4403, #2277, #3308, #2556, #3702, #2931, #1527, #496, #3657, #1478, #4359, #2578, #3354, #410, #2907, #1833, #3254, #4336, #3981, #801, #2230 ),
 .UNSPECIFIED., .F., .F.,
 ( 4, 2, 2, 2, 2, 2, 2, 2, 2, 2, 2, 2, 2, 2, 2, 2, 2, 2, 2, 2, 2, 2, 2, 4 ),
 ( 0.04523988195058695205, 0.04560838969091998013, 0.04597689743125300127, 0.04671391291191905742, 0.04745092839258511358, 0.04818794387325116974, 0.04892495935391723283, 0.04966197483458328898, 0.05113600579591535966, 0.05261003675724744422, 0.05408406771857951489, 0.05703212964124367013, 0.05998019156390782536, 0.06292825348657198059, 0.06882437733190029105, 0.07472050117722860152, 0.07766856309989274287, 0.08061662502255687035, 0.08356468694522101170, 0.08651274886788513918, 0.08798677982921722374, 0.08946081079054932217, 0.09093484175188140672, 0.09240887271321349128 ),
 .UNSPECIFIED. ) ;
#3262 = CARTESIAN_POINT ( 'NONE',  ( 0.000000000000000000, -1.670036308588882079, 3.317257051280103841 ) ) ;
#3263 = CARTESIAN_POINT ( 'NONE',  ( 78.46543541032936275, -30.90156322634224040, -19.93891610292685002 ) ) ;
#3264 = DIRECTION ( 'NONE',  ( 3.290533628671975231E-18, 0.4277609429282532849, -0.9038919048786373533 ) ) ;
#3265 = CARTESIAN_POINT ( 'NONE',  ( 130.9298369111529041, 16.76270208563156316, 33.19462800384033585 ) ) ;
#3266 = CARTESIAN_POINT ( 'NONE',  ( 82.72332730668146894, -25.79013929932549232, 25.31663764691300855 ) ) ;
#3267 = CARTESIAN_POINT ( 'NONE',  ( 0.000000000000000000, -4.403304394020895352, -1.692557972472425787 ) ) ;
#3268 = ORIENTED_EDGE ( 'NONE', *, *, #2521, .T. ) ;
#3269 = CARTESIAN_POINT ( 'NONE',  ( 73.62321040937716532, -39.86414998258337761, -68.56703411983463070 ) ) ;
#3270 = CARTESIAN_POINT ( 'NONE',  ( 93.22600713602291478, -30.98013779992865935, -22.72691779419144709 ) ) ;
#3271 = AXIS2_PLACEMENT_3D ( 'NONE', #2650, #899, #4150 ) ;
#3272 = ADVANCED_FACE ( 'NONE', ( #4188 ), #1395, .T. ) ;
#3273 = VERTEX_POINT ( 'NONE', #3875 ) ;
#3274 = EDGE_CURVE ( 'NONE', #4212, #1279, #1996, .T. ) ;
#3275 = CONICAL_SURFACE ( 'NONE', #3873, 5.800000000000014921, 0.7853981633974538301 ) ;
#3276 = CARTESIAN_POINT ( 'NONE',  ( 123.8615284943279988, -40.68772847469791998, 53.92985560570649284 ) ) ;
#3277 = ADVANCED_FACE ( 'NONE', ( #2200 ), #3669, .T. ) ;
#3278 = CARTESIAN_POINT ( 'NONE',  ( 104.0479202786016231, -30.75136168953522642, 27.50195797923941399 ) ) ;
#3279 = CARTESIAN_POINT ( 'NONE',  ( 11.68595265865846144, 16.33706863148150035, -1.662935975679577405 ) ) ;
#3280 = CIRCLE ( 'NONE', #1039, 5.500000000000004441 ) ;
#3281 = CARTESIAN_POINT ( 'NONE',  ( 116.6275722564124493, -27.17358240076519493, 31.57893452924588473 ) ) ;
#3282 = CARTESIAN_POINT ( 'NONE',  ( 80.61851967736730273, -24.94313702426477519, -24.15485076404603504 ) ) ;
#3283 = CARTESIAN_POINT ( 'NONE',  ( 93.87321040937715111, -24.60066678471608270, -22.40447713717302136 ) ) ;
#3284 = ORIENTED_EDGE ( 'NONE', *, *, #3774, .F. ) ;
#3285 = CARTESIAN_POINT ( 'NONE',  ( 83.78913208788787870, 29.51966168863299700, -23.26497895200535382 ) ) ;
#3286 = ORIENTED_EDGE ( 'NONE', *, *, #1396, .T. ) ;
#3287 = CARTESIAN_POINT ( 'NONE',  ( 117.4469917045024374, -23.28899001907144140, -29.96288180669264634 ) ) ;
#3288 = CARTESIAN_POINT ( 'NONE',  ( 89.81483668772406759, -41.57528358624046660, -13.86928259789801388 ) ) ;
#3289 = CIRCLE ( 'NONE', #3441, 5.500000000000003553 ) ;
#3290 = EDGE_CURVE ( 'NONE', #3932, #1320, #2381, .T. ) ;
#3291 = CARTESIAN_POINT ( 'NONE',  ( 118.7757540856992051, -28.96703541098711554, -31.63095122352649469 ) ) ;
#3292 = CARTESIAN_POINT ( 'NONE',  ( 82.69041101281779049, -26.14147194542422881, 25.04836647778425629 ) ) ;
#3293 = AXIS2_PLACEMENT_3D ( 'NONE', #2073, #1984, #2748 ) ;
#3294 = CARTESIAN_POINT ( 'NONE',  ( 136.3868369820790178, -45.38388509334060217, -65.67264972299805947 ) ) ;
#3295 = CARTESIAN_POINT ( 'NONE',  ( 13.98690629757363979, 3.224263031627198739, 13.60264227731200393 ) ) ;
#3296 = AXIS2_PLACEMENT_3D ( 'NONE', #3534, #2784, #3902 ) ;
#3297 = CARTESIAN_POINT ( 'NONE',  ( 113.6732104093771625, -24.24546087034035580, -18.14726810325694473 ) ) ;
#3298 = CARTESIAN_POINT ( 'NONE',  ( 116.7211243807027330, -49.26500453136669222, 3.870402588335551286 ) ) ;
#3299 = EDGE_LOOP ( 'NONE', ( #3716, #4135, #1930, #3286, #4589 ) ) ;
#3300 = CARTESIAN_POINT ( 'NONE',  ( 93.87321040937715111, -15.35165187860103941, -15.71824327449204262 ) ) ;
#3301 = CARTESIAN_POINT ( 'NONE',  ( 83.37632209499695080, -28.47465417230302975, -22.57702359197546116 ) ) ;
#3302 = COORDINATED_UNIVERSAL_TIME_OFFSET ( 8, 0, .AHEAD. ) ;
#3303 = CARTESIAN_POINT ( 'NONE',  ( 139.3516413448148796, -45.17392271451224417, 65.77201304803985238 ) ) ;
#3304 = EDGE_CURVE ( 'NONE', #1188, #435, #699, .T. ) ;
#3305 = CARTESIAN_POINT ( 'NONE',  ( 86.53764784964903356, -28.32008078519631411, 25.56095471753792836 ) ) ;
#3306 = CARTESIAN_POINT ( 'NONE',  ( 129.9999999999996021, 49.75819800988156771, 4.204627064787280766 ) ) ;
#3307 = CARTESIAN_POINT ( 'NONE',  ( 117.9030393547879356, -23.44414560262852731, 29.94214779865199461 ) ) ;
#3308 = CARTESIAN_POINT ( 'NONE',  ( 101.8204724049557655, -20.95364774649014805, -29.25458347257229264 ) ) ;
#3309 = CARTESIAN_POINT ( 'NONE',  ( 118.0956305292207134, -30.94398906152392215, 26.24391924091413841 ) ) ;
#3310 = ORIENTED_EDGE ( 'NONE', *, *, #2513, .F. ) ;
#3311 = CARTESIAN_POINT ( 'NONE',  ( 130.4664392539294511, 32.36607734562546312, -26.99657317676592783 ) ) ;
#3312 = ORIENTED_EDGE ( 'NONE', *, *, #1758, .F. ) ;
#3313 = CARTESIAN_POINT ( 'NONE',  ( 116.0551531170484338, -22.87836389224277411, -29.99778171813155936 ) ) ;
#3314 = CARTESIAN_POINT ( 'NONE',  ( 0.000000000000000000, -1.670036308588882079, -3.317257051280103841 ) ) ;
#3315 = DIRECTION ( 'NONE',  ( 3.290533628671974845E-18, 0.4277609429282532294, 0.9038919048786374644 ) ) ;
#3316 = DIRECTION ( 'NONE',  ( 3.290533628671976386E-18, 0.4277609429282533959, -0.9038919048786374644 ) ) ;
#3317 = CARTESIAN_POINT ( 'NONE',  ( 99.16471303150633787, -22.51763532442009463, -21.50950231327170670 ) ) ;
#3318 = CARTESIAN_POINT ( 'NONE',  ( 131.3932345683771246, -8.473265971378134864, 34.67761262358015983 ) ) ;
#3319 = CARTESIAN_POINT ( 'NONE',  ( 82.69041101281779049, -26.14147194542423946, -25.04836647778425629 ) ) ;
#3320 = CARTESIAN_POINT ( 'NONE',  ( 92.33764674608961798, -46.44170953549816971, 6.548534034061299636 ) ) ;
#3321 = VERTEX_POINT ( 'NONE', #2147 ) ;
#3322 = CARTESIAN_POINT ( 'NONE',  ( -1.278143573239510503E-16, -25.10098275617752961, 19.95505191302336101 ) ) ;
#3323 = CARTESIAN_POINT ( 'NONE',  ( 89.72690092303848530, -28.54256097015626992, -23.73155460781129733 ) ) ;
#3324 = CARTESIAN_POINT ( 'NONE',  ( 109.7271652298359328, -34.37361606982027951, 36.60532287250782701 ) ) ;
#3325 = CARTESIAN_POINT ( 'NONE',  ( 108.7495816434553291, -30.77852101977878618, 28.24723588177750244 ) ) ;
#3326 = CARTESIAN_POINT ( 'NONE',  ( 29.37164097186501266, 28.55832029697795349, -0.4772927670146582813 ) ) ;
#3327 = CARTESIAN_POINT ( 'NONE',  ( 118.6954067346161565, -28.66121406744101563, 31.68898590004237548 ) ) ;
#3328 = CARTESIAN_POINT ( 'NONE',  ( 81.76107093132409886, -23.17827383164783939, -25.30866213657616726 ) ) ;
#3329 = CARTESIAN_POINT ( 'NONE',  ( 114.3421115198738960, -30.37921287473433551, 29.39877667317134069 ) ) ;
#3330 = ORIENTED_EDGE ( 'NONE', *, *, #1827, .T. ) ;
#3331 = CARTESIAN_POINT ( 'NONE',  ( 131.4017510391511792, 39.30513520016670270, -22.18715036475403579 ) ) ;
#3332 = CARTESIAN_POINT ( 'NONE',  ( 119.2253409270738302, -33.26972848612269473, 24.94303217083394486 ) ) ;
#3333 = CARTESIAN_POINT ( 'NONE',  ( 129.9999999999995737, -32.33552578814153122, -26.96816855280746950 ) ) ;
#3334 = APPLICATION_CONTEXT ( 'configuration controlled 3d designs of mechanical parts and assemblies' ) ;
#3335 = CARTESIAN_POINT ( 'NONE',  ( 113.6732104093771625, -24.24546087034035580, 18.14726810325694473 ) ) ;
#3336 = ADVANCED_FACE ( 'NONE', ( #1114 ), #3952, .F. ) ;
#3337 = CARTESIAN_POINT ( 'NONE',  ( 118.7757540856992051, -28.96703541098710843, 31.63095122352649469 ) ) ;
#3338 = ORIENTED_EDGE ( 'NONE', *, *, #1759, .F. ) ;
#3339 = CARTESIAN_POINT ( 'NONE',  ( 138.6656278474555961, -44.95297654640977214, -65.87657437964796259 ) ) ;
#3340 = CARTESIAN_POINT ( 'NONE',  ( 23.91156834007589893, -9.350636311289136415, 15.98831873964044803 ) ) ;
#3341 = DIRECTION ( 'NONE',  ( 3.290533628671975616E-18, 0.4277609429282533404, -0.9038919048786373533 ) ) ;
#3342 = CARTESIAN_POINT ( 'NONE',  ( 4.918901799660963192, -10.52716937784333773, -0.2054209739301130766 ) ) ;
#3343 = EDGE_CURVE ( 'NONE', #2785, #3983, #79, .T. ) ;
#3344 = ORIENTED_EDGE ( 'NONE', *, *, #2304, .T. ) ;
#3345 = CARTESIAN_POINT ( 'NONE',  ( 73.62321040937716532, -51.34357717454208370, 63.13447014464581031 ) ) ;
#3346 = CARTESIAN_POINT ( 'NONE',  ( 4.897582507596345280, 10.46632594654757931, -0.6241556376676979934 ) ) ;
#3347 = EDGE_CURVE ( 'NONE', #2508, #273, #4295, .T. ) ;
#3348 = CARTESIAN_POINT ( 'NONE',  ( 115.1122173869368339, -22.63499963196363041, 30.00567631280757297 ) ) ;
#3349 = CARTESIAN_POINT ( 'NONE',  ( 108.2778792198901101, -25.18658089901037300, 20.13592739887207017 ) ) ;
#3350 = VECTOR ( 'NONE', #2543, 999.9999999999998863 ) ;
#3351 = FACE_OUTER_BOUND ( 'NONE', #2359, .T. ) ;
#3352 = CARTESIAN_POINT ( 'NONE',  ( 130.9372043342831944, 50.03417758307752905, 1.410068978961235953 ) ) ;
#3353 = CARTESIAN_POINT ( 'NONE',  ( 118.6415863962972566, -28.54784643961634316, 31.68513544867559162 ) ) ;
#3354 = CARTESIAN_POINT ( 'NONE',  ( 117.4292829795946318, -23.28322644850385714, -29.96356912862021815 ) ) ;
#3355 = CARTESIAN_POINT ( 'NONE',  ( 117.9595013349259602, -28.06861595913885665, 27.88335194121123806 ) ) ;
#3356 = VECTOR ( 'NONE', #3236, 999.9999999999998863 ) ;
#3357 = ORIENTED_EDGE ( 'NONE', *, *, #4334, .T. ) ;
#3358 = CARTESIAN_POINT ( 'NONE',  ( 124.1232104093771511, -51.34357717454208370, -63.13447014464579610 ) ) ;
#3359 = CARTESIAN_POINT ( 'NONE',  ( 0.000000000000000000, -3.922680848039707513, -2.208651666515998091 ) ) ;
#3360 = EDGE_CURVE ( 'NONE', #3671, #993, #1091, .T. ) ;
#3361 = CARTESIAN_POINT ( 'NONE',  ( 108.3817077872479899, -22.51763532442009819, 21.50950231327171025 ) ) ;
#3362 = DIRECTION ( 'NONE',  ( -3.290533628671975231E-18, -0.4277609429282532849, -0.9038919048786373533 ) ) ;
#3363 = ORIENTED_EDGE ( 'NONE', *, *, #1981, .F. ) ;
#3364 = CARTESIAN_POINT ( 'NONE',  ( 125.0400672494144061, -39.51059472713468779, -54.48692646682669505 ) ) ;
#3365 = AXIS2_PLACEMENT_3D ( 'NONE', #1217, #1569, #1590 ) ;
#3366 = CARTESIAN_POINT ( 'NONE',  ( 21.43113275287602448, -16.77695824787678802, 10.11035467309839753 ) ) ;
#3367 = CARTESIAN_POINT ( 'NONE',  ( 0.000000000000000000, 0.8411391472904639066, 3.467302228025641142 ) ) ;
#3368 = AXIS2_PLACEMENT_3D ( 'NONE', #2168, #393, #3168 ) ;
#3369 = CARTESIAN_POINT ( 'NONE',  ( 67.41748257341450312, -42.54371922178950172, 0.8377365992724656873 ) ) ;
#3370 = LINE ( 'NONE', #2838, #1778 ) ;
#3371 = CARTESIAN_POINT ( 'NONE',  ( 29.37164097186501266, 28.55832029697795349, 0.4772927670146582813 ) ) ;
#3372 = APPROVAL_PERSON_ORGANIZATION ( #3157, #1419, #350 ) ;
#3373 = CARTESIAN_POINT ( 'NONE',  ( 80.80074038512515244, -24.33805065541983836, 24.52194334922164742 ) ) ;
#3374 = CARTESIAN_POINT ( 'NONE',  ( 139.3799326301305541, -45.13319204520066563, 65.79128857138150011 ) ) ;
#3375 = CARTESIAN_POINT ( 'NONE',  ( 80.91353433765361558, -26.40536262649183286, 23.37039655154860185 ) ) ;
#3376 = CARTESIAN_POINT ( 'NONE',  ( 92.33764674608974587, 46.44170953549819814, -6.548534034061286313 ) ) ;
#3377 = CARTESIAN_POINT ( 'NONE',  ( 112.7681726696171722, -38.36121521756554387, 55.03086281600964469 ) ) ;
#3378 = CARTESIAN_POINT ( 'NONE',  ( 73.62321040937716532, -39.14103645868046755, 68.90924287417722383 ) ) ;
#3379 = CARTESIAN_POINT ( 'NONE',  ( 110.5536053833581320, -31.85955183769277710, 24.74645265875300737 ) ) ;
#3380 = ORIENTED_EDGE ( 'NONE', *, *, #3774, .T. ) ;
#3381 = CARTESIAN_POINT ( 'NONE',  ( 74.49647921103111514, 0.000000000000000000, -32.05332510539010826 ) ) ;
#3382 = CARTESIAN_POINT ( 'NONE',  ( 4.066130117077076278, -7.948462868566168460, -3.558496703514454129 ) ) ;
#3383 = B_SPLINE_CURVE_WITH_KNOTS ( 'NONE', 3,
 ( #2063, #1703, #3570, #4224, #4556, #1020, #2104, #1393, #2820, #4245, #1042, #2470, #3894, #690, #2124, #3548, #3967, #1111, #3339, #4388, #2171, #1843, #4041, #3595 ),
 .UNSPECIFIED., .F., .F.,
 ( 4, 2, 2, 1, 2, 2, 2, 1, 1, 1, 2, 2, 2, 4 ),
 ( 0.000000000000000000, 0.06250000000003430589, 0.09375000000004470035, 0.1093750000000498906, 0.1171875000000526107, 0.1250000000000553169, 0.2500000000000889289, 0.3125000000001057487, 0.3437500000001110223, 0.3593750000001136313, 0.3671875000001114109, 0.3750000000001091349, 0.4375000000000545675, 0.5000000000000000000 ),
 .UNSPECIFIED. ) ;
#3384 = CARTESIAN_POINT ( 'NONE',  ( 90.13098277037555306, -33.25611515054844602, -37.13417288695185903 ) ) ;
#3385 = CARTESIAN_POINT ( 'NONE',  ( 113.6732104093771625, -23.87347318173805633, 20.86786089887933571 ) ) ;
#3386 = CARTESIAN_POINT ( 'NONE',  ( 120.5204219071936222, -29.96386374985341661, -27.07778071547265242 ) ) ;
#3387 = ORIENTED_EDGE ( 'NONE', *, *, #190, .T. ) ;
#3388 = CARTESIAN_POINT ( 'NONE',  ( 116.9370847967340978, -32.47966174386318983, -37.50162439259194258 ) ) ;
#3389 = CARTESIAN_POINT ( 'NONE',  ( 74.49647921103114356, -2.143097591408291702, 32.05332510539010826 ) ) ;
#3390 = CARTESIAN_POINT ( 'NONE',  ( 130.9285526814335014, 1.434186421736033710E-05, 35.00000000000000000 ) ) ;
#3391 = CARTESIAN_POINT ( 'NONE',  ( 44.26631466506144363, -35.26944309773888619, 0.6215961148064581554 ) ) ;
#3392 = CARTESIAN_POINT ( 'NONE',  ( 74.42321040937716248, -29.12330173281588586, -18.05151571702651125 ) ) ;
#3393 = CARTESIAN_POINT ( 'NONE',  ( 43.30926810620334066, 34.16657714582596839, -3.735808896793955114 ) ) ;
#3394 = CARTESIAN_POINT ( 'NONE',  ( 119.2113726765287964, -23.98604885307191736, 29.83942482239606164 ) ) ;
#3395 = CARTESIAN_POINT ( 'NONE',  ( 79.65474997908000887, -21.74965886018598127, 21.54104406769346980 ) ) ;
#3396 = CARTESIAN_POINT ( 'NONE',  ( 106.8732104093771511, -22.21170408430874943, -19.10973022487138806 ) ) ;
#3397 = CARTESIAN_POINT ( 'NONE',  ( 130.0000000000001990, 39.22622868398385521, -22.08680587672412443 ) ) ;
#3398 = CARTESIAN_POINT ( 'NONE',  ( 90.13098277037555306, -33.25611515054844602, 37.13417288695185903 ) ) ;
#3399 = CARTESIAN_POINT ( 'NONE',  ( 124.1232104093770658, -32.79165355247891256, -25.80302638871579646 ) ) ;
#3400 = CARTESIAN_POINT ( 'NONE',  ( 115.3039126623159945, -31.46637126589702049, 25.59703719947574996 ) ) ;
#3401 = DIRECTION ( 'NONE',  ( 0.000000000000000000, 0.9038919048786374644, 0.4277609429282532849 ) ) ;
#3402 = CARTESIAN_POINT ( 'NONE',  ( 2.006231500456003847, -0.5812312314850006656, -5.864981991046377630 ) ) ;
#3403 = CARTESIAN_POINT ( 'NONE',  ( 73.78332329259187361, -30.25259563431406207, 19.28882829685043987 ) ) ;
#3404 = EDGE_CURVE ( 'NONE', #1149, #1802, #2921, .T. ) ;
#3405 = CARTESIAN_POINT ( 'NONE',  ( 80.61310384435168430, -24.98733880971013477, 24.12911212851409104 ) ) ;
#3406 = CYLINDRICAL_SURFACE ( 'NONE', #2460, 5.500000000000004441 ) ;
#3407 = CARTESIAN_POINT ( 'NONE',  ( 89.41776587709138369, -30.31164512913245446, -22.50535806679303619 ) ) ;
#3408 = VERTEX_POINT ( 'NONE', #3220 ) ;
#3409 = CARTESIAN_POINT ( 'NONE',  ( 123.8615284943280273, -38.77936099275471094, -54.83297805776478384 ) ) ;
#3410 = CARTESIAN_POINT ( 'NONE',  ( 83.00484648445767277, -25.65748675358538478, -25.67479963342355020 ) ) ;
#3411 = CARTESIAN_POINT ( 'NONE',  ( 130.9328785078588453, -32.39662890275079832, 27.02497780066212130 ) ) ;
#3412 = CARTESIAN_POINT ( 'NONE',  ( 77.25523553384796571, 14.19327618537363911, 29.87147867257814582 ) ) ;
#3413 = CARTESIAN_POINT ( 'NONE',  ( 0.000000000000000000, -2.473873534006944652, 3.063308152932330941 ) ) ;
#3414 = CARTESIAN_POINT ( 'NONE',  ( 84.33471136343922581, -27.43458540154933445, -25.33345531146476759 ) ) ;
#3415 = CARTESIAN_POINT ( 'NONE',  ( 29.24757053094319659, 28.38556786667376741, -1.446162868157913506 ) ) ;
#3416 = CARTESIAN_POINT ( 'NONE',  ( 116.0519140848691251, -22.86232334413103118, 30.00467162968152124 ) ) ;
#3417 = CARTESIAN_POINT ( 'NONE',  ( 134.6897895703582151, -45.27156291369411178, 65.72580546122077294 ) ) ;
#3418 = EDGE_CURVE ( 'NONE', #1887, #4327, #3289, .T. ) ;
#3419 = CARTESIAN_POINT ( 'NONE',  ( 123.3232104093771540, -51.34357717454208370, -63.13447014464579610 ) ) ;
#3420 = CARTESIAN_POINT ( 'NONE',  ( 0.000000000000000000, 2.473873534006945096, -3.063308152932332717 ) ) ;
#3421 = CARTESIAN_POINT ( 'NONE',  ( 138.0702852415943767, -44.88248158071678517, 65.90993566193598951 ) ) ;
#3422 = CARTESIAN_POINT ( 'NONE',  ( 123.5333387570156276, -33.42958655466003393, 25.32991449207836254 ) ) ;
#3423 = EDGE_CURVE ( 'NONE', #1719, #2508, #1142, .T. ) ;
#3424 = CARTESIAN_POINT ( 'NONE',  ( 80.91353433763718783, -26.40536262646165255, 23.37039655156326745 ) ) ;
#3425 = ADVANCED_FACE ( 'NONE', ( #444 ), #1870, .T. ) ;
#3426 = PLANE ( 'NONE',  #363 ) ;
#3427 = CARTESIAN_POINT ( 'NONE',  ( 117.2885213662698476, -32.08483991562101778, -37.68847124521444414 ) ) ;
#3428 = VECTOR ( 'NONE', #3604, 1000.000000000000000 ) ;
#3429 = CARTESIAN_POINT ( 'NONE',  ( 82.17417980711920222, -24.82172770152165953, 24.51447314658261689 ) ) ;
#3430 = LINE ( 'NONE', #619, #603 ) ;
#3431 = LINE ( 'NONE', #4431, #300 ) ;
#3432 = ORIENTED_EDGE ( 'NONE', *, *, #1613, .T. ) ;
#3433 = CARTESIAN_POINT ( 'NONE',  ( 139.0048509918063360, -45.30751158441105275, -65.70879298749477471 ) ) ;
#3434 = CARTESIAN_POINT ( 'NONE',  ( 4.439217728207520253, -9.090341448121048273, 2.661349969880104194 ) ) ;
#3435 = VECTOR ( 'NONE', #2515, 1000.000000000000114 ) ;
#3436 = CARTESIAN_POINT ( 'NONE',  ( 139.3799326301305541, -45.13319204520066563, -65.79128857138150011 ) ) ;
#3437 = CARTESIAN_POINT ( 'NONE',  ( 8.938605554753639382, -12.60242953863765791, 4.144434369616155855 ) ) ;
#3438 = CIRCLE ( 'NONE', #2017, 5.500000000000007105 ) ;
#3439 = VERTEX_POINT ( 'NONE', #1185 ) ;
#3440 = CARTESIAN_POINT ( 'NONE',  ( 4.673729940918066816, 9.800770930146128990, -1.873029678921825258 ) ) ;
#3441 = AXIS2_PLACEMENT_3D ( 'NONE', #1796, #2518, #3969 ) ;
#3442 = CARTESIAN_POINT ( 'NONE',  ( 84.87274861174648777, -21.81156136698504966, 26.51234547089550020 ) ) ;
#3443 = CIRCLE ( 'NONE', #87, 0.8000000000000014877 ) ;
#3444 = CARTESIAN_POINT ( 'NONE',  ( 135.7405809235568768, -44.88248158071678517, 65.90993566193598951 ) ) ;
#3445 = CARTESIAN_POINT ( 'NONE',  ( 121.6565371457189713, -26.12780639248391523, -29.12955228016831200 ) ) ;
#3446 = CARTESIAN_POINT ( 'NONE',  ( 130.4678417679653251, 44.05663882698356559, -16.95636927580997977 ) ) ;
#3447 = CARTESIAN_POINT ( 'NONE',  ( 117.8598165271587135, -24.33253357993971733, 20.31871546885979996 ) ) ;
#3448 = CARTESIAN_POINT ( 'NONE',  ( 124.1232104093770658, -32.79165355247891256, 25.80302638871579646 ) ) ;
#3449 = ORIENTED_EDGE ( 'NONE', *, *, #2253, .F. ) ;
#3450 = CARTESIAN_POINT ( 'NONE',  ( 87.75483478053773467, -28.68954203577330020, 25.66494470152866469 ) ) ;
#3451 = CARTESIAN_POINT ( 'NONE',  ( 2.006231500456003847, 0.000000000000000000, -5.864981991046377630 ) ) ;
#3452 = CARTESIAN_POINT ( 'NONE',  ( 79.65474997908000887, -21.74965886018598127, -21.54104406769346980 ) ) ;
#3453 = CARTESIAN_POINT ( 'NONE',  ( 82.71805365338845206, -26.18914645268361241, 25.04464366476030079 ) ) ;
#3454 = PLANE ( 'NONE',  #3293 ) ;
#3455 = CARTESIAN_POINT ( 'NONE',  ( 74.42321040937719090, -18.85269963210745203, -26.03842045768015367 ) ) ;
#3456 = ORIENTED_EDGE ( 'NONE', *, *, #2387, .F. ) ;
#3457 = CARTESIAN_POINT ( 'NONE',  ( 96.22224898891043665, -34.37361606982027951, -36.60532287250782701 ) ) ;
#3458 = CARTESIAN_POINT ( 'NONE',  ( 80.64966205791962750, -24.78472655946086078, -24.24871302951427410 ) ) ;
#3459 = CARTESIAN_POINT ( 'NONE',  ( 40.06464684568367574, -30.32165101636536519, 7.768913411591253038 ) ) ;
#3460 = CARTESIAN_POINT ( 'NONE',  ( 130.9312563229487978, 24.80341593141958967, 30.67136704793027491 ) ) ;
#3461 = CARTESIAN_POINT ( 'NONE',  ( 130.4672503463842190, -39.25253058578864085, 22.12025374207685857 ) ) ;
#3462 = VERTEX_POINT ( 'NONE', #3436 ) ;
#3463 = CARTESIAN_POINT ( 'NONE',  ( 130.9368579302141029, 48.73215467423328562, 8.329755019591580378 ) ) ;
#3464 = CARTESIAN_POINT ( 'NONE',  ( 73.62321040937715111, -26.54254537372244016, 21.80191919662447830 ) ) ;
#3465 = CARTESIAN_POINT ( 'NONE',  ( 118.4053326188738140, -29.39446163172277693, -31.02089261402955955 ) ) ;
#3466 = CARTESIAN_POINT ( 'NONE',  ( 28.73577996214128660, 27.65241839282531089, -2.896755917646896883 ) ) ;
#3467 = CARTESIAN_POINT ( 'NONE',  ( 115.0177809679165222, -26.25905704328201651, 19.40700081713564629 ) ) ;
#3468 = PLANE ( 'NONE',  #2102 ) ;
#3469 = CARTESIAN_POINT ( 'NONE',  ( 85.17223741513136304, -29.19801827436094754, 22.45480327396308340 ) ) ;
#3470 = CARTESIAN_POINT ( 'NONE',  ( 74.42321040937719090, -18.85269963210745203, -26.03842045768015367 ) ) ;
#3471 = CARTESIAN_POINT ( 'NONE',  ( 101.3732104093771511, -22.88962301300307800, 18.78890951765846751 ) ) ;
#3472 = CARTESIAN_POINT ( 'NONE',  ( 117.1549777272469157, -31.47449815811093643, 37.97731149734178047 ) ) ;
#3473 = CARTESIAN_POINT ( 'NONE',  ( 74.42321040937716248, -39.14103645868046755, -68.90924287417722383 ) ) ;
#3474 = CARTESIAN_POINT ( 'NONE',  ( 108.0705324782445871, -22.38930704154162044, 21.23833474180811720 ) ) ;
#3475 = ORIENTED_EDGE ( 'NONE', *, *, #3764, .F. ) ;
#3476 = CARTESIAN_POINT ( 'NONE',  ( 124.1232104093771511, -39.86414998258338471, 68.56703411983463070 ) ) ;
#3477 = ORIENTED_EDGE ( 'NONE', *, *, #2057, .T. ) ;
#3478 = CARTESIAN_POINT ( 'NONE',  ( 130.4685683716225526, -49.77560121189198838, 4.216421189722533214 ) ) ;
#3479 = CARTESIAN_POINT ( 'NONE',  ( 130.4664392539294511, 32.36607734562546312, 26.99657317676592783 ) ) ;
#3480 = ADVANCED_FACE ( 'NONE', ( #1940 ), #207, .F. ) ;
#3481 = CARTESIAN_POINT ( 'NONE',  ( 131.4052868953209270, -48.75064983121367845, 8.350415371480575999 ) ) ;
#3482 = DIRECTION ( 'NONE',  ( 0.000000000000000000, 0.9038919048786395738, -0.4277609429282486775 ) ) ;
#3483 = CARTESIAN_POINT ( 'NONE',  ( 42.11879555737941416, 32.76459179817734935, 5.522955702135694978 ) ) ;
#3484 = ADVANCED_FACE ( 'NONE', ( #1918 ), #2245, .F. ) ;
#3485 = CARTESIAN_POINT ( 'NONE',  ( 117.1629582311065718, -27.41263435070462862, 31.58785269811590624 ) ) ;
#3486 = EDGE_CURVE ( 'NONE', #435, #623, #3582, .T. ) ;
#3487 = CARTESIAN_POINT ( 'NONE',  ( 118.4326829339848643, -27.50570727733704146, -28.20122777685468307 ) ) ;
#3488 = CARTESIAN_POINT ( 'NONE',  ( 130.4644115227921191, -8.431112770401302470, -34.67302722804863180 ) ) ;
#3489 = PERSON_AND_ORGANIZATION_ROLE ( 'classification_officer' ) ;
#3490 = ORIENTED_EDGE ( 'NONE', *, *, #3156, .F. ) ;
#3491 = CARTESIAN_POINT ( 'NONE',  ( 118.1911374278554803, -28.03739868028261384, -31.62260972854376817 ) ) ;
#3492 = CARTESIAN_POINT ( 'NONE',  ( 113.6732104093771625, -22.21170408430874943, -19.10973022487138806 ) ) ;
#3493 = CARTESIAN_POINT ( 'NONE',  ( 81.97948325268798442, -25.11885728432148568, 24.31303299961978226 ) ) ;
#3494 = LINE ( 'NONE', #1298, #1871 ) ;
#3495 = CARTESIAN_POINT ( 'NONE',  ( 124.1232104093771511, -18.36698806476009338, -23.14187093787273497 ) ) ;
#3496 = ORIENTED_EDGE ( 'NONE', *, *, #1283, .F. ) ;
#3497 = CARTESIAN_POINT ( 'NONE',  ( 74.49647921103111514, 0.000000000000000000, -32.05332510539010826 ) ) ;
#3498 = ORIENTED_EDGE ( 'NONE', *, *, #1564, .T. ) ;
#3499 = CARTESIAN_POINT ( 'NONE',  ( 84.40699611242453670, -25.36597490576348690, -26.79026285853980482 ) ) ;
#3500 = CARTESIAN_POINT ( 'NONE',  ( 4.918901799660963192, -10.52716937784333773, 0.2054209739301130766 ) ) ;
#3501 = B_SPLINE_CURVE_WITH_KNOTS ( 'NONE', 3,
 ( #91, #2960, #482, #2940 ),
 .UNSPECIFIED., .F., .F.,
 ( 4, 4 ),
 ( 0.000000000000000000, 0.0004322384445342242545 ),
 .UNSPECIFIED. ) ;
#3502 = CARTESIAN_POINT ( 'NONE',  ( 3.042804097976359312, 4.625379696819369002, 5.196849944583781244 ) ) ;
#3503 = CARTESIAN_POINT ( 'NONE',  ( 40.06464684568351942, -30.32165310494031019, 7.768918308037206621 ) ) ;
#3504 = CARTESIAN_POINT ( 'NONE',  ( 89.96960742000361222, -29.21318220604082327, -25.85826768957208088 ) ) ;
#3505 = AXIS2_PLACEMENT_3D ( 'NONE', #3358, #1956, #1579 ) ;
#3506 = CARTESIAN_POINT ( 'NONE',  ( 4.439217728207509595, 9.090342138374571945, 2.661351587949265962 ) ) ;
#3507 = ADVANCED_FACE ( 'NONE', ( #4088 ), #2964, .T. ) ;
#3508 = CARTESIAN_POINT ( 'NONE',  ( 116.0596499652295392, -26.96238876116524352, 31.56928206470239928 ) ) ;
#3509 = AXIS2_PLACEMENT_3D ( 'NONE', #3345, #3245, #4020 ) ;
#3510 = VECTOR ( 'NONE', #1662, 1000.000000000000000 ) ;
#3511 = CARTESIAN_POINT ( 'NONE',  ( 121.8384827825394296, -28.40353553339033255, -28.04657542409349347 ) ) ;
#3512 = CARTESIAN_POINT ( 'NONE',  ( 2.006231500456004735, -0.5812256774474996446, -5.864981991046372301 ) ) ;
#3513 = CIRCLE ( 'NONE', #3136, 5.500000000000003553 ) ;
#3514 =( NAMED_UNIT ( * ) SI_UNIT ( $, .STERADIAN. ) SOLID_ANGLE_UNIT ( ) );
#3515 = EDGE_LOOP ( 'NONE', ( #3363, #110, #1435, #1401 ) ) ;
#3516 = CARTESIAN_POINT ( 'NONE',  ( 89.52443508186077281, -24.72969379720687400, -28.57819691239672721 ) ) ;
#3517 = CONICAL_SURFACE ( 'NONE', #2694, 5.800000000000003375, 0.7853981633974489451 ) ;
#3518 = CARTESIAN_POINT ( 'NONE',  ( 139.3799326301305541, -45.13319204520066563, -65.79128857138150011 ) ) ;
#3519 = CARTESIAN_POINT ( 'NONE',  ( 111.5752844346769876, -25.83998522615911142, 31.40386334440513494 ) ) ;
#3520 = LINE ( 'NONE', #1807, #1193 ) ;
#3521 = DIRECTION ( 'NONE',  ( -1.000000000000000000, 0.000000000000000000, 0.000000000000000000 ) ) ;
#3522 = EDGE_LOOP ( 'NONE', ( #2132, #3235, #4266, #601, #3563, #359, #2438, #1251 ) ) ;
#3523 = CARTESIAN_POINT ( 'NONE',  ( 106.8732104093771511, -21.67889521275150599, -12.72391667399426574 ) ) ;
#3524 = EDGE_LOOP ( 'NONE', ( #1105, #4045 ) ) ;
#3525 = CARTESIAN_POINT ( 'NONE',  ( 82.58876423811672396, -22.63753871822111918, -25.72800797023716513 ) ) ;
#3526 = CARTESIAN_POINT ( 'NONE',  ( 116.7211243807025767, -49.26500433982791094, 3.870390424975494348 ) ) ;
#3527 = DIRECTION ( 'NONE',  ( 0.000000000000000000, 0.9038919048786387966, -0.4277609429282502318 ) ) ;
#3528 = CARTESIAN_POINT ( 'NONE',  ( 97.76926309110558577, -30.35882940494565219, -26.67256587107607757 ) ) ;
#3529 = CARTESIAN_POINT ( 'NONE',  ( 131.4035253038960320, 44.10174805352315985, 17.02099816919152886 ) ) ;
#3530 = DIRECTION ( 'NONE',  ( -3.290533628671975616E-18, -0.4277609429282532849, 0.9038919048786374644 ) ) ;
#3531 = CARTESIAN_POINT ( 'NONE',  ( 118.4345084336673466, -27.32285659989613436, -28.27860187796045111 ) ) ;
#3532 = CARTESIAN_POINT ( 'NONE',  ( 15.84796291139901925, 7.399048688048205591, -12.87550089706521561 ) ) ;
#3533 =( BOUNDED_SURFACE ( )  B_SPLINE_SURFACE ( 3, 2, ( 
 ( #3721, #589, #2717 ),
 ( #2019, #1949, #2804 ),
 ( #283, #3198, #2452 ),
 ( #2110, #4255, #2476 ),
 ( #1379, #1023, #720 ),
 ( #4561, #4227, #652 ),
 ( #3553, #3856, #3511 ),
 ( #2782, #4276, #3878 ),
 ( #676, #1072, #2130 ),
 ( #1003, #3531, #2827 ),
 ( #1332, #4210, #2087 ),
 ( #3465, #3487, #1047 ),
 ( #348, #2762, #1774 ),
 ( #327, #3900, #1358 ),
 ( #4625, #2496, #1424 ),
 ( #2851, #308, #3835 ),
 ( #3922, #262, #632 ),
 ( #2066, #4190, #2430 ),
 ( #1752, #3174, #982 ),
 ( #1731, #3154, #4602 ),
 ( #695, #1685, #3111 ),
 ( #1399, #3134, #4535 ),
 ( #4578, #2412, #1709 ),
 ( #4395, #122, #2550 ),
 ( #794, #4375, #819 ),
 ( #2968, #47, #3974 ),
 ( #2522, #3649, #3247 ),
 ( #1170, #4049, #3999 ),
 ( #747, #1469, #3625 ),
 ( #2899, #2596, #2949 ),
 ( #1192, #425, #4021 ),
 ( #1851, #471, #2622 ),
 ( #2224, #2251, #3270 ),
 ( #377, #3673, #101 ),
 ( #1899, #3323, #1499 ),
 ( #3601, #1543, #1148 ),
 ( #2150, #3575, #1799 ),
 ( #3946, #73, #770 ),
 ( #449, #2204, #3223 ),
 ( #2179, #20, #1522 ),
 ( #2925, #2876, #3301 ),
 ( #4353, #1445, #4298 ),
 ( #4326, #1876, #1094 ),
 ( #402, #1121, #2572 ),
 ( #1824, #866, #212 ),
 ( #4143, #143, #2361 ) ),
 .UNSPECIFIED., .F., .F., .T. ) 
 B_SPLINE_SURFACE_WITH_KNOTS ( ( 4, 2, 2, 2, 2, 2, 2, 2, 2, 2, 2, 2, 2, 2, 2, 2, 2, 2, 2, 2, 2, 2, 4 ),
 ( 3, 3 ),
 ( 0.000000000000000000, 0.001468589331001474672, 0.002202883996502212009, 0.002937178662002949345, 0.003671473327503686681, 0.004405767993004424017, 0.005140062658505160920, 0.005874357324005898690, 0.007342946655007373362, 0.008811535986008848034, 0.01028012531701032184, 0.01174871464801179738, 0.01468589331001474672, 0.01762307197201769607, 0.02349742929602359476, 0.02937178662002949345, 0.03524614394403539214, 0.03818332260603833628, 0.04112050126804128736, 0.04258909059904276290, 0.04405767993004423844, 0.04552626926104571398, 0.04699485859204718952 ),
 ( 0.000000000000000000, 1.000000000000000000 ),
 .UNSPECIFIED. ) 
 GEOMETRIC_REPRESENTATION_ITEM ( )  RATIONAL_B_SPLINE_SURFACE ( (
 ( 1.000000000000000000, 0.6294365157814896250, 1.000000000000000000),
 ( 1.000000000000000000, 0.6220136376261620192, 1.000000000000000000),
 ( 1.000000000000000000, 0.6174217977911989896, 1.000000000000000000),
 ( 1.000000000000000000, 0.6170309190734908356, 1.000000000000000000),
 ( 1.000000000000000000, 0.6179795296244413594, 1.000000000000000000),
 ( 1.000000000000000000, 0.6218836352834403725, 1.000000000000000000),
 ( 1.000000000000000000, 0.6248900355895641301, 1.000000000000000000),
 ( 1.000000000000000000, 0.6323600080610718432, 1.000000000000000000),
 ( 1.000000000000000000, 0.6368132132969254178, 1.000000000000000000),
 ( 1.000000000000000000, 0.6465938454726026796, 1.000000000000000000),
 ( 1.000000000000000000, 0.6518702670411499200, 1.000000000000000000),
 ( 1.000000000000000000, 0.6623191294713172139, 1.000000000000000000),
 ( 1.000000000000000000, 0.6675300748432488884, 1.000000000000000000),
 ( 1.000000000000000000, 0.6774797258919689202, 1.000000000000000000),
 ( 1.000000000000000000, 0.6822094253463052427, 1.000000000000000000),
 ( 1.000000000000000000, 0.6950626982831016321, 1.000000000000000000),
 ( 1.000000000000000000, 0.7019732824899824752, 1.000000000000000000),
 ( 1.000000000000000000, 0.7134214705079930940, 1.000000000000000000),
 ( 1.000000000000000000, 0.7180142875779754741, 1.000000000000000000),
 ( 1.000000000000000000, 0.7258415234340421796, 1.000000000000000000),
 ( 1.000000000000000000, 0.7290996138770385882, 1.000000000000000000),
 ( 1.000000000000000000, 0.7348994623364993872, 1.000000000000000000),
 ( 1.000000000000000000, 0.7374329615425241347, 1.000000000000000000),
 ( 1.000000000000000000, 0.7443677032747503253, 1.000000000000000000),
 ( 1.000000000000000000, 0.7481229164589537906, 1.000000000000000000),
 ( 1.000000000000000000, 0.7548590187177190991, 1.000000000000000000),
 ( 1.000000000000000000, 0.7578162307680006426, 1.000000000000000000),
 ( 1.000000000000000000, 0.7660225234331794475, 1.000000000000000000),
 ( 1.000000000000000000, 0.7706054057409033042, 1.000000000000000000),
 ( 1.000000000000000000, 0.7791882728074961406, 1.000000000000000000),
 ( 1.000000000000000000, 0.7832519883414774675, 1.000000000000000000),
 ( 1.000000000000000000, 0.7921181771986192111, 1.000000000000000000),
 ( 1.000000000000000000, 0.7967690553317955393, 1.000000000000000000),
 ( 1.000000000000000000, 0.8061887959944078474, 1.000000000000000000),
 ( 1.000000000000000000, 0.8097435676942070781, 1.000000000000000000),
 ( 1.000000000000000000, 0.8188881195856063666, 1.000000000000000000),
 ( 1.000000000000000000, 0.8244260222802950455, 1.000000000000000000),
 ( 1.000000000000000000, 0.8364393392385051085, 1.000000000000000000),
 ( 1.000000000000000000, 0.8411139385833986681, 1.000000000000000000),
 ( 1.000000000000000000, 0.8522259610554124842, 1.000000000000000000),
 ( 1.000000000000000000, 0.8587044514200177225, 1.000000000000000000),
 ( 1.000000000000000000, 0.8733692716325436312, 1.000000000000000000),
 ( 1.000000000000000000, 0.8816864093150402759, 1.000000000000000000),
 ( 1.000000000000000000, 0.8972125854799648526, 1.000000000000000000),
 ( 1.000000000000000000, 0.9044917503331775244, 1.000000000000000000),
 ( 1.000000000000000000, 0.9088756205956027845, 1.000000000000000000) ) ) 
 REPRESENTATION_ITEM ( '' )  SURFACE ( )  );
#3534 = CARTESIAN_POINT ( 'NONE',  ( 123.3232104093771540, -18.36698806476008983, 23.14187093787273142 ) ) ;
#3535 = ORIENTED_EDGE ( 'NONE', *, *, #2447, .T. ) ;
#3536 = CARTESIAN_POINT ( 'NONE',  ( 84.00599835882904642, -25.43991628603383504, -26.53231798246827466 ) ) ;
#3537 = DIRECTION ( 'NONE',  ( 0.000000000000000000, -0.4277609429282533404, -0.9038919048786374644 ) ) ;
#3538 = CARTESIAN_POINT ( 'NONE',  ( 101.4222839935637239, -24.69020643574447860, 30.54080448699800243 ) ) ;
#3539 = CYLINDRICAL_SURFACE ( 'NONE', #1726, 5.500000000000004441 ) ;
#3540 = DIRECTION ( 'NONE',  ( -1.000000000000000000, 1.407561767737850723E-18, -2.974286709687525977E-18 ) ) ;
#3541 = ORIENTED_EDGE ( 'NONE', *, *, #1330, .F. ) ;
#3542 = LINE ( 'NONE', #1013, #3051 ) ;
#3543 = ORIENTED_EDGE ( 'NONE', *, *, #853, .F. ) ;
#3544 = CARTESIAN_POINT ( 'NONE',  ( 108.8473369259363466, -25.40496514475579914, -31.23036111126443259 ) ) ;
#3545 = CARTESIAN_POINT ( 'NONE',  ( 29.24757053094333159, -28.38556793795046573, -1.446167394519987770 ) ) ;
#3546 = ADVANCED_FACE ( 'NONE', ( #4139, #2661 ), #1120, .F. ) ;
#3547 = CARTESIAN_POINT ( 'NONE',  ( 13.98690629757361137, -3.224263031627215170, 13.60264227731200215 ) ) ;
#3548 = CARTESIAN_POINT ( 'NONE',  ( 138.4877303817837628, -44.93584074579186449, -65.88468378541934101 ) ) ;
#3549 = CARTESIAN_POINT ( 'NONE',  ( 24.40882333499685330, 21.28582155377091212, 8.100444236572034384 ) ) ;
#3550 = DIRECTION ( 'NONE',  ( 0.000000000000000000, 0.9038919048786373533, 0.4277609429282531739 ) ) ;
#3551 = CARTESIAN_POINT ( 'NONE',  ( 63.24502449729349252, -36.75259991991005393, -10.78248521259644299 ) ) ;
#3552 = CARTESIAN_POINT ( 'NONE',  ( 106.7051379212073101, -31.93937592761577449, 24.17277202672333303 ) ) ;
#3553 = CARTESIAN_POINT ( 'NONE',  ( 118.7345590340471375, -29.13025592006841791, -31.48363707772998410 ) ) ;
#3554 = CARTESIAN_POINT ( 'NONE',  ( 130.9285526814335014, -2.820137957922471017, -35.00000000000000000 ) ) ;
#3555 = APPLICATION_PROTOCOL_DEFINITION ( 'international standard', 'config_control_design', 1994, #3334 ) ;
#3556 = ORIENTED_EDGE ( 'NONE', *, *, #725, .T. ) ;
#3557 = DIRECTION ( 'NONE',  ( -1.000000000000000000, 0.000000000000000000, -6.870191984066563922E-17 ) ) ;
#3558 = CARTESIAN_POINT ( 'NONE',  ( 117.8598165271587135, -23.15775621763626546, -20.87467118603945693 ) ) ;
#3559 = ADVANCED_FACE ( 'NONE', ( #737 ), #1417, .F. ) ;
#3560 = CARTESIAN_POINT ( 'NONE',  ( 90.31279473504673660, -21.01647979657496279, 27.71221022327352657 ) ) ;
#3561 = CARTESIAN_POINT ( 'NONE',  ( 119.2792339504766943, -30.57432070493178244, 26.59477921833815728 ) ) ;
#3562 = CARTESIAN_POINT ( 'NONE',  ( 122.0104309722098037, -27.58508902950592301, 28.47352151895821848 ) ) ;
#3563 = ORIENTED_EDGE ( 'NONE', *, *, #1137, .T. ) ;
#3564 = DIRECTION ( 'NONE',  ( 0.000000000000000000, 0.9416207588706306808, 0.3366754319279883778 ) ) ;
#3565 = ORIENTED_EDGE ( 'NONE', *, *, #4314, .F. ) ;
#3566 = CARTESIAN_POINT ( 'NONE',  ( 96.00250861121166679, -20.79851081440319760, -28.59339459239300041 ) ) ;
#3567 = CARTESIAN_POINT ( 'NONE',  ( 131.4058065014247632, -50.05126637461629002, 1.414274171009452186 ) ) ;
#3568 = CARTESIAN_POINT ( 'NONE',  ( 0.000000000000000000, -0.2803317184490408120, 3.500000000000000000 ) ) ;
#3569 = FACE_OUTER_BOUND ( 'NONE', #2795, .T. ) ;
#3570 = CARTESIAN_POINT ( 'NONE',  ( 134.7482238522005673, -45.06794277580517871, -65.82216736214324726 ) ) ;
#3571 = CARTESIAN_POINT ( 'NONE',  ( 21.43113275287577579, 16.77696280965274056, 10.11035695390803468 ) ) ;
#3572 = CARTESIAN_POINT ( 'NONE',  ( 106.8732104093771511, -24.24546087034035580, 18.14726810325694473 ) ) ;
#3573 = CARTESIAN_POINT ( 'NONE',  ( 11.68595265865846677, -16.33706840907453284, -1.662933309306527940 ) ) ;
#3574 = CARTESIAN_POINT ( 'NONE',  ( 94.98319498533415128, -30.05499758818402967, 26.35160016971276775 ) ) ;
#3575 = CARTESIAN_POINT ( 'NONE',  ( 87.03301108895230698, -28.00121260209603236, -23.58688886593670020 ) ) ;
#3576 = CARTESIAN_POINT ( 'NONE',  ( 77.25523553384761044, 14.19329362672772277, -29.87148019277350386 ) ) ;
#3577 = DIRECTION ( 'NONE',  ( 1.000000000000000000, -1.374038396813312784E-16, 6.870191984066563922E-17 ) ) ;
#3578 = ORIENTED_EDGE ( 'NONE', *, *, #2035, .F. ) ;
#3579 = VECTOR ( 'NONE', #1974, 999.9999999999998863 ) ;
#3580 = CARTESIAN_POINT ( 'NONE',  ( 139.3799326301305541, -45.13319204520066563, 65.79128857138150011 ) ) ;
#3581 = LINE ( 'NONE', #637, #2242 ) ;
#3582 = CIRCLE ( 'NONE', #156, 2.999999999999995115 ) ;
#3583 = CARTESIAN_POINT ( 'NONE',  ( 116.7311806466757247, 46.43678834253222476, 11.38477863178803950 ) ) ;
#3584 = CARTESIAN_POINT ( 'NONE',  ( 88.44786172798551149, -23.40681596563224076, 26.35659446243246506 ) ) ;
#3585 = CARTESIAN_POINT ( 'NONE',  ( 82.56272312965329263, -28.02787854042140836, 22.70193157389389427 ) ) ;
#3586 = CARTESIAN_POINT ( 'NONE',  ( 124.0221903927050562, -21.70241891074669383, -31.13197938909227602 ) ) ;
#3587 = EDGE_LOOP ( 'NONE', ( #881, #2604, #3661, #3073 ) ) ;
#3588 = CARTESIAN_POINT ( 'NONE',  ( 3.502994080361176543, 4.427750037490253199, -5.692900975712409384 ) ) ;
#3589 = ORIENTED_EDGE ( 'NONE', *, *, #3698, .T. ) ;
#3590 = CIRCLE ( 'NONE', #4483, 0.8000000000000014877 ) ;
#3591 = CARTESIAN_POINT ( 'NONE',  ( 85.18159036552401631, -21.73757738748713564, -26.59725328338555883 ) ) ;
#3592 = CARTESIAN_POINT ( 'NONE',  ( 67.41748257341450312, -42.54371922178950172, -0.8377365992724656873 ) ) ;
#3593 = CARTESIAN_POINT ( 'NONE',  ( 130.9298369111531315, -16.76270208563146014, 33.19462800384033585 ) ) ;
#3594 = CYLINDRICAL_SURFACE ( 'NONE', #4104, 0.7999999999999999334 ) ;
#3595 = CARTESIAN_POINT ( 'NONE',  ( 139.3799326301305541, -45.13319204520066563, -65.79128857138150011 ) ) ;
#3596 = CARTESIAN_POINT ( 'NONE',  ( 80.30438725906680020, 21.91171522969773733, 27.05897146546173815 ) ) ;
#3597 = CARTESIAN_POINT ( 'NONE',  ( 83.52804775236035084, -25.53210753458562010, 26.17513992016836966 ) ) ;
#3598 = CARTESIAN_POINT ( 'NONE',  ( 18.45344217075478355, -12.02768488102958067, -11.70572590285607006 ) ) ;
#3599 = ORIENTED_EDGE ( 'NONE', *, *, #1283, .T. ) ;
#3600 = DIRECTION ( 'NONE',  ( -3.290533628671976001E-18, -0.4277609429282533404, 0.9038919048786373533 ) ) ;
#3601 = CARTESIAN_POINT ( 'NONE',  ( 87.75483478053028819, -28.68954203577096607, -25.66494470152616358 ) ) ;
#3602 = CARTESIAN_POINT ( 'NONE',  ( 23.91156834007589893, -9.350636311289136415, -15.98831873964044803 ) ) ;
#3603 = ORIENTED_EDGE ( 'NONE', *, *, #3619, .F. ) ;
#3604 = DIRECTION ( 'NONE',  ( 1.000000000000000000, -1.407561767737850723E-18, 2.974286709687525977E-18 ) ) ;
#3605 = CARTESIAN_POINT ( 'NONE',  ( 116.8064446123970725, -29.94631941152014321, 30.12562065616898721 ) ) ;
#3606 = CARTESIAN_POINT ( 'NONE',  ( 93.08178496474421593, 47.82351979117675711, -1.071559035138546889 ) ) ;
#3607 = CARTESIAN_POINT ( 'NONE',  ( 113.2224571529683601, -22.23703112306231588, 29.97956629084851343 ) ) ;
#3608 = CARTESIAN_POINT ( 'NONE',  ( 104.6809083999489332, -31.90412223561867577, 23.90711104656833541 ) ) ;
#3609 = DIRECTION ( 'NONE',  ( -0.4203344531355770464, 0.8394022495522844851, -0.3445617665292826648 ) ) ;
#3610 = ORIENTED_EDGE ( 'NONE', *, *, #2789, .T. ) ;
#3611 = CARTESIAN_POINT ( 'NONE',  ( 130.4642763407167365, 2.811727573826043436, -35.00000000000000000 ) ) ;
#3612 = ORIENTED_EDGE ( 'NONE', *, *, #725, .F. ) ;
#3613 = CARTESIAN_POINT ( 'NONE',  ( 116.5176704389266149, -25.89957663402850585, -28.80435974276152322 ) ) ;
#3614 = CARTESIAN_POINT ( 'NONE',  ( 12.01090769245366552, -16.76639545643025642, -0.8608082283819089575 ) ) ;
#3615 = CARTESIAN_POINT ( 'NONE',  ( 20.36349329260115582, -1.243192229612916533, 17.02055174897400036 ) ) ;
#3616 = FACE_OUTER_BOUND ( 'NONE', #3785, .T. ) ;
#3617 = CARTESIAN_POINT ( 'NONE',  ( 118.7757540856992051, -28.96703541098710843, 31.63095122352649469 ) ) ;
#3618 = CARTESIAN_POINT ( 'NONE',  ( 0.000000000000000000, 0.2803317184490399239, 3.500000000000000000 ) ) ;
#3619 = EDGE_CURVE ( 'NONE', #1802, #2077, #3513, .T. ) ;
#3620 = CARTESIAN_POINT ( 'NONE',  ( 113.6732104093771625, -21.67889521275150599, 12.72391667399426574 ) ) ;
#3621 = CARTESIAN_POINT ( 'NONE',  ( 36.79668298616751088, -26.39914915513504212, -10.26328205797044468 ) ) ;
#3622 = EDGE_CURVE ( 'NONE', #3462, #3932, #3050, .T. ) ;
#3623 = ORIENTED_EDGE ( 'NONE', *, *, #3360, .T. ) ;
#3624 = CARTESIAN_POINT ( 'NONE',  ( 108.3817077872479899, -22.51763532442009819, -21.50950231327171025 ) ) ;
#3625 = CARTESIAN_POINT ( 'NONE',  ( 104.7723098071290764, -31.90671858873044542, -23.91866301608045831 ) ) ;
#3626 = ORIENTED_EDGE ( 'NONE', *, *, #1617, .F. ) ;
#3627 = CARTESIAN_POINT ( 'NONE',  ( 117.8598165271587135, -24.33253357993971733, 20.31871546885979996 ) ) ;
#3628 = EDGE_CURVE ( 'NONE', #3864, #2785, #3914, .T. ) ;
#3629 = CARTESIAN_POINT ( 'NONE',  ( 99.16471303150633787, -22.51763532442009463, 21.50950231327170670 ) ) ;
#3630 = B_SPLINE_CURVE_WITH_KNOTS ( 'NONE', 3,
 ( #4093, #3349, #146, #1591 ),
 .UNSPECIFIED., .F., .F.,
 ( 4, 4 ),
 ( 0.000000000000000000, 0.0004322384445342220861 ),
 .UNSPECIFIED. ) ;
#3631 = CARTESIAN_POINT ( 'NONE',  ( 130.9371367432451336, 49.79300440040362474, -4.228214458201216885 ) ) ;
#3632 = CARTESIAN_POINT ( 'NONE',  ( 112.7639094017900021, -24.81549660998473428, 28.89951664548752674 ) ) ;
#3633 = CARTESIAN_POINT ( 'NONE',  ( 80.80074038512513823, -24.33805065541986323, -24.52194334922161545 ) ) ;
#3634 = LINE ( 'NONE', #411, #3651 ) ;
#3635 = ORIENTED_EDGE ( 'NONE', *, *, #1357, .T. ) ;
#3636 = CARTESIAN_POINT ( 'NONE',  ( 116.8044477273395358, 23.81194477353696470, -30.07343981138153666 ) ) ;
#3637 = ORIENTED_EDGE ( 'NONE', *, *, #2228, .F. ) ;
#3638 = CARTESIAN_POINT ( 'NONE',  ( 115.1319331580686764, -33.08692830777317084, 24.55676127782201235 ) ) ;
#3639 = CARTESIAN_POINT ( 'NONE',  ( 26.58005605112655090, -24.49956092343667180, -6.089034298033803694 ) ) ;
#3640 = B_SPLINE_CURVE_WITH_KNOTS ( 'NONE', 3,
 ( #1879, #3250, #2552, #50 ),
 .UNSPECIFIED., .F., .F.,
 ( 4, 4 ),
 ( 0.000000000000000000, 0.0004322384445342077205 ),
 .UNSPECIFIED. ) ;
#3641 = DIRECTION ( 'NONE',  ( -2.974286709687527903E-18, 0.000000000000000000, -1.000000000000000000 ) ) ;
#3642 = CARTESIAN_POINT ( 'NONE',  ( 73.71150797428644807, -19.14504932660044290, 25.76978120451224186 ) ) ;
#3643 = PLANE ( 'NONE',  #3720 ) ;
#3644 = CARTESIAN_POINT ( 'NONE',  ( 0.000000000000000000, 0.8411391468596738363, 3.467302228020899157 ) ) ;
#3645 = DIRECTION ( 'NONE',  ( 1.000000000000000000, -1.407561767737851108E-18, 2.974286709687527133E-18 ) ) ;
#3646 = CARTESIAN_POINT ( 'NONE',  ( 130.4686021671415972, -50.01708879153876808, 1.405863351758315005 ) ) ;
#3647 = ORIENTED_EDGE ( 'NONE', *, *, #3304, .F. ) ;
#3648 = DIRECTION ( 'NONE',  ( 1.000000000000000000, -1.407561767737850723E-18, 2.974286709687525977E-18 ) ) ;
#3649 = CARTESIAN_POINT ( 'NONE',  ( 109.3101671173807290, -29.71362211653910634, -25.95715885227504671 ) ) ;
#3650 = AXIS2_PLACEMENT_3D ( 'NONE', #175, #946, #4495 ) ;
#3651 = VECTOR ( 'NONE', #778, 1000.000000000000114 ) ;
#3652 = CARTESIAN_POINT ( 'NONE',  ( -1.278143573239510503E-16, -25.10098275617752961, 19.95505191302336101 ) ) ;
#3653 = CARTESIAN_POINT ( 'NONE',  ( 118.6170100066554198, -29.26016295398444100, 31.27273019347374117 ) ) ;
#3654 = CARTESIAN_POINT ( 'NONE',  ( 116.7211243807022925, 49.26500433982775462, 3.870390424975469035 ) ) ;
#3655 = VECTOR ( 'NONE', #1328, 1000.000000000000227 ) ;
#3656 = CARTESIAN_POINT ( 'NONE',  ( 118.2201428171293145, -26.91150741640002053, 28.50093333590122313 ) ) ;
#3657 = CARTESIAN_POINT ( 'NONE',  ( 112.2886976273567257, -22.07090169705534066, -29.95221211862085653 ) ) ;
#3658 = CARTESIAN_POINT ( 'NONE',  ( 117.0590492663273778, -28.51416695669852430, 27.55577731885173165 ) ) ;
#3659 = ORIENTED_EDGE ( 'NONE', *, *, #2527, .T. ) ;
#3660 = CARTESIAN_POINT ( 'NONE',  ( 24.40882333499671120, 21.28581870270511089, -8.100441100275810768 ) ) ;
#3661 = ORIENTED_EDGE ( 'NONE', *, *, #190, .F. ) ;
#3662 = CARTESIAN_POINT ( 'NONE',  ( 112.7639094017900021, -24.81549660998473428, -28.89951664548584631 ) ) ;
#3663 = CARTESIAN_POINT ( 'NONE',  ( 13.98690629757361137, -3.224263031627215170, -13.60264227731200215 ) ) ;
#3664 = VECTOR ( 'NONE', #2330, 999.9999999999998863 ) ;
#3665 = CARTESIAN_POINT ( 'NONE',  ( 123.3232104093771540, -39.14103645868047465, -68.90924287417722383 ) ) ;
#3666 = CARTESIAN_POINT ( 'NONE',  ( 123.3232104093771540, -39.14103645868047465, 68.90924287417722383 ) ) ;
#3667 = CARTESIAN_POINT ( 'NONE',  ( 117.1549777272469157, -32.28483684585429359, -37.59382400366089882 ) ) ;
#3668 = CARTESIAN_POINT ( 'NONE',  ( 5.157310616045856833, 7.160682168904419775, 5.394358534533495231 ) ) ;
#3669 = PLANE ( 'NONE',  #4558 ) ;
#3670 = CARTESIAN_POINT ( 'NONE',  ( 92.93658726354338739, -47.56355894079505475, 3.255749796728424350 ) ) ;
#3671 = VERTEX_POINT ( 'NONE', #2469 ) ;
#3672 = CARTESIAN_POINT ( 'NONE',  ( 101.3732104093771511, -24.24546087034035580, -18.14726810325694473 ) ) ;
#3673 = CARTESIAN_POINT ( 'NONE',  ( 90.63953352121586704, -28.69542388760017815, -23.79436988083369897 ) ) ;
#3674 = DIRECTION ( 'NONE',  ( 0.000000000000000000, 0.9038919048786374644, -0.4277609429282533404 ) ) ;
#3675 = CARTESIAN_POINT ( 'NONE',  ( 99.33841459175708621, -30.49368076327807131, 26.86530039287631411 ) ) ;
#3676 = CARTESIAN_POINT ( 'NONE',  ( 131.4057051148675725, 49.81040761591233945, 4.240009439592943075 ) ) ;
#3677 = CARTESIAN_POINT ( 'NONE',  ( 115.1140202314596905, -22.64315955724510943, 30.00202008956006949 ) ) ;
#3678 = LINE ( 'NONE', #4031, #4560 ) ;
#3679 = CARTESIAN_POINT ( 'NONE',  ( 118.9908753824531118, -30.67491023579257359, 26.50381582601205466 ) ) ;
#3680 = VERTEX_POINT ( 'NONE', #1206 ) ;
#3681 = CARTESIAN_POINT ( 'NONE',  ( 87.27387691670861614, 36.58739742722147525, -18.54018535723951899 ) ) ;
#3682 = DIRECTION ( 'NONE',  ( 0.000000000000000000, -0.9038919048786373533, -0.4277609429282535070 ) ) ;
#3683 = CARTESIAN_POINT ( 'NONE',  ( 7.047958085399649519, -9.954672282668433070, -4.895580816780745081 ) ) ;
#3684 = ADVANCED_FACE ( 'NONE', ( #808 ), #879, .T. ) ;
#3685 = CARTESIAN_POINT ( 'NONE',  ( 93.87321040937715111, -23.87347318173804922, -20.86786089887932860 ) ) ;
#3686 = CARTESIAN_POINT ( 'NONE',  ( 121.8082642130022180, -28.47964047661601228, -28.00457523069595211 ) ) ;
#3687 = CARTESIAN_POINT ( 'NONE',  ( 124.1232104093771511, -39.14103645868047465, -68.90924287417722383 ) ) ;
#3688 = CARTESIAN_POINT ( 'NONE',  ( 13.49062453388675387, -0.9545764123518020172, 13.77254560041768450 ) ) ;
#3689 = ADVANCED_FACE ( 'NONE', ( #2239 ), #672, .F. ) ;
#3690 = CARTESIAN_POINT ( 'NONE',  ( 131.3932345683773519, 8.473265971378015848, 34.67761262358008878 ) ) ;
#3691 = CARTESIAN_POINT ( 'NONE',  ( 0.000000000000000000, -5.000000000000000000, -0.1401658594864819696 ) ) ;
#3692 = ORIENTED_EDGE ( 'NONE', *, *, #939, .T. ) ;
#3693 = CARTESIAN_POINT ( 'NONE',  ( 74.42321040937716248, -50.62046365063917364, 63.47667889898838922 ) ) ;
#3694 = CARTESIAN_POINT ( 'NONE',  ( 130.0000000000000000, 50.00000000000000000, -1.401658594864815033 ) ) ;
#3695 = LINE ( 'NONE', #1660, #3201 ) ;
#3696 = CALENDAR_DATE ( 2025, 8, 12 ) ;
#3697 = CARTESIAN_POINT ( 'NONE',  ( 88.26625363028298921, -20.12957727927344109, 22.30773709916263670 ) ) ;
#3698 = EDGE_CURVE ( 'NONE', #1096, #3934, #4013, .T. ) ;
#3699 = CARTESIAN_POINT ( 'NONE',  ( 90.74472995938108966, -29.36791317119028477, 25.92907690437057511 ) ) ;
#3700 = CARTESIAN_POINT ( 'NONE',  ( 67.23203999225334826, 42.30010006527739108, 2.542600939048279329 ) ) ;
#3701 = CARTESIAN_POINT ( 'NONE',  ( 118.7967702350103707, -23.79849439096317099, 29.87903295599705800 ) ) ;
#3702 = CARTESIAN_POINT ( 'NONE',  ( 106.5869390331813804, -21.32111290580599672, -29.64966112232953677 ) ) ;
#3703 = CARTESIAN_POINT ( 'NONE',  ( 112.4644999872731859, -31.75398973667710578, 25.06277662896382452 ) ) ;
#3704 = ORIENTED_EDGE ( 'NONE', *, *, #1213, .T. ) ;
#3705 = CARTESIAN_POINT ( 'NONE',  ( 114.6419556820872145, -22.53590444670910387, -29.99920810933479132 ) ) ;
#3706 = CARTESIAN_POINT ( 'NONE',  ( 131.3947553667297825, -16.79307908241312219, -33.20473774745646267 ) ) ;
#3707 = EDGE_CURVE ( 'NONE', #3825, #2933, #2021, .T. ) ;
#3708 = PRODUCT_RELATED_PRODUCT_CATEGORY ( 'detail', '', ( #631 ) ) ;
#3709 = DIRECTION ( 'NONE',  ( 0.000000000000000000, 0.9038919048786387966, 0.4277609429282502318 ) ) ;
#3710 = CARTESIAN_POINT ( 'NONE',  ( 93.87321040937715111, -20.32305735543354785, -13.36555808838664916 ) ) ;
#3711 = ORIENTED_EDGE ( 'NONE', *, *, #2039, .T. ) ;
#3712 = CARTESIAN_POINT ( 'NONE',  ( 117.5517712539160442, -24.61497829503941048, -20.18505035137833303 ) ) ;
#3713 = CARTESIAN_POINT ( 'NONE',  ( 2.321339412014938208, -1.946972759165353395, 5.840407883655050369 ) ) ;
#3714 = CARTESIAN_POINT ( 'NONE',  ( 2.595098964619822812, 2.922528291292773250, 5.738001927305857564 ) ) ;
#3715 = CARTESIAN_POINT ( 'NONE',  ( 93.08178496474421593, -47.82351979117675000, -1.071548795704145851 ) ) ;
#3716 = ORIENTED_EDGE ( 'NONE', *, *, #3486, .F. ) ;
#3717 = CARTESIAN_POINT ( 'NONE',  ( 129.9999999999996021, 49.75819800988156771, -4.204627064787280766 ) ) ;
#3718 = CARTESIAN_POINT ( 'NONE',  ( 98.01965099536644743, -20.81830900666295037, 28.84389503866933424 ) ) ;
#3719 = CARTESIAN_POINT ( 'NONE',  ( 99.16471303150633787, -18.96721949811559682, 14.00719950277902726 ) ) ;
#3720 = AXIS2_PLACEMENT_3D ( 'NONE', #3687, #1535, #1490 ) ;
#3721 = CARTESIAN_POINT ( 'NONE',  ( 118.6954067346161565, -28.66121406744101563, -31.68898590004237548 ) ) ;
#3722 = CARTESIAN_POINT ( 'NONE',  ( 43.30926810620319145, 34.16657762154288491, -3.735814599599776464 ) ) ;
#3723 = CARTESIAN_POINT ( 'NONE',  ( 138.0702852415943767, -45.38390250968454609, 65.67264148082701070 ) ) ;
#3724 = DIRECTION ( 'NONE',  ( 0.000000000000000000, 0.9038919048786377974, -0.4277609429282521192 ) ) ;
#3725 = CARTESIAN_POINT ( 'NONE',  ( 112.9491961101847863, -29.40543246316257964, 26.59149123742669829 ) ) ;
#3726 = AXIS2_PLACEMENT_3D ( 'NONE', #2794, #1696, #338 ) ;
#3727 = ORIENTED_EDGE ( 'NONE', *, *, #917, .T. ) ;
#3728 = PLANE ( 'NONE',  #2677 ) ;
#3729 = CARTESIAN_POINT ( 'NONE',  ( 3.502994080361133467, -4.427754768280673048, -5.692901387999840246 ) ) ;
#3730 = CARTESIAN_POINT ( 'NONE',  ( 138.0702852415943767, -45.38390250968454609, -65.67264148082701070 ) ) ;
#3731 = CIRCLE ( 'NONE', #1781, 5.500000000000003553 ) ;
#3732 = DIRECTION ( 'NONE',  ( 3.290533628671975231E-18, 0.4277609429282532849, 0.9038919048786375754 ) ) ;
#3733 = DIRECTION ( 'NONE',  ( 0.000000000000000000, 0.9038919048786373533, -0.4277609429282533404 ) ) ;
#3734 = VERTEX_POINT ( 'NONE', #4386 ) ;
#3735 = CARTESIAN_POINT ( 'NONE',  ( 117.5517712539160442, -22.87531150253656875, -21.00833630352092030 ) ) ;
#3736 = CARTESIAN_POINT ( 'NONE',  ( 80.60007192069558357, -25.39899247926373960, -23.89458812281002054 ) ) ;
#3737 = CARTESIAN_POINT ( 'NONE',  ( 2.595098964619842796, -2.922528291292765257, 5.738001927305850458 ) ) ;
#3738 = CARTESIAN_POINT ( 'NONE',  ( 130.0000000000000000, 2.803317189729622960, 35.00000000000000000 ) ) ;
#3739 = CARTESIAN_POINT ( 'NONE',  ( 131.4057051148678568, -49.81040761591249577, -4.240009439592975049 ) ) ;
#3740 = VERTEX_POINT ( 'NONE', #4430 ) ;
#3741 = CARTESIAN_POINT ( 'NONE',  ( 130.0000000000004832, 48.69516436030464490, -8.288434316662129930 ) ) ;
#3742 = LOCAL_TIME ( 11, 40, 13.00000000000000000, #3302 ) ;
#3743 = CARTESIAN_POINT ( 'NONE',  ( 82.65183847757938906, -25.90706901628210446, 25.16500593539285191 ) ) ;
#3744 = CARTESIAN_POINT ( 'NONE',  ( 115.1446905700826306, -30.14561955924980197, 38.60619461867289459 ) ) ;
#3745 = LINE ( 'NONE', #545, #3579 ) ;
#3746 = CARTESIAN_POINT ( 'NONE',  ( 130.9368579302141029, 48.73215467423328562, -8.329755019591580378 ) ) ;
#3747 = CARTESIAN_POINT ( 'NONE',  ( 139.3799326301305541, -45.13319204520066563, 65.79128857138150011 ) ) ;
#3748 = CARTESIAN_POINT ( 'NONE',  ( 123.3232104093771113, -33.43869146809631587, 25.30006399937030892 ) ) ;
#3749 = CARTESIAN_POINT ( 'NONE',  ( 118.4468835158089774, -27.37710147903819546, 28.25805816749229393 ) ) ;
#3750 = PLANE ( 'NONE',  #812 ) ;
#3751 = CARTESIAN_POINT ( 'NONE',  ( 51.09853543125241515, -18.74157032516701094, -20.91812178477239215 ) ) ;
#3752 = CARTESIAN_POINT ( 'NONE',  ( 139.0048509918063644, -44.95887250599027141, -65.87378415526823972 ) ) ;
#3753 = CARTESIAN_POINT ( 'NONE',  ( 80.86570969912750684, -24.20893333636776035, 24.60381255998877847 ) ) ;
#3754 = CARTESIAN_POINT ( 'NONE',  ( 74.21443977044619089, -30.52539553255772020, -19.19245659200283072 ) ) ;
#3755 = CARTESIAN_POINT ( 'NONE',  ( 121.6565371457189713, -26.12780639248391523, -29.12955228016831200 ) ) ;
#3756 = VERTEX_POINT ( 'NONE', #2303 ) ;
#3757 = CARTESIAN_POINT ( 'NONE',  ( 117.8598165271587135, -23.15775621763626546, -20.87467118603945693 ) ) ;
#3758 = CARTESIAN_POINT ( 'NONE',  ( 15.84796291139927504, -7.399040918917494380, 12.87550021994282368 ) ) ;
#3759 = CARTESIAN_POINT ( 'NONE',  ( 3.502994080361176543, 4.427750037490253199, 5.692900975712409384 ) ) ;
#3760 = CARTESIAN_POINT ( 'NONE',  ( 130.9328785078579074, -32.39662803733453700, 27.02497736807249140 ) ) ;
#3761 = CARTESIAN_POINT ( 'NONE',  ( 83.49346256974516223, -26.92480604962364765, -25.19065825462808661 ) ) ;
#3762 = CARTESIAN_POINT ( 'NONE',  ( 42.11879555737929337, 32.76459073064080485, -5.522950294782377867 ) ) ;
#3763 = EDGE_CURVE ( 'NONE', #1673, #4628, #1138, .T. ) ;
#3764 = EDGE_CURVE ( 'NONE', #3121, #2705, #1570, .T. ) ;
#3765 = CARTESIAN_POINT ( 'NONE',  ( 101.8204724049558223, -20.95364774649015160, 29.25458347257228908 ) ) ;
#3766 = CARTESIAN_POINT ( 'NONE',  ( 139.3140530997617645, -45.07287611206177758, 65.81983269296711114 ) ) ;
#3767 = DIRECTION ( 'NONE',  ( 0.000000000000000000, 0.9038919048786375754, 0.4277609429282530074 ) ) ;
#3768 = CARTESIAN_POINT ( 'NONE',  ( 4.066130117077062955, 7.948462868566159578, -3.558496703514459014 ) ) ;
#3769 = CARTESIAN_POINT ( 'NONE',  ( 125.1362128771300632, -39.73354473372631190, 54.38141683173564189 ) ) ;
#3770 = DIRECTION ( 'NONE',  ( 3.290533628671975231E-18, 0.4277609429282532849, -0.9038919048786375754 ) ) ;
#3771 = CARTESIAN_POINT ( 'NONE',  ( 87.51157743973044489, -29.88387589509879305, 22.44293585713921857 ) ) ;
#3772 = CARTESIAN_POINT ( 'NONE',  ( 80.91353433765362979, -26.40536262649186838, -23.37039655154858764 ) ) ;
#3773 = CARTESIAN_POINT ( 'NONE',  ( 116.8427573120004297, -2.564997733305853345, -35.00000000000000000 ) ) ;
#3774 = EDGE_CURVE ( 'NONE', #4238, #2259, #1722, .T. ) ;
#3775 = CARTESIAN_POINT ( 'NONE',  ( 73.72365498803536354, -30.17400671350434038, 19.33188382289435836 ) ) ;
#3776 = CARTESIAN_POINT ( 'NONE',  ( 82.06054619902900527, -25.89370948442859444, 23.89273994585248673 ) ) ;
#3777 = DIRECTION ( 'NONE',  ( 1.000000000000000000, -1.407561767737850723E-18, -2.974286709687525977E-18 ) ) ;
#3778 = CARTESIAN_POINT ( 'NONE',  ( 104.6809083999489189, -31.90412223561868998, -23.90711104656833186 ) ) ;
#3779 = ORIENTED_EDGE ( 'NONE', *, *, #1994, .F. ) ;
#3780 = CARTESIAN_POINT ( 'NONE',  ( 108.0705324782445871, -25.10098275617752961, 19.95505191302336101 ) ) ;
#3781 = CARTESIAN_POINT ( 'NONE',  ( 82.86396384526747738, -24.35860011790968471, -24.89701435553577014 ) ) ;
#3782 = CARTESIAN_POINT ( 'NONE',  ( 55.54915737911498042, -25.65604728712973781, 18.01645253878997721 ) ) ;
#3783 = DIRECTION ( 'NONE',  ( 0.000000000000000000, 0.9038919048786385746, 0.4277609429282505094 ) ) ;
#3784 = CARTESIAN_POINT ( 'NONE',  ( 27.94483090126543345, -26.50230112831799545, 4.303951532363312182 ) ) ;
#3785 = EDGE_LOOP ( 'NONE', ( #2163, #1014, #3456, #951 ) ) ;
#3786 = CARTESIAN_POINT ( 'NONE',  ( 0.000000000000000000, 4.700487605599025009, -1.214892451258639428 ) ) ;
#3787 = CARTESIAN_POINT ( 'NONE',  ( 80.91353433765361558, -26.40536262649183286, 23.37039655154860185 ) ) ;
#3788 = CARTESIAN_POINT ( 'NONE',  ( 117.8598165271587135, -23.15775621763626546, 20.87467118603945693 ) ) ;
#3789 = CARTESIAN_POINT ( 'NONE',  ( 3.042804097976388622, 4.625382396105250926, -5.196850558149336052 ) ) ;
#3790 = CARTESIAN_POINT ( 'NONE',  ( 125.1362128771300632, -39.77141519665280356, 54.36349488239287808 ) ) ;
#3791 = FACE_OUTER_BOUND ( 'NONE', #795, .T. ) ;
#3792 = EDGE_LOOP ( 'NONE', ( #4605, #405 ) ) ;
#3793 = CARTESIAN_POINT ( 'NONE',  ( 83.44018637150796280, -26.89887597746508519, 23.57822231450114714 ) ) ;
#3794 = CARTESIAN_POINT ( 'NONE',  ( 101.3732104093771511, -22.88962301300307800, -18.78890951765846751 ) ) ;
#3795 = CARTESIAN_POINT ( 'NONE',  ( 88.26625363028300342, -27.36071251830254170, -18.88564955573661308 ) ) ;
#3796 = CARTESIAN_POINT ( 'NONE',  ( 80.77518888750738313, -24.39742703357398668, 24.48488020921636021 ) ) ;
#3797 = DIRECTION ( 'NONE',  ( 0.000000000000000000, -0.9038919048786373533, -0.4277609429282533404 ) ) ;
#3798 = CARTESIAN_POINT ( 'NONE',  ( 80.91353433765362979, -26.40536262649186838, -23.37039655154858764 ) ) ;
#3799 = ORIENTED_EDGE ( 'NONE', *, *, #877, .F. ) ;
#3800 = CARTESIAN_POINT ( 'NONE',  ( 118.0916708396743076, -23.74514489878799139, -20.59669332744962489 ) ) ;
#3801 = CARTESIAN_POINT ( 'NONE',  ( 82.20005778388846807, -22.85394936115733344, -25.55215600079200300 ) ) ;
#3802 = CARTESIAN_POINT ( 'NONE',  ( 92.33764674608976009, -46.44170871541001588, 6.548524203271566257 ) ) ;
#3803 = AXIS2_PLACEMENT_3D ( 'NONE', #3938, #785, #2541 ) ;
#3804 = CARTESIAN_POINT ( 'NONE',  ( 116.7814619765435253, 31.46971761275523605, 26.16320285186910510 ) ) ;
#3805 = CARTESIAN_POINT ( 'NONE',  ( 91.41201140093410515, -44.67133707298896184, 9.764699495951321140 ) ) ;
#3806 = VECTOR ( 'NONE', #4450, 999.9999999999998863 ) ;
#3807 = EDGE_LOOP ( 'NONE', ( #856, #621, #1811, #1057 ) ) ;
#3808 = CARTESIAN_POINT ( 'NONE',  ( 44.07957387308902497, 35.05963119624610158, 1.876276163781551043 ) ) ;
#3809 = CIRCLE ( 'NONE', #4187, 5.500000000000004441 ) ;
#3810 = CARTESIAN_POINT ( 'NONE',  ( 118.5972163564882038, -28.48402679098818169, 31.67483939886997391 ) ) ;
#3811 = CIRCLE ( 'NONE', #3296, 0.8000000000000014877 ) ;
#3812 = CARTESIAN_POINT ( 'NONE',  ( 124.1232104093770943, -25.79332926944335824, -29.54281106107894317 ) ) ;
#3813 = CARTESIAN_POINT ( 'NONE',  ( 4.439217728207509595, 9.090342138374571945, -2.661351587949265962 ) ) ;
#3814 = CARTESIAN_POINT ( 'NONE',  ( 139.0048509918063360, -45.30751158441105275, 65.70879298749477471 ) ) ;
#3815 = CARTESIAN_POINT ( 'NONE',  ( 124.0361870100643102, -33.14440388680529281, 25.57049320002115422 ) ) ;
#3816 = ORIENTED_EDGE ( 'NONE', *, *, #3304, .T. ) ;
#3817 = CARTESIAN_POINT ( 'NONE',  ( 106.1984890259088843, -30.80044683189727905, 27.82368758689321453 ) ) ;
#3818 = CARTESIAN_POINT ( 'NONE',  ( 131.3928290221502380, 1.481458074228884017E-05, -35.00000000000000000 ) ) ;
#3819 = CARTESIAN_POINT ( 'NONE',  ( 116.9370847967340978, -32.47966174386318983, -37.50162439259194258 ) ) ;
#3820 = CARTESIAN_POINT ( 'NONE',  ( 82.09433480819843965, -24.91765421008778247, 24.44641955675780309 ) ) ;
#3821 = CARTESIAN_POINT ( 'NONE',  ( 121.8082642130022180, -28.47964047661601228, 28.00457523069595211 ) ) ;
#3822 = DIRECTION ( 'NONE',  ( 1.348150961071065268E-33, -0.9038919048786374644, 0.4277609429282533404 ) ) ;
#3823 = EDGE_LOOP ( 'NONE', ( #3543, #1511, #2813, #663 ) ) ;
#3824 = CARTESIAN_POINT ( 'NONE',  ( 137.0348611002443704, -45.13319204520066563, 65.79128857138150011 ) ) ;
#3825 = VERTEX_POINT ( 'NONE', #3361 ) ;
#3826 = CARTESIAN_POINT ( 'NONE',  ( 80.61310384435159904, -24.98733880971033017, -24.12911212851395604 ) ) ;
#3827 = CARTESIAN_POINT ( 'NONE',  ( 29.24757053094327830, -28.38556786667381004, 1.446162868157921055 ) ) ;
#3828 = ADVANCED_FACE ( 'NONE', ( #179, #1890 ), #1601, .T. ) ;
#3829 = CARTESIAN_POINT ( 'NONE',  ( 21.43113275287594632, 16.77695824787684131, 10.11035467309839753 ) ) ;
#3830 = CARTESIAN_POINT ( 'NONE',  ( 0.000000000000000000, -3.233442260921341571, 2.696813823512051123 ) ) ;
#3831 = CARTESIAN_POINT ( 'NONE',  ( 111.8639944545630556, -30.62415278204776214, -28.84069761042541913 ) ) ;
#3832 = EDGE_CURVE ( 'NONE', #1496, #1026, #157, .T. ) ;
#3833 = CARTESIAN_POINT ( 'NONE',  ( 116.7201666410861236, 49.51571648649370161, 1.282498866652928449 ) ) ;
#3834 = CARTESIAN_POINT ( 'NONE',  ( 118.6517418167815663, -28.56923790609431180, 31.68586199973030659 ) ) ;
#3835 = CARTESIAN_POINT ( 'NONE',  ( 119.4251843823262647, -30.51756222477214564, -26.64383853037244876 ) ) ;
#3836 = CARTESIAN_POINT ( 'NONE',  ( 116.8389263535340206, -7.812741146789363711, -34.60576119809067563 ) ) ;
#3837 = EDGE_CURVE ( 'NONE', #351, #3321, #820, .T. ) ;
#3838 = CARTESIAN_POINT ( 'NONE',  ( 115.3044312119588568, -26.71660625116310683, -31.55237592645485734 ) ) ;
#3839 = PLANE ( 'NONE',  #75 ) ;
#3840 = CARTESIAN_POINT ( 'NONE',  ( 82.76586219373820086, -26.25595118227959546, 25.04627887446544676 ) ) ;
#3841 = DIRECTION ( 'NONE',  ( 0.000000000000000000, -0.9038919048786373533, 0.4277609429282533404 ) ) ;
#3842 = B_SPLINE_SURFACE_WITH_KNOTS ( 'NONE', 3, 3, ( 
 ( #2398, #4518, #1340, #1296 ),
 ( #2675, #552, #925, #3117 ),
 ( #2724, #4151, #3427, #4542 ),
 ( #1247, #199, #4081, #178 ),
 ( #2301, #878, #3819, #4103 ),
 ( #1621, #1982, #3076, #2370 ),
 ( #3730, #2701, #1648, #947 ),
 ( #1316, #617, #529, #3795 ),
 ( #1958, #2050, #3384, #902 ),
 ( #4173, #3049, #1599, #3452 ),
 ( #2328, #4473, #2028, #3027 ),
 ( #248, #2746, #1273, #967 ),
 ( #3752, #3860, #1077, #1780 ),
 ( #4607, #2809, #1365, #658 ),
 ( #382, #2091, #353, #3558 ),
 ( #1804, #1029, #3203, #3905 ),
 ( #2134, #3179, #3228, #1714 ),
 ( #3518, #4214, #1404, #3927 ) ),
 .UNSPECIFIED., .T., .F., .F.,
 ( 4, 1, 1, 1, 1, 2, 2, 2, 1, 1, 1, 1, 4 ),
 ( 4, 4 ),
 ( 0.000000000000000000, 0.01249999999999995559, 0.02499999999999991118, 0.03750000000000008882, 0.05000000000000004441, 0.2500000000000000000, 0.5000000000000000000, 0.7500000000000000000, 0.9499999999999999556, 0.9625000000000000222, 0.9749999999999999778, 0.9875000000000000444, 1.000000000000000000 ),
 ( 0.000000000000000000, 1.000000000000000000 ),
 .UNSPECIFIED. ) ;
#3843 = FACE_OUTER_BOUND ( 'NONE', #1483, .T. ) ;
#3844 = ORIENTED_EDGE ( 'NONE', *, *, #236, .F. ) ;
#3845 = CARTESIAN_POINT ( 'NONE',  ( 134.6897895703582151, -45.13319204520066563, 65.79128857138150011 ) ) ;
#3846 = VERTEX_POINT ( 'NONE', #854 ) ;
#3847 = EDGE_CURVE ( 'NONE', #2807, #1481, #2282, .T. ) ;
#3848 = CARTESIAN_POINT ( 'NONE',  ( 86.09277372053207955, -21.54497246647968822, -26.83299451811527092 ) ) ;
#3849 = CARTESIAN_POINT ( 'NONE',  ( 130.9371367432451905, -49.79300441390223853, 4.228215314657754575 ) ) ;
#3850 = ADVANCED_FACE ( 'NONE', ( #1581 ), #3006, .F. ) ;
#3851 = CARTESIAN_POINT ( 'NONE',  ( 130.4649184555767931, 16.73232582716864769, 33.18451832445015981 ) ) ;
#3852 = CARTESIAN_POINT ( 'NONE',  ( 89.81483668772406759, -41.57528358624046660, 13.86928259789801388 ) ) ;
#3853 = CYLINDRICAL_SURFACE ( 'NONE', #1329, 0.7999999999999999334 ) ;
#3854 = CARTESIAN_POINT ( 'NONE',  ( 130.4682135186736218, 47.02488081657303098, 12.17748084810452092 ) ) ;
#3855 = LINE ( 'NONE', #1002, #448 ) ;
#3856 = CARTESIAN_POINT ( 'NONE',  ( 118.2858779405031271, -27.20960596923749364, -28.29575692995969760 ) ) ;
#3857 = CARTESIAN_POINT ( 'NONE',  ( 130.4644115227928012, 8.431111936017773090, -34.67302721454487369 ) ) ;
#3858 = EDGE_LOOP ( 'NONE', ( #4309, #3844, #4454, #525, #3647 ) ) ;
#3859 = CARTESIAN_POINT ( 'NONE',  ( 116.9819401854259979, -27.32970576803847251, -31.58490112900848246 ) ) ;
#3860 = CARTESIAN_POINT ( 'NONE',  ( 123.8615284943280273, -38.77936099275471094, -54.83297805776478384 ) ) ;
#3861 = CARTESIAN_POINT ( 'NONE',  ( 85.18159036553387864, -21.73757738748875923, 26.59725328338638306 ) ) ;
#3862 = FACE_OUTER_BOUND ( 'NONE', #2181, .T. ) ;
#3863 = CARTESIAN_POINT ( 'NONE',  ( 113.6732104093771625, -23.74514489885957502, -20.59669332741573555 ) ) ;
#3864 = VERTEX_POINT ( 'NONE', #114 ) ;
#3865 = DIRECTION ( 'NONE',  ( 0.000000000000000000, 0.9038919048786369093, -0.4277609429282543951 ) ) ;
#3866 = ORIENTED_EDGE ( 'NONE', *, *, #15, .F. ) ;
#3867 = CARTESIAN_POINT ( 'NONE',  ( 83.85154635062158945, -22.11088115987470459, -26.20085496417951632 ) ) ;
#3868 = CARTESIAN_POINT ( 'NONE',  ( 10.31720266782414086, -14.48792198016236199, 3.264450059802022075 ) ) ;
#3869 = VECTOR ( 'NONE', #2018, 999.9999999999998863 ) ;
#3870 = CARTESIAN_POINT ( 'NONE',  ( 113.6732104093771625, -23.87347318173805633, -20.86786089887933571 ) ) ;
#3871 = CARTESIAN_POINT ( 'NONE',  ( 118.7757540856992051, -28.96703541098711554, -31.63095122352649469 ) ) ;
#3872 = ADVANCED_BREP_SHAPE_REPRESENTATION ( '\X2\80f89ccd53f3\X0\', ( #4597, #1622, #1877 ), #4189 ) ;
#3873 = AXIS2_PLACEMENT_3D ( 'NONE', #2549, #44, #1874 ) ;
#3874 = CARTESIAN_POINT ( 'NONE',  ( 130.4685683716224958, 49.77560120515151709, 4.216420762407032008 ) ) ;
#3875 = CARTESIAN_POINT ( 'NONE',  ( 73.62321040937713690, -29.83427491886938654, 19.55385696178821320 ) ) ;
#3876 = CIRCLE ( 'NONE', #4474, 5.800000000000006040 ) ;
#3877 = VECTOR ( 'NONE', #3079, 999.9999999999998863 ) ;
#3878 = CARTESIAN_POINT ( 'NONE',  ( 121.6570899551297344, -28.78247732310535412, -27.83254527896649577 ) ) ;
#3879 = CARTESIAN_POINT ( 'NONE',  ( 44.42260250945874134, 5.422142659309486135, -24.39985062864667142 ) ) ;
#3880 = LOCAL_TIME ( 11, 40, 13.00000000000000000, #2068 ) ;
#3881 = ORIENTED_EDGE ( 'NONE', *, *, #4374, .T. ) ;
#3882 = EDGE_CURVE ( 'NONE', #3756, #228, #2616, .T. ) ;
#3883 = CARTESIAN_POINT ( 'NONE',  ( 84.68444022659518566, -25.31669158172010015, -26.94694275075190504 ) ) ;
#3884 = CARTESIAN_POINT ( 'NONE',  ( 113.6732104093771625, -24.60066678471608626, 22.40447713717301781 ) ) ;
#3885 = CARTESIAN_POINT ( 'NONE',  ( 87.14212202384025829, -23.52511055592259481, 26.08539371180007294 ) ) ;
#3886 = CARTESIAN_POINT ( 'NONE',  ( 120.5204219071936507, -29.96386374985342371, 27.07778071547265952 ) ) ;
#3887 = DIRECTION ( 'NONE',  ( 0.000000000000000000, -0.9038919048786373533, -0.4277609429282533404 ) ) ;
#3888 = VERTEX_POINT ( 'NONE', #1865 ) ;
#3889 = CARTESIAN_POINT ( 'NONE',  ( 106.8732104093771511, -24.24546087034035580, -18.14726810325694473 ) ) ;
#3890 = ORIENTED_EDGE ( 'NONE', *, *, #2802, .T. ) ;
#3891 = CARTESIAN_POINT ( 'NONE',  ( 84.72828514618358042, -25.30892157419961919, -26.96733301628093216 ) ) ;
#3892 = CARTESIAN_POINT ( 'NONE',  ( 11.68595265865846677, -16.33706840907453284, 1.662933309306527940 ) ) ;
#3893 = CARTESIAN_POINT ( 'NONE',  ( 44.42260250945866318, -5.422142659309523438, 24.39985062864666432 ) ) ;
#3894 = CARTESIAN_POINT ( 'NONE',  ( 137.3588731593270325, -44.88249028888876069, -65.90993154085042249 ) ) ;
#3895 = CARTESIAN_POINT ( 'NONE',  ( 26.58005605112663261, 24.49956092343671799, 6.089034298033798365 ) ) ;
#3896 = CARTESIAN_POINT ( 'NONE',  ( 73.62321040937715111, -23.09518203083245069, 23.81395900855549641 ) ) ;
#3897 = CARTESIAN_POINT ( 'NONE',  ( 0.000000000000000000, -4.869741587150351769, -0.8290359988406459379 ) ) ;
#3898 = CARTESIAN_POINT ( 'NONE',  ( 100.9099512517289128, -31.73921751874036445, 23.45624583717743050 ) ) ;
#3899 = EDGE_CURVE ( 'NONE', #2705, #488, #3501, .T. ) ;
#3900 = CARTESIAN_POINT ( 'NONE',  ( 118.3084985948200369, -27.73849126867873593, -28.08101658069366735 ) ) ;
#3901 = CARTESIAN_POINT ( 'NONE',  ( 13.49062453388675387, 0.9545855340293144531, -13.77254560041768450 ) ) ;
#3902 = DIRECTION ( 'NONE',  ( 0.000000000000000000, 0.9038919048786377974, 0.4277609429282521192 ) ) ;
#3903 = ORIENTED_EDGE ( 'NONE', *, *, #654, .F. ) ;
#3904 = CARTESIAN_POINT ( 'NONE',  ( 118.4755090470489023, -28.32400766688043348, -31.65531407369423533 ) ) ;
#3905 = CARTESIAN_POINT ( 'NONE',  ( 118.0486133214183013, -23.44769901528613687, -20.73745764994232843 ) ) ;
#3906 = CARTESIAN_POINT ( 'NONE',  ( 95.86728759910894837, -24.51584615755952612, 29.79756234657510205 ) ) ;
#3907 = CARTESIAN_POINT ( 'NONE',  ( 121.0386765446454262, -29.54083322993154681, 27.36453372565069131 ) ) ;
#3908 = CARTESIAN_POINT ( 'NONE',  ( 121.9857911601576745, -26.94449041784099563, 28.78206661158758806 ) ) ;
#3909 = ORIENTED_EDGE ( 'NONE', *, *, #3899, .T. ) ;
#3910 = FACE_OUTER_BOUND ( 'NONE', #863, .T. ) ;
#3911 = ORIENTED_EDGE ( 'NONE', *, *, #2521, .F. ) ;
#3912 = CARTESIAN_POINT ( 'NONE',  ( 93.15301369456538794, -20.86397107237832316, -28.17976471436440278 ) ) ;
#3913 = CARTESIAN_POINT ( 'NONE',  ( 4.897582507596370149, -10.46632597721892211, -0.6241575854733607542 ) ) ;
#3914 = LINE ( 'NONE', #3238, #1349 ) ;
#3915 = DIRECTION ( 'NONE',  ( 0.000000000000000000, 0.9038919048786377974, 0.4277609429282521192 ) ) ;
#3916 = DIRECTION ( 'NONE',  ( 3.290533628671975616E-18, 0.4277609429282533404, -0.9038919048786373533 ) ) ;
#3917 = CARTESIAN_POINT ( 'NONE',  ( 131.3947553667295551, 16.79307908241322522, 33.20473774745646267 ) ) ;
#3918 = B_SPLINE_SURFACE_WITH_KNOTS ( 'NONE', 3, 3, ( 
 ( #3747, #3769, #1999, #613 ),
 ( #3071, #3790, #1311, #591 ),
 ( #1687, #1976, #4146, #1664 ),
 ( #4491, #522, #3093, #3447 ),
 ( #4513, #2044, #217, #2393 ),
 ( #3814, #1292, #1952, #3467 ),
 ( #3723, #4444, #2022, #1642 ),
 ( #1334, #2669, #920, #243 ),
 ( #4097, #2741, #3398, #4167 ),
 ( #1594, #4537, #194, #568 ),
 ( #4126, #3377, #1615, #896 ),
 ( #3421, #172, #3021, #2295 ),
 ( #1242, #2719, #4466, #1268 ),
 ( #2696, #2344, #638, #1670 ),
 ( #2702, #1983, #3472, #618 ),
 ( #4132, #988, #3078, #270 ),
 ( #2726, #249, #926, #4175 ),
 ( #4497, #2051, #1274, #2350 ) ),
 .UNSPECIFIED., .T., .F., .F.,
 ( 4, 1, 1, 1, 1, 2, 2, 2, 1, 1, 1, 1, 4 ),
 ( 4, 4 ),
 ( 0.000000000000000000, 0.01249999999999995559, 0.02499999999999991118, 0.03750000000000008882, 0.05000000000000004441, 0.2500000000000000000, 0.5000000000000000000, 0.7500000000000000000, 0.9499999999999999556, 0.9625000000000000222, 0.9749999999999999778, 0.9875000000000000444, 1.000000000000000000 ),
 ( 0.000000000000000000, 1.000000000000000000 ),
 .UNSPECIFIED. ) ;
#3919 = DIRECTION ( 'NONE',  ( 0.000000000000000000, 0.9038919048786373533, 0.4277609429282533404 ) ) ;
#3920 = CARTESIAN_POINT ( 'NONE',  ( 89.81483668772438023, -41.57527998581220174, -13.86927415689880050 ) ) ;
#3921 = CARTESIAN_POINT ( 'NONE',  ( 83.37632209501050795, -28.47465417230564455, 22.57702359197641684 ) ) ;
#3922 = CARTESIAN_POINT ( 'NONE',  ( 117.4092133991531455, -29.78396864936116017, -30.37440231653549461 ) ) ;
#3923 = CARTESIAN_POINT ( 'NONE',  ( 116.8427573120004297, 2.564997733305851124, -35.00000000000000000 ) ) ;
#3924 = PERSON_AND_ORGANIZATION_ROLE ( 'design_supplier' ) ;
#3925 = EDGE_LOOP ( 'NONE', ( #357, #414 ) ) ;
#3926 = DIRECTION ( 'NONE',  ( 3.290533628671975231E-18, 0.4277609429282532849, 0.9038919048786375754 ) ) ;
#3927 = CARTESIAN_POINT ( 'NONE',  ( 118.0916708396743076, -23.74514489878799139, -20.59669332744962489 ) ) ;
#3928 = CARTESIAN_POINT ( 'NONE',  ( 130.9356835359310480, 44.07919374448891858, 16.98868443569549669 ) ) ;
#3929 = CARTESIAN_POINT ( 'NONE',  ( 86.56951274435242283, -25.02930858606610798, 27.73837028612912903 ) ) ;
#3930 = CARTESIAN_POINT ( 'NONE',  ( 86.58525161288281424, -29.64672451306125822, 22.42808513709873708 ) ) ;
#3931 = CARTESIAN_POINT ( 'NONE',  ( 118.6954067346216419, -28.66121406745253353, -31.68898590004268101 ) ) ;
#3932 = VERTEX_POINT ( 'NONE', #3291 ) ;
#3933 = CARTESIAN_POINT ( 'NONE',  ( 5.157310616045794660, 7.160678349982252833, -5.394357666520080308 ) ) ;
#3934 = VERTEX_POINT ( 'NONE', #4366 ) ;
#3935 = CARTESIAN_POINT ( 'NONE',  ( 93.40227057913868691, -23.18789769027132053, -27.21738506904586075 ) ) ;
#3936 = CARTESIAN_POINT ( 'NONE',  ( 130.9364270373475563, -47.04492530637441661, -12.20449895847540844 ) ) ;
#3937 = CARTESIAN_POINT ( 'NONE',  ( 13.49062453388675387, 0.000000000000000000, 13.77254560041768627 ) ) ;
#3938 = CARTESIAN_POINT ( 'NONE',  ( 124.1232104093771511, -51.34357717454208370, 63.13447014464579610 ) ) ;
#3939 = CARTESIAN_POINT ( 'NONE',  ( 118.0916708396743076, -23.74514489878799139, -20.59669332744962489 ) ) ;
#3940 = CARTESIAN_POINT ( 'NONE',  ( 130.0000000000001990, 39.22622868398385521, 22.08680587672412443 ) ) ;
#3941 = CARTESIAN_POINT ( 'NONE',  ( 83.23135179509772286, -25.59640962041113355, 25.91065339141632151 ) ) ;
#3942 = CARTESIAN_POINT ( 'NONE',  ( 130.4672503463836222, -39.25253085590082947, -22.12025403932354450 ) ) ;
#3943 = AXIS2_PLACEMENT_3D ( 'NONE', #1627, #3056, #2354 ) ;
#3944 = CARTESIAN_POINT ( 'NONE',  ( 108.1741595565064245, -22.43212658634882928, 21.32881574658820867 ) ) ;
#3945 = AXIS2_PLACEMENT_3D ( 'NONE', #1408, #3609, #3982 ) ;
#3946 = CARTESIAN_POINT ( 'NONE',  ( 85.69241595037128434, -28.02706814040686822, -25.48438180428378885 ) ) ;
#3947 = CARTESIAN_POINT ( 'NONE',  ( 116.8245602592870256, -15.84106595073213342, -32.88790415846283821 ) ) ;
#3948 = ORIENTED_EDGE ( 'NONE', *, *, #502, .T. ) ;
#3949 = VECTOR ( 'NONE', #630, 999.9999999999998863 ) ;
#3950 = CARTESIAN_POINT ( 'NONE',  ( 94.72882392876194046, -20.12111855622422851, 28.71868759393511539 ) ) ;
#3951 = PLANE ( 'NONE',  #2388 ) ;
#3952 = CONICAL_SURFACE ( 'NONE', #2542, 5.800000000000003375, 0.7853981633974489451 ) ;
#3953 = CARTESIAN_POINT ( 'NONE',  ( 0.000000000000000000, 2.473873534356181736, 3.063308152908780890 ) ) ;
#3954 = CARTESIAN_POINT ( 'NONE',  ( 85.79219772952927769, -25.13748094211826967, 27.45077999802570901 ) ) ;
#3955 = CARTESIAN_POINT ( 'NONE',  ( 89.41776587709132684, -30.31164512913244380, 22.50535806679302553 ) ) ;
#3956 = B_SPLINE_SURFACE_WITH_KNOTS ( 'NONE', 3, 3, ( 
 ( #4265, #4547, #317, #4612, #1674, #2773, #3497, #293, #1410, #1720, #3164, #4590 ),
 ( #1388, #1058, #459, #2910, #732, #109, #358, #1482, #436, #3611, #2162, #1530 ),
 ( #4287, #2559, #85, #3984, #3257, #1157, #780, #1457, #2581, #413, #2605, #57 ),
 ( #2212, #32, #3588, #4034, #4340, #829, #1132, #2887, #1083, #389, #4310, #2260 ),
 ( #1786, #2863, #3933, #1104, #3210, #7, #2190, #3636, #1860, #2957, #4009, #758 ),
 ( #2509, #1434, #1837, #1810, #2234, #804, #3285, #3234, #2934, #3311, #2535, #3959 ),
 ( #1510, #4362, #4383, #3660, #1886, #1178, #3681, #479, #130, #1909, #1551, #3331 ),
 ( #914, #2014, #2620, #1969, #2689, #585, #4119, #4486, #1992, #4438, #2339, #2360 ),
 ( #3786, #3440, #1216, #3037, #3762, #237, #2290, #1589, #166, #1659, #490, #1922 ),
 ( #542, #1237, #188, #2712, #3393, #2990, #3088, #4047, #3741, #563, #2664, #4419 ),
 ( #4461, #3346, #1609, #3415, #1260, #888, #211, #1634, #3717, #3065, #4091, #4507 ),
 ( #1287, #512, #3015, #2641, #4142, #840, #936, #2271, #3694, #2314, #142, #1567 ),
 ( #4070, #865, #1944, #3371, #1000, #2448, #1681, #3833, #2384, #1377, #4576, #2736 ),
 ( #650, #344, #4248, #2821, #3808, #1704, #4162, #2758, #609, #3874, #2471, #2083 ),
 ( #3109, #3191, #4186, #1043, #1729, #2801, #1748, #4531, #1307, #4208, #3463, #2064 ),
 ( #3152, #4225, #2780, #2428, #3483, #1327, #1021, #957, #260, #3854, #2040, #980 ),
 ( #3170, #3506, #4596, #3895, #2410, #324, #671, #302, #629, #2105, #281, #3529 ),
 ( #1394, #691, #2125, #3549, #3129, #1770, #4557, #1355, #3940, #2544, #741, #3968 ),
 ( #2243, #420, #370, #3571, #40, #443, #466, #1113, #4619, #2846, #3219, #2173 ),
 ( #4294, #1441, #3668, #94, #2492, #14, #3596, #397, #1869, #1844, #1464, #787 ),
 ( #1517, #765, #1795, #4369, #1420, #2199, #64, #3241, #2871, #1165, #3265, #3917 ),
 ( #3644, #2219, #1893, #3295, #4272, #3994, #1090, #2894, #2517, #1817, #4348, #4318 ),
 ( #3618, #1492, #2588, #2944, #1066, #4016, #2920, #715, #2146, #1141, #2566, #811 ),
 ( #1233, #3010, #4456, #3688, #1210, #4389, #3389, #1964, #117, #1917, #2658, #2356 ),
 ( #206, #1184, #3713, #1536, #137, #2614, #1254, #4481, #4087, #581, #485, #3318 ),
 ( #3058, #3737, #184, #3758, #3340, #2963, #1585, #835, #4065, #2984, #537, #1605 ),
 ( #4434, #858, #1559, #3033, #4042, #2266, #162, #4413, #2636, #2286, #884, #2683 ),
 ( #4113, #506, #1938, #3366, #559, #3782, #2308, #910, #2334, #1988, #3411, #1629 ),
 ( #1282, #2708, #4137, #931, #2034, #1323, #2753, #2442, #2424, #2059, #2798, #605 ),
 ( #4240, #3434, #3868, #1017, #3459, #2776, #1391, #2818, #3105, #1351, #4204, #1303 ),
 ( #667, #4222, #2468, #2101, #1655, #1374, #2378, #277, #256, #953, #1724, #4525 ),
 ( #1038, #1699, #3892, #3124, #4181, #2732, #3802, #975, #2009, #1676, #231, #4503 ),
 ( #2406, #3083, #4158, #3827, #995, #4550, #1744, #3526, #625, #3478, #3849, #645 ),
 ( #2079, #3500, #296, #3148, #4573, #321, #3167, #4593, #2584, #2488, #688, #3567 ),
 ( #1107, #2193, #1136, #1061, #2122, #3592, #2842, #1437, #362, #2538, #3964, #2166 ),
 ( #2866, #3913, #3614, #3545, #4268, #392, #341, #1767, #3214, #2562, #1813, #3987 ),
 ( #710, #4344, #1840, #2890, #10, #3237, #761, #416, #783, #2142, #3187, #35 ),
 ( #4290, #1789, #3260, #60, #1460, #4313, #1086, #2512, #1485, #4615, #3936, #2913 ),
 ( #1413, #735, #2215, #3639, #439, #1863, #3288, #89, #1513, #2938, #4365, #1160 ),
 ( #3359, #3382, #1620, #4429, #4385, #2959, #4060, #4449, #4471, #500, #4012, #2237 ),
 ( #1553, #155, #3683, #831, #3048, #4102, #1889, #4036, #3333, #132, #1246, #1228 ),
 ( #1205, #1580, #900, #1932, #1180, #3751, #807, #3005, #4080, #2631, #2607, #551 ),
 ( #3314, #2651, #3729, #876, #2281, #176, #2300, #481, #1598, #852, #1272, #3706 ),
 ( #527, #1911, #2262, #3663, #1957, #462, #3026, #2977, #112, #4407, #2673, #1532 ),
 ( #2327, #1980, #3402, #198, #572, #2700, #2348, #3773, #4130, #924, #2699, #526 ),
 ( #966, #247, #3451, #3004, #2326, #154, #3381, #4428, #3075, #3097, #1271, #3818 ) ),
 .UNSPECIFIED., .T., .F., .F.,
 ( 4, 1, 1, 1, 1, 1, 1, 1, 1, 1, 2, 1, 1, 1, 1, 1, 1, 1, 1, 1, 2, 1, 1, 1, 1, 1, 1, 1, 1, 1, 2, 1, 1, 1, 1, 1, 1, 1, 1, 1, 4 ),
 ( 4, 1, 1, 1, 1, 1, 3, 4 ),
 ( 0.000000000000000000, 0.03124985069238214383, 0.06249970138476428766, 0.09374955207714638639, 0.1249994027695285753, 0.1562492534619106255, 0.1874991041542927728, 0.2031240295004839713, 0.2187489548466749201, 0.2343738801928660909, 0.2499988055390571506, 0.2656238801928660909, 0.2812489548466750033, 0.2968740295004839158, 0.3124991041542928838, 0.3437492534619107087, 0.3749994027695285892, 0.4062495520771464141, 0.4374997013847642391, 0.4687498506923821751, 0.5000000000000000000, 0.5312498506923821751, 0.5624997013847642391, 0.5937495520771464141, 0.6249994027695287002, 0.6562492534619108753, 0.6874991041542929393, 0.7031240295004839158, 0.7187489548466750033, 0.7343738801928660909, 0.7499988055390571784, 0.7656238801928660909, 0.7812489548466750033, 0.7968740295004839158, 0.8124991041542928283, 0.8437492534619106532, 0.8749994027695285892, 0.9062495520771465252, 0.9374997013847643501, 0.9687498506923821751, 1.000000000000000000 ),
 ( 0.000000000000000000, 0.1551878047637694769, 0.2025987217827178721, 0.4439413425887341891, 0.4983590044642870476, 0.7166075129374946950, 1.000000000000000000, 1.010000000000000009 ),
 .UNSPECIFIED. ) ;
#3957 = DIRECTION ( 'NONE',  ( -3.290533628671975231E-18, -0.4277609429282532849, -0.9038919048786373533 ) ) ;
#3958 = ORIENTED_EDGE ( 'NONE', *, *, #3882, .T. ) ;
#3959 = CARTESIAN_POINT ( 'NONE',  ( 131.3993177617877848, 32.42718045987659536, -27.05338242455824016 ) ) ;
#3960 = ORIENTED_EDGE ( 'NONE', *, *, #2250, .T. ) ;
#3961 = EDGE_CURVE ( 'NONE', #3680, #1096, #100, .T. ) ;
#3962 = LOCAL_TIME ( 11, 40, 13.00000000000000000, #285 ) ;
#3963 = CARTESIAN_POINT ( 'NONE',  ( 106.9548436201405366, -32.69116452189336286, 23.72048183666491994 ) ) ;
#3964 = CARTESIAN_POINT ( 'NONE',  ( 130.9372043342831944, -50.03417758307752905, -1.410068111271434610 ) ) ;
#3965 = CARTESIAN_POINT ( 'NONE',  ( 2.595098964619801940, -2.922531635494954205, 5.738002218732235704 ) ) ;
#3966 = DIRECTION ( 'NONE',  ( -3.290533628671976386E-18, -0.4277609429282533404, 0.9038919048786374644 ) ) ;
#3967 = CARTESIAN_POINT ( 'NONE',  ( 138.5768527366467708, -44.94415649272799129, -65.88074841247119195 ) ) ;
#3968 = CARTESIAN_POINT ( 'NONE',  ( 131.4017510391517192, 39.30513438939772897, 22.18714947278250094 ) ) ;
#3969 = DIRECTION ( 'NONE',  ( 0.000000000000000000, 0.9038919048786387966, -0.4277609429282502318 ) ) ;
#3970 = CARTESIAN_POINT ( 'NONE',  ( 129.9999999999993463, -24.73805695252866244, -30.63195096071349965 ) ) ;
#3971 = ORIENTED_EDGE ( 'NONE', *, *, #1146, .T. ) ;
#3972 = CARTESIAN_POINT ( 'NONE',  ( 101.3732104093771511, -23.92274785602176479, -22.72529784438593836 ) ) ;
#3973 = ADVANCED_FACE ( 'NONE', ( #4153 ), #3454, .T. ) ;
#3974 = CARTESIAN_POINT ( 'NONE',  ( 110.5536053833708365, -31.85955183769021559, -24.74645265875627587 ) ) ;
#3975 = APPROVAL_STATUS ( 'not_yet_approved' ) ;
#3976 = EDGE_LOOP ( 'NONE', ( #259, #6, #423, #584 ) ) ;
#3977 = CARTESIAN_POINT ( 'NONE',  ( 78.46827431077113602, -19.15281739694411201, 26.67259247041489445 ) ) ;
#3978 = CARTESIAN_POINT ( 'NONE',  ( 82.89179007587998171, -26.41223517897457640, 25.06083785404807074 ) ) ;
#3979 = CARTESIAN_POINT ( 'NONE',  ( 130.4685683716224958, 49.77560120515151709, -4.216420762407032008 ) ) ;
#3980 = CARTESIAN_POINT ( 'NONE',  ( 115.7457421653306824, -25.61614095636921462, 28.85390076307343321 ) ) ;
#3981 = CARTESIAN_POINT ( 'NONE',  ( 121.1491945785553241, -25.36405093875436734, -29.42660632070452564 ) ) ;
#3982 = DIRECTION ( 'NONE',  ( -0.8941571718012726322, -0.4477532268073000643, 0.000000000000000000 ) ) ;
#3983 = VERTEX_POINT ( 'NONE', #1624 ) ;
#3984 = CARTESIAN_POINT ( 'NONE',  ( 13.98690629757352788, 3.224254192620830128, -13.60264213475799089 ) ) ;
#3985 = ORIENTED_EDGE ( 'NONE', *, *, #513, .F. ) ;
#3986 = LINE ( 'NONE', #2583, #3356 ) ;
#3987 = CARTESIAN_POINT ( 'NONE',  ( 131.4057051148680557, -49.81040759565577503, -4.240008153995372453 ) ) ;
#3988 = DIRECTION ( 'NONE',  ( -1.000000000000000000, 0.000000000000000000, 0.000000000000000000 ) ) ;
#3989 = EDGE_CURVE ( 'NONE', #1123, #1873, #3119, .T. ) ;
#3990 = CARTESIAN_POINT ( 'NONE',  ( 73.62321040937716532, -39.14103645868046755, -68.90924287417722383 ) ) ;
#3991 = CARTESIAN_POINT ( 'NONE',  ( 118.0916708396743076, -23.84491920071809190, -20.54947579043743389 ) ) ;
#3992 = B_SPLINE_CURVE_WITH_KNOTS ( 'NONE', 3,
 ( #810, #1867, #1892, #739, #395, #3294, #2612, #2218, #38, #2265 ),
 .UNSPECIFIED., .F., .F.,
 ( 4, 2, 2, 2, 4 ),
 ( 0.5000000000000000000, 0.6250000000000000000, 0.7500000000000000000, 0.8750000000000000000, 1.000000000000000000 ),
 .UNSPECIFIED. ) ;
#3993 = EDGE_CURVE ( 'NONE', #2353, #759, #3430, .T. ) ;
#3994 = CARTESIAN_POINT ( 'NONE',  ( 44.42260250945874134, 5.422142659309486135, 24.39985062864667142 ) ) ;
#3995 = CARTESIAN_POINT ( 'NONE',  ( 113.6732104093771625, -24.60066678471608626, 22.40447713717301781 ) ) ;
#3996 = CARTESIAN_POINT ( 'NONE',  ( 0.000000000000000000, -3.922680848140412291, -2.208651666413133707 ) ) ;
#3997 = VERTEX_POINT ( 'NONE', #2727 ) ;
#3998 = CARTESIAN_POINT ( 'NONE',  ( 123.3232104093771540, -18.36698806476008983, -23.14187093787273142 ) ) ;
#3999 = CARTESIAN_POINT ( 'NONE',  ( 106.7051379212084612, -31.93937592759694866, -24.17277202673557923 ) ) ;
#4000 = DATE_AND_TIME ( #3696, #3742 ) ;
#4001 = ORIENTED_EDGE ( 'NONE', *, *, #3156, .T. ) ;
#4002 = CARTESIAN_POINT ( 'NONE',  ( 113.6732104093771625, -24.60066678471608981, -22.40447713717301781 ) ) ;
#4003 = CARTESIAN_POINT ( 'NONE',  ( 118.4499440723211592, -29.37600761128159377, 31.05587701080546026 ) ) ;
#4004 = CARTESIAN_POINT ( 'NONE',  ( 92.93658726354304633, 47.56355878076121968, 3.255739634032611463 ) ) ;
#4005 = CARTESIAN_POINT ( 'NONE',  ( 117.8102653802159381, -26.55907506965282394, 28.62985885734232738 ) ) ;
#4006 = CARTESIAN_POINT ( 'NONE',  ( 83.98492850624921857, -22.06684322013938626, -26.24431987670802258 ) ) ;
#4007 = CARTESIAN_POINT ( 'NONE',  ( 99.16471303150633787, -25.95650464203404084, -21.76283572278064327 ) ) ;
#4008 = ORIENTED_EDGE ( 'NONE', *, *, #3899, .F. ) ;
#4009 = CARTESIAN_POINT ( 'NONE',  ( 130.9312563229487978, 24.80341593141958967, -30.67136704793027491 ) ) ;
#4010 = VERTEX_POINT ( 'NONE', #290 ) ;
#4011 = CARTESIAN_POINT ( 'NONE',  ( 99.26854159886420348, -25.18658089901036590, -20.13592739887205241 ) ) ;
#4012 = CARTESIAN_POINT ( 'NONE',  ( 130.9345006927680402, -39.27883248759326307, -22.15370160742964956 ) ) ;
#4013 = LINE ( 'NONE', #1933, #1498 ) ;
#4014 = CARTESIAN_POINT ( 'NONE',  ( 106.9548436201405366, -32.69116452189336286, -23.72048183666491994 ) ) ;
#4015 = CARTESIAN_POINT ( 'NONE',  ( 125.0400672494144061, -39.95649474031795023, -54.27590719664459584 ) ) ;
#4016 = CARTESIAN_POINT ( 'NONE',  ( 43.68083218481485375, 1.675473198544930931, 24.71518654164717432 ) ) ;
#4017 = CARTESIAN_POINT ( 'NONE',  ( 82.65183847757938906, -25.90706901628210446, 25.16500593539285191 ) ) ;
#4018 = CARTESIAN_POINT ( 'NONE',  ( 66.46708934496464849, -41.25705741015095640, 5.105872475494336094 ) ) ;
#4019 = ORIENTED_EDGE ( 'NONE', *, *, #853, .T. ) ;
#4020 = DIRECTION ( 'NONE',  ( -2.974286709687527133E-18, 0.000000000000000000, 1.000000000000000000 ) ) ;
#4021 = CARTESIAN_POINT ( 'NONE',  ( 98.98362688264731446, -31.60474433345268608, -23.24809736997101339 ) ) ;
#4022 = AXIS2_PLACEMENT_3D ( 'NONE', #2814, #4570, #4523 ) ;
#4023 = EDGE_CURVE ( 'NONE', #1742, #2807, #3494, .T. ) ;
#4024 = VECTOR ( 'NONE', #738, 999.9999999999998863 ) ;
#4025 = DIRECTION ( 'NONE',  ( 1.000000000000000000, -1.407561767737851108E-18, -2.974286709687527133E-18 ) ) ;
#4026 = CARTESIAN_POINT ( 'NONE',  ( 115.3175086501907316, -30.23815220242106250, 29.65580195100627137 ) ) ;
#4027 = CARTESIAN_POINT ( 'NONE',  ( 0.000000000000000000, 4.869741587150354434, 0.8290359988406459379 ) ) ;
#4028 = AXIS2_PLACEMENT_3D ( 'NONE', #3392, #3108, #913 ) ;
#4029 = ADVANCED_FACE ( 'NONE', ( #2770 ), #3406, .F. ) ;
#4030 = CARTESIAN_POINT ( 'NONE',  ( 114.0680261112641318, -25.12911548073050128, 28.89784679422504254 ) ) ;
#4031 = CARTESIAN_POINT ( 'NONE',  ( 93.87321040937715111, -28.98771794715566941, -18.11567985843186435 ) ) ;
#4032 = CARTESIAN_POINT ( 'NONE',  ( 120.8000347057068211, -29.74211193665987096, 27.22924938948603923 ) ) ;
#4033 = ORIENTED_EDGE ( 'NONE', *, *, #3619, .T. ) ;
#4034 = CARTESIAN_POINT ( 'NONE',  ( 15.84796291139917912, 7.399040918917531684, -12.87550021994285210 ) ) ;
#4035 = LINE ( 'NONE', #2261, #144 ) ;
#4036 = CARTESIAN_POINT ( 'NONE',  ( 116.7814619765428716, -31.46972986994565957, -26.16320898055604616 ) ) ;
#4037 = AXIS2_PLACEMENT_3D ( 'NONE', #2637, #3011, #3783 ) ;
#4038 = CARTESIAN_POINT ( 'NONE',  ( 73.64364448616547065, -30.00756279391402614, -19.43365843431405438 ) ) ;
#4039 = CARTESIAN_POINT ( 'NONE',  ( 84.73823256620012501, -29.04602289790772218, -22.47107350037987672 ) ) ;
#4040 = VECTOR ( 'NONE', #3577, 1000.000000000000000 ) ;
#4041 = CARTESIAN_POINT ( 'NONE',  ( 139.3805854085466081, -45.09849103079875476, -65.80771059990173910 ) ) ;
#4042 = CARTESIAN_POINT ( 'NONE',  ( 27.83312497149474041, -15.06310365413993146, 14.61505089214321984 ) ) ;
#4043 = CARTESIAN_POINT ( 'NONE',  ( 116.8389263535342053, 7.812741146789260682, 34.60576119809061169 ) ) ;
#4044 = CARTESIAN_POINT ( 'NONE',  ( 4.897582507596370149, -10.46632597721892211, 0.6241575854733607542 ) ) ;
#4045 = ORIENTED_EDGE ( 'NONE', *, *, #4325, .F. ) ;
#4046 = CARTESIAN_POINT ( 'NONE',  ( 99.16471303150633787, -23.24482892739813167, 23.04611855156539946 ) ) ;
#4047 = CARTESIAN_POINT ( 'NONE',  ( 116.7250750566212361, 48.17102452521603340, -7.702923699309998540 ) ) ;
#4048 = ADVANCED_FACE ( 'NONE', ( #271 ), #949, .F. ) ;
#4049 = CARTESIAN_POINT ( 'NONE',  ( 106.5345537689766502, -29.82299270371999356, -25.52799665601995116 ) ) ;
#4050 = EDGE_CURVE ( 'NONE', #1481, #2404, #2030, .T. ) ;
#4051 = CARTESIAN_POINT ( 'NONE',  ( 117.1549777272469157, -31.47449815811093643, 37.97731149734178047 ) ) ;
#4052 = CARTESIAN_POINT ( 'NONE',  ( 113.6732104093771625, -28.98771794715569783, 18.11567985843187500 ) ) ;
#4053 = CARTESIAN_POINT ( 'NONE',  ( 130.0000000000000000, 50.00000000000000000, 1.401658594864815033 ) ) ;
#4054 = B_SPLINE_CURVE_WITH_KNOTS ( 'NONE', 3,
 ( #1011, #970, #4521, #640, #1386, #1718 ),
 .UNSPECIFIED., .F., .F.,
 ( 4, 2, 4 ),
 ( 0.001147904658580896353, 0.007097475515344204601, 0.01304704637210751285 ),
 .UNSPECIFIED. ) ;
#4055 = CARTESIAN_POINT ( 'NONE',  ( 116.8825832558427749, -26.05290615135649901, 28.77143853341676305 ) ) ;
#4056 = CARTESIAN_POINT ( 'NONE',  ( 89.51383541642240971, -21.08076655920842413, -27.56721246660972469 ) ) ;
#4057 = CARTESIAN_POINT ( 'NONE',  ( 118.7722181402755126, -29.02774036655646128, 31.59273091766915442 ) ) ;
#4058 = VERTEX_POINT ( 'NONE', #969 ) ;
#4059 = CARTESIAN_POINT ( 'NONE',  ( 117.8102653802159381, -26.55907506965282394, -28.62985885734232738 ) ) ;
#4060 = CARTESIAN_POINT ( 'NONE',  ( 87.27387691670915615, -36.58740382825319415, -18.54019239833984756 ) ) ;
#4061 = DIRECTION ( 'NONE',  ( 0.000000000000000000, 0.9038919048786373533, 0.4277609429282531739 ) ) ;
#4062 = DIRECTION ( 'NONE',  ( -3.290533628671975231E-18, -0.4277609429282532849, -0.9038919048786373533 ) ) ;
#4063 = ORIENTED_EDGE ( 'NONE', *, *, #2589, .F. ) ;
#4064 = CARTESIAN_POINT ( 'NONE',  ( 117.2885213662698476, -31.67449508834421934, -37.88266425578822805 ) ) ;
#4065 = CARTESIAN_POINT ( 'NONE',  ( 130.0000000000004832, -16.70194809373165512, 33.17440851663061352 ) ) ;
#4066 = CARTESIAN_POINT ( 'NONE',  ( 2.190032415392462184, 0.000000000000000000, 6.158470319802441750 ) ) ;
#4067 = CARTESIAN_POINT ( 'NONE',  ( 92.33764674608976009, -46.44170871541001588, -6.548524203271566257 ) ) ;
#4068 = ORIENTED_EDGE ( 'NONE', *, *, #450, .T. ) ;
#4069 = DIRECTION ( 'NONE',  ( 0.000000000000000000, 0.9416207588706305698, -0.3366754319279889884 ) ) ;
#4070 = CARTESIAN_POINT ( 'NONE',  ( 0.000000000000000000, 5.000000000000000000, 0.1401658592245201840 ) ) ;
#4071 = CARTESIAN_POINT ( 'NONE',  ( 80.61900847498422706, -25.58100623249015371, 23.79430384429145917 ) ) ;
#4072 = CARTESIAN_POINT ( 'NONE',  ( 90.13098277037555306, -30.50321985341679110, 38.43696261405080605 ) ) ;
#4073 = CARTESIAN_POINT ( 'NONE',  ( 99.37226126224790335, -22.43212658634882928, -21.32881574658820156 ) ) ;
#4074 = CARTESIAN_POINT ( 'NONE',  ( 131.4046405560208086, 47.06497002927820006, 12.23151824948702071 ) ) ;
#4075 = CARTESIAN_POINT ( 'NONE',  ( 118.7757540856992051, -28.96703541098710843, 31.63095122352649469 ) ) ;
#4076 = CARTESIAN_POINT ( 'NONE',  ( 80.89989233079477060, -24.14568705959448636, -24.64423373408653006 ) ) ;
#4077 = CARTESIAN_POINT ( 'NONE',  ( 121.6570899551336566, -28.78247732310905960, 27.83254527896496455 ) ) ;
#4078 = EDGE_LOOP ( 'NONE', ( #412, #1458, #2279, #2024 ) ) ;
#4079 = FACE_OUTER_BOUND ( 'NONE', #1509, .T. ) ;
#4080 = CARTESIAN_POINT ( 'NONE',  ( 130.0000000000003411, -24.73805695321736309, -30.63195096075187962 ) ) ;
#4081 = CARTESIAN_POINT ( 'NONE',  ( 117.1549777272469157, -32.28483684585429359, -37.59382400366089882 ) ) ;
#4082 = DIRECTION ( 'NONE',  ( 0.000000000000000000, 0.9038919048786369093, 0.4277609429282543951 ) ) ;
#4083 = CARTESIAN_POINT ( 'NONE',  ( 113.6732104093771625, -24.60066678471608626, -22.40447713717301781 ) ) ;
#4084 = ORIENTED_EDGE ( 'NONE', *, *, #2875, .F. ) ;
#4085 = CARTESIAN_POINT ( 'NONE',  ( 112.7681726696171722, -41.10587424988709415, -53.73197084746163199 ) ) ;
#4086 = CARTESIAN_POINT ( 'NONE',  ( 82.65896608261598999, -25.87260489827770726, -25.19530382170071903 ) ) ;
#4087 = CARTESIAN_POINT ( 'NONE',  ( 129.9999999999996021, -8.410036169912887161, 34.67073453028287133 ) ) ;
#4088 = FACE_OUTER_BOUND ( 'NONE', #1852, .T. ) ;
#4089 = CARTESIAN_POINT ( 'NONE',  ( 12.08968467034340044, -16.86769957714969692, 0.2906156157425002773 ) ) ;
#4090 = ORIENTED_EDGE ( 'NONE', *, *, #4050, .F. ) ;
#4091 = CARTESIAN_POINT ( 'NONE',  ( 130.9371367432449063, 49.79300441390208221, -4.228215314657722601 ) ) ;
#4092 = CARTESIAN_POINT ( 'NONE',  ( 93.57275532429069642, -33.25708689423183984, 40.69616129313281050 ) ) ;
#4093 = CARTESIAN_POINT ( 'NONE',  ( 108.3817077872479899, -25.22931103905601447, 20.22621948448696116 ) ) ;
#4094 = CONICAL_SURFACE ( 'NONE', #4242, 5.800000000000003375, 0.7853981633974489451 ) ;
#4095 = CARTESIAN_POINT ( 'NONE',  ( 124.1232104093771227, -22.08608564870091939, -31.00061132816046694 ) ) ;
#4096 = CARTESIAN_POINT ( 'NONE',  ( 87.27387691670904246, 36.58740382825308046, -18.54019239833988664 ) ) ;
#4097 = CARTESIAN_POINT ( 'NONE',  ( 134.6897895703582151, -45.27156291369411178, 65.72580546122077294 ) ) ;
#4098 = DIRECTION ( 'NONE',  ( 0.000000000000000000, 0.4277609429282532849, 0.9038919048786374644 ) ) ;
#4099 = CARTESIAN_POINT ( 'NONE',  ( 117.4092133991495359, -29.78396864936192401, 30.37440231653366851 ) ) ;
#4100 = AXIS2_PLACEMENT_3D ( 'NONE', #2745, #2397, #3047 ) ;
#4101 = CARTESIAN_POINT ( 'NONE',  ( 124.1232104093771937, -21.98628126750228517, 31.03710751532317147 ) ) ;
#4102 = CARTESIAN_POINT ( 'NONE',  ( 55.54915737911443330, -25.65605529369422300, -18.01645654206996383 ) ) ;
#4103 = CARTESIAN_POINT ( 'NONE',  ( 117.5517712539160442, -24.61497829503941048, -20.18505035137833303 ) ) ;
#4104 = AXIS2_PLACEMENT_3D ( 'NONE', #1815, #1891, #1489 ) ;
#4105 = CARTESIAN_POINT ( 'NONE',  ( 82.00015588176958659, -25.78180612268384664, 23.94468806341497924 ) ) ;
#4106 = DIRECTION ( 'NONE',  ( -3.290533628671975231E-18, -0.4277609429282532849, -0.9038919048786373533 ) ) ;
#4107 = EDGE_CURVE ( 'NONE', #3145, #1149, #927, .T. ) ;
#4108 = CARTESIAN_POINT ( 'NONE',  ( 98.93275258025349217, -31.60046303775238030, -23.24293026327996614 ) ) ;
#4109 = ORIENTED_EDGE ( 'NONE', *, *, #817, .F. ) ;
#4110 = CARTESIAN_POINT ( 'NONE',  ( 109.1971438837503854, -38.97613547519667776, -54.73985581859074045 ) ) ;
#4111 = AXIS2_PLACEMENT_3D ( 'NONE', #880, #1914, #3030 ) ;
#4112 = CARTESIAN_POINT ( 'NONE',  ( 82.76586219373821507, -26.25595118227960967, -25.04627887446546453 ) ) ;
#4113 = CARTESIAN_POINT ( 'NONE',  ( 0.000000000000000000, -3.233442260729118445, 2.696813823565395118 ) ) ;
#4114 = EDGE_CURVE ( 'NONE', #8, #3121, #973, .T. ) ;
#4115 = CARTESIAN_POINT ( 'NONE',  ( 130.4644115227923464, 8.431112770401183454, 34.67302722804856074 ) ) ;
#4116 = VECTOR ( 'NONE', #463, 999.9999999999998863 ) ;
#4117 = CARTESIAN_POINT ( 'NONE',  ( 43.30926810620320566, -34.16657714582586181, -3.735808896793937794 ) ) ;
#4118 = ORIENTED_EDGE ( 'NONE', *, *, #3077, .F. ) ;
#4119 = CARTESIAN_POINT ( 'NONE',  ( 89.81483668772457918, 41.57527998581240070, -13.86927415689877030 ) ) ;
#4120 = AXIS2_PLACEMENT_3D ( 'NONE', #2884, #386, #3231 ) ;
#4121 = CARTESIAN_POINT ( 'NONE',  ( 92.34112899834074994, -20.89517028248353725, 28.05389097478841620 ) ) ;
#4122 = EDGE_CURVE ( 'NONE', #1149, #1133, #3809, .T. ) ;
#4123 = CARTESIAN_POINT ( 'NONE',  ( 112.7681726696171722, -38.36121521756554387, 55.03086281600964469 ) ) ;
#4124 = CARTESIAN_POINT ( 'NONE',  ( 99.16471303150633787, -22.51763532442009463, -21.50950231327170670 ) ) ;
#4125 = CARTESIAN_POINT ( 'NONE',  ( 130.9328785078579642, 32.39662803733462937, -27.02497736807246653 ) ) ;
#4126 = CARTESIAN_POINT ( 'NONE',  ( 135.7405809235568768, -44.88248158071678517, 65.90993566193598951 ) ) ;
#4127 = PLANE ( 'NONE',  #2767 ) ;
#4128 = CARTESIAN_POINT ( 'NONE',  ( 118.5767980162486026, -29.28974478903972312, 31.21817814179853556 ) ) ;
#4129 = CARTESIAN_POINT ( 'NONE',  ( 93.87321040937715111, -23.87347318173804922, 20.86786089887932860 ) ) ;
#4130 = CARTESIAN_POINT ( 'NONE',  ( 130.0000000000000000, -2.803317184490408565, -35.00000000000000000 ) ) ;
#4131 = CARTESIAN_POINT ( 'NONE',  ( 73.64364448616547065, -30.00756279391402614, 19.43365843431405438 ) ) ;
#4132 = CARTESIAN_POINT ( 'NONE',  ( 139.3746786733645706, -45.11256657128916459, 65.80104944225678310 ) ) ;
#4133 = DIRECTION ( 'NONE',  ( 0.000000000000000000, -0.9038919048786373533, -0.4277609429282533404 ) ) ;
#4134 = CARTESIAN_POINT ( 'NONE',  ( 119.2792339504767654, -30.57432070493183218, -26.59477921833813241 ) ) ;
#4135 = ORIENTED_EDGE ( 'NONE', *, *, #24, .T. ) ;
#4136 = CARTESIAN_POINT ( 'NONE',  ( 117.1549777272469157, -31.47449815811093643, -37.97731149734178047 ) ) ;
#4137 = CARTESIAN_POINT ( 'NONE',  ( 8.938605554753566551, -12.60242780272437990, 4.144432459937953617 ) ) ;
#4138 = ADVANCED_FACE ( 'NONE', ( #1318 ), #4198, .F. ) ;
#4139 = FACE_BOUND ( 'NONE', #3524, .T. ) ;
#4140 = CARTESIAN_POINT ( 'NONE',  ( 27.83312497149510989, -15.06311182294023077, 14.61505274870729565 ) ) ;
#4141 = CARTESIAN_POINT ( 'NONE',  ( 83.33414338196872961, -26.80982817120239758, -25.15672142183067805 ) ) ;
#4142 = CARTESIAN_POINT ( 'NONE',  ( 44.26631466506144363, 35.26944309773888619, -0.6215901750565867578 ) ) ;
#4143 = CARTESIAN_POINT ( 'NONE',  ( 82.76586219373059805, -26.25595118226899061, -25.04627887446520162 ) ) ;
#4144 = CARTESIAN_POINT ( 'NONE',  ( 124.1232104093771937, -31.10409783159856900, -26.86080979759969267 ) ) ;
#4145 = CARTESIAN_POINT ( 'NONE',  ( 130.9345006927678696, 39.27883248759310675, -22.15370160742970995 ) ) ;
#4146 = CARTESIAN_POINT ( 'NONE',  ( 117.2885213662698476, -32.08483991562101778, 37.68847124521444414 ) ) ;
#4147 = CARTESIAN_POINT ( 'NONE',  ( 123.4294416931208218, -33.44307158673058211, 25.30931952828516529 ) ) ;
#4148 = ORIENTED_EDGE ( 'NONE', *, *, #3961, .F. ) ;
#4149 = CARTESIAN_POINT ( 'NONE',  ( 86.56425591454292601, -29.64111360291700947, 22.42788049214337320 ) ) ;
#4150 = DIRECTION ( 'NONE',  ( 0.000000000000000000, -0.9038919048786373533, -0.4277609429282533404 ) ) ;
#4151 = CARTESIAN_POINT ( 'NONE',  ( 125.1183577332007104, -39.84644367750127003, -54.32798814365455797 ) ) ;
#4152 = CARTESIAN_POINT ( 'NONE',  ( 82.13838682899014998, -25.99755230570797337, 23.84850410357057271 ) ) ;
#4153 = FACE_OUTER_BOUND ( 'NONE', #219, .T. ) ;
#4154 = DIRECTION ( 'NONE',  ( -1.000000000000000000, 0.000000000000000000, 6.870191984066563922E-17 ) ) ;
#4155 = EDGE_LOOP ( 'NONE', ( #2886, #1144, #3123, #1885, #4506 ) ) ;
#4156 = CARTESIAN_POINT ( 'NONE',  ( 139.0048509918063644, -44.95887250599027141, -65.87378415526823972 ) ) ;
#4157 = CARTESIAN_POINT ( 'NONE',  ( 83.58312246472902984, -25.52003693296093800, -26.22478411679668042 ) ) ;
#4158 = CARTESIAN_POINT ( 'NONE',  ( 12.01090769245364243, -16.76639541303489978, 0.8608054725640907900 ) ) ;
#4159 = CARTESIAN_POINT ( 'NONE',  ( 59.99977932697690619, 32.14827566823967686, 14.38711204658772580 ) ) ;
#4160 = CARTESIAN_POINT ( 'NONE',  ( 36.79668298616774536, -26.39915286822503049, 10.26328614245494464 ) ) ;
#4161 = VERTEX_POINT ( 'NONE', #226 ) ;
#4162 = CARTESIAN_POINT ( 'NONE',  ( 92.93658726354320265, 47.56355894079503344, 3.255749796728442558 ) ) ;
#4163 = CARTESIAN_POINT ( 'NONE',  ( 118.6954067346216846, -28.66121406745266498, 31.68898590004275206 ) ) ;
#4164 = EDGE_CURVE ( 'NONE', #2897, #2815, #1366, .T. ) ;
#4165 = CARTESIAN_POINT ( 'NONE',  ( 99.47588834050974071, -22.38930704154162044, -21.23833474180811720 ) ) ;
#4166 = CARTESIAN_POINT ( 'NONE',  ( 51.09853543125247910, 18.74157032516695764, -20.91812178477241702 ) ) ;
#4167 = CARTESIAN_POINT ( 'NONE',  ( 79.65474997908000887, -25.74063093739000152, 19.65234258720577998 ) ) ;
#4168 = DIRECTION ( 'NONE',  ( 1.000000000000000000, -1.407561767737850723E-18, 2.974286709687525977E-18 ) ) ;
#4169 = EDGE_CURVE ( 'NONE', #4546, #437, #3520, .T. ) ;
#4170 = ORIENTED_EDGE ( 'NONE', *, *, #3190, .F. ) ;
#4171 = CARTESIAN_POINT ( 'NONE',  ( 83.10581088906428704, -26.74537996213665281, 23.60395066856885649 ) ) ;
#4172 = DIRECTION ( 'NONE',  ( 0.000000000000000000, 0.9038919048786369093, 0.4277609429282543951 ) ) ;
#4173 = CARTESIAN_POINT ( 'NONE',  ( 134.6897895703582151, -44.99482117670721237, -65.85677168154222727 ) ) ;
#4174 = ADVANCED_FACE ( 'NONE', ( #1080 ), #1101, .F. ) ;
#4175 = CARTESIAN_POINT ( 'NONE',  ( 118.0916708396743076, -23.64537059685788734, 20.64391086446181589 ) ) ;
#4176 = CARTESIAN_POINT ( 'NONE',  ( 93.87321040937715111, -20.32305735543354785, -13.36555808838664916 ) ) ;
#4177 = CARTESIAN_POINT ( 'NONE',  ( 78.46827431077113602, -19.15281739694411201, -26.67259247041489445 ) ) ;
#4178 = ORIENTED_EDGE ( 'NONE', *, *, #711, .F. ) ;
#4179 = DIRECTION ( 'NONE',  ( 0.000000000000000000, 0.9038919048786385746, -0.4277609429282505094 ) ) ;
#4180 = CARTESIAN_POINT ( 'NONE',  ( 81.92949033091611000, -25.55885108797906824, -24.05714481462138821 ) ) ;
#4181 = CARTESIAN_POINT ( 'NONE',  ( 43.30926810620320566, -34.16657714582586181, 3.735808896793937794 ) ) ;
#4182 = VECTOR ( 'NONE', #37, 999.9999999999998863 ) ;
#4183 = CARTESIAN_POINT ( 'NONE',  ( 131.3947553667301236, 16.79308129404237704, 33.20473794008906054 ) ) ;
#4184 = CARTESIAN_POINT ( 'NONE',  ( 63.24502449729327225, -36.75260273470641437, 10.78249181167482540 ) ) ;
#4185 = ORIENTED_EDGE ( 'NONE', *, *, #1134, .T. ) ;
#4186 = CARTESIAN_POINT ( 'NONE',  ( 11.68595265865846144, 16.33706863148150035, 1.662935975679577405 ) ) ;
#4187 = AXIS2_PLACEMENT_3D ( 'NONE', #4544, #2005, #2418 ) ;
#4188 = FACE_OUTER_BOUND ( 'NONE', #2837, .T. ) ;
#4189 =( GEOMETRIC_REPRESENTATION_CONTEXT ( 3 ) GLOBAL_UNCERTAINTY_ASSIGNED_CONTEXT ( ( #3046 ) ) GLOBAL_UNIT_ASSIGNED_CONTEXT ( ( #634, #4563, #3514 ) ) REPRESENTATION_CONTEXT ( 'NONE', 'WORKASPACE' ) );
#4190 = CARTESIAN_POINT ( 'NONE',  ( 117.0590492663240525, -28.51416695669002266, -27.55577731886020487 ) ) ;
#4191 = CARTESIAN_POINT ( 'NONE',  ( 32.31490397883113985, 20.88773987447666869, -12.70912154815672146 ) ) ;
#4192 = ADVANCED_FACE ( 'NONE', ( #2116 ), #3539, .F. ) ;
#4193 = CARTESIAN_POINT ( 'NONE',  ( 74.42321040937716248, -29.12330173281588586, 18.05151571702651125 ) ) ;
#4194 = ORIENTED_EDGE ( 'NONE', *, *, #4585, .F. ) ;
#4195 = DIRECTION ( 'NONE',  ( -8.659560562354979697E-17, -0.3366754319279991470, 0.9416207588706267950 ) ) ;
#4196 = CARTESIAN_POINT ( 'NONE',  ( 93.87321040937715111, -24.60066678471608270, 22.40447713717302136 ) ) ;
#4197 = CARTESIAN_POINT ( 'NONE',  ( 82.20005778390887485, -22.85394936116521336, 25.55215600079160509 ) ) ;
#4198 = CYLINDRICAL_SURFACE ( 'NONE', #2392, 5.500000000000004441 ) ;
#4199 = CARTESIAN_POINT ( 'NONE',  ( 82.52716308583556781, -19.41875968843888955, -27.23454906888656879 ) ) ;
#4200 = ORIENTED_EDGE ( 'NONE', *, *, #999, .F. ) ;
#4201 = CARTESIAN_POINT ( 'NONE',  ( 123.3232104093771824, -21.30515158963326527, 31.22064082669394125 ) ) ;
#4202 = VERTEX_POINT ( 'NONE', #1368 ) ;
#4203 = CARTESIAN_POINT ( 'NONE',  ( 97.71405734770898732, -24.54242974739418059, -30.06700991565954695 ) ) ;
#4204 = CARTESIAN_POINT ( 'NONE',  ( 130.9356835359307354, -44.07919374448863437, 16.98868443569554643 ) ) ;
#4205 = CARTESIAN_POINT ( 'NONE',  ( 131.3993177617877848, 32.42718045987659536, 27.05338242455824016 ) ) ;
#4206 = CARTESIAN_POINT ( 'NONE',  ( 129.9999999999996305, -44.03408421371362635, 16.92405482911923542 ) ) ;
#4207 = CARTESIAN_POINT ( 'NONE',  ( 118.7672422495587625, -29.05014901248934578, -31.57326595986170048 ) ) ;
#4208 = CARTESIAN_POINT ( 'NONE',  ( 130.4684289651070799, 48.71365951725286436, 8.309094667702591863 ) ) ;
#4209 = CARTESIAN_POINT ( 'NONE',  ( 121.4419683005582726, -25.72113919028903695, 29.29544994634931143 ) ) ;
#4210 = CARTESIAN_POINT ( 'NONE',  ( 118.4468835158916278, -27.37710147900660473, -28.25805816756401967 ) ) ;
#4211 = CARTESIAN_POINT ( 'NONE',  ( 116.8044477273400901, 23.81196162818580220, -30.07344364188631403 ) ) ;
#4212 = VERTEX_POINT ( 'NONE', #4307 ) ;
#4213 = CARTESIAN_POINT ( 'NONE',  ( 90.29747252964868665, -24.67813913128945202, -28.75447390658699121 ) ) ;
#4214 = CARTESIAN_POINT ( 'NONE',  ( 125.1362128771300632, -39.73354473372631190, -54.38141683173564189 ) ) ;
#4215 = CARTESIAN_POINT ( 'NONE',  ( 108.8473369259496053, -25.40496514475806933, 31.23036111126662107 ) ) ;
#4216 = CARTESIAN_POINT ( 'NONE',  ( 123.5333387570156276, -33.42958655466003393, -25.32991449207836254 ) ) ;
#4217 = LINE ( 'NONE', #2792, #2914 ) ;
#4218 = ORIENTED_EDGE ( 'NONE', *, *, #3343, .T. ) ;
#4219 = DIRECTION ( 'NONE',  ( 0.000000000000000000, -0.9038919048786373533, 0.4277609429282535070 ) ) ;
#4220 = ORIENTED_EDGE ( 'NONE', *, *, #2447, .F. ) ;
#4221 = CARTESIAN_POINT ( 'NONE',  ( 101.4222839935772527, -24.69020643574329910, -30.54080448699673411 ) ) ;
#4222 = CARTESIAN_POINT ( 'NONE',  ( 4.673729940918086356, -9.800770930146144977, 1.873029678921825036 ) ) ;
#4223 = CARTESIAN_POINT ( 'NONE',  ( 0.000000000000000000, -3.922680848039707513, 2.208651666515998091 ) ) ;
#4224 = CARTESIAN_POINT ( 'NONE',  ( 134.9263493758616903, -45.02224557005400385, -65.84379326643093577 ) ) ;
#4225 = CARTESIAN_POINT ( 'NONE',  ( 4.673729940918082804, 9.800771282946829643, 1.873031465969047460 ) ) ;
#4226 = CARTESIAN_POINT ( 'NONE',  ( 73.62321040937716532, -19.52046272058802856, 25.57925195902972959 ) ) ;
#4227 = CARTESIAN_POINT ( 'NONE',  ( 118.2522973067229799, -27.21962575525588335, -28.28423802279694854 ) ) ;
#4228 = CARTESIAN_POINT ( 'NONE',  ( 116.8389263535346174, 7.812764898930780078, -34.60576158114847090 ) ) ;
#4229 = DATE_AND_TIME ( #2499, #2174 ) ;
#4230 = ORIENTED_EDGE ( 'NONE', *, *, #396, .F. ) ;
#4231 = CARTESIAN_POINT ( 'NONE',  ( 118.0316369584382841, -27.91585499523620939, -31.61307722358285588 ) ) ;
#4232 = DIRECTION ( 'NONE',  ( 1.348150961071065268E-33, -0.9038919048786374644, -0.4277609429282533404 ) ) ;
#4233 = CARTESIAN_POINT ( 'NONE',  ( 83.83086631847720582, -25.47249393746647783, 26.41659442292533200 ) ) ;
#4234 = CARTESIAN_POINT ( 'NONE',  ( 93.21147771869962639, -30.97777866555786730, 22.72597709223910201 ) ) ;
#4235 = DIRECTION ( 'NONE',  ( -3.290533628671975231E-18, -0.4277609429282532849, 0.9038919048786373533 ) ) ;
#4236 = ORIENTED_EDGE ( 'NONE', *, *, #451, .T. ) ;
#4237 = LINE ( 'NONE', #3523, #1939 ) ;
#4238 = VERTEX_POINT ( 'NONE', #2791 ) ;
#4239 = CARTESIAN_POINT ( 'NONE',  ( 85.89046338392125790, -23.67266865171116308, -25.80052090322047675 ) ) ;
#4240 = CARTESIAN_POINT ( 'NONE',  ( 0.000000000000000000, -4.403304394020895352, 1.692557972472425787 ) ) ;
#4241 = EDGE_CURVE ( 'NONE', #3165, #4437, #862, .T. ) ;
#4242 = AXIS2_PLACEMENT_3D ( 'NONE', #2479, #4259, #2070 ) ;
#4243 = ADVANCED_FACE ( 'NONE', ( #3862 ), #4587, .F. ) ;
#4244 = CARTESIAN_POINT ( 'NONE',  ( 2.006231500456003847, -0.5812312314850006656, 5.864981991046377630 ) ) ;
#4245 = CARTESIAN_POINT ( 'NONE',  ( 135.3479979719278958, -44.95897370411300642, -65.87373626391733694 ) ) ;
#4246 = EDGE_CURVE ( 'NONE', #4361, #1742, #777, .T. ) ;
#4247 = EDGE_CURVE ( 'NONE', #1734, #2259, #3678, .T. ) ;
#4248 = CARTESIAN_POINT ( 'NONE',  ( 12.01090769245362999, 16.76639545643025286, 0.8608082283819123992 ) ) ;
#4249 = B_SPLINE_CURVE_WITH_KNOTS ( 'NONE', 3,
 ( #3470, #1364, #2766, #1427, #1076, #4280, #2433, #2808 ),
 .UNSPECIFIED., .F., .F.,
 ( 4, 2, 2, 4 ),
 ( 2.881939084222627117E-17, 0.0003145512501429790207, 0.0006291025002859292016, 0.001258205000571835635 ),
 .UNSPECIFIED. ) ;
#4250 = CARTESIAN_POINT ( 'NONE',  ( 113.6732104093771625, -18.50257185056346287, 23.07770679639959610 ) ) ;
#4251 = AXIS2_PLACEMENT_3D ( 'NONE', #312, #2480, #2502 ) ;
#4252 = CARTESIAN_POINT ( 'NONE',  ( 80.30438725906597597, -21.91170114730473983, -27.05896826497812668 ) ) ;
#4253 = CARTESIAN_POINT ( 'NONE',  ( 108.9765803247052816, -30.76085460468671684, 28.29465290670529143 ) ) ;
#4254 = AXIS2_PLACEMENT_3D ( 'NONE', #531, #3732, #133 ) ;
#4255 = CARTESIAN_POINT ( 'NONE',  ( 118.1931368547637220, -27.29089547077014544, -28.24102754191460463 ) ) ;
#4256 = CARTESIAN_POINT ( 'NONE',  ( 43.68083218481485375, 1.675473198544930931, -24.71518654164717432 ) ) ;
#4257 = DIRECTION ( 'NONE',  ( 1.000000000000000000, 0.000000000000000000, 0.000000000000000000 ) ) ;
#4258 = VERTEX_POINT ( 'NONE', #4425 ) ;
#4259 = DIRECTION ( 'NONE',  ( 0.000000000000000000, 0.4277609429282542286, 0.9038919048786369093 ) ) ;
#4260 = LINE ( 'NONE', #1428, #895 ) ;
#4261 = CARTESIAN_POINT ( 'NONE',  ( 107.0033732834545219, -25.17228138454882824, 31.08685338980500035 ) ) ;
#4262 = CARTESIAN_POINT ( 'NONE',  ( 124.1232104093771227, -32.97248753020547696, -25.68967713509715267 ) ) ;
#4263 = CARTESIAN_POINT ( 'NONE',  ( 118.2505131102046789, -27.44173458960454326, 28.19176405188743573 ) ) ;
#4264 = VERTEX_POINT ( 'NONE', #54 ) ;
#4265 = CARTESIAN_POINT ( 'NONE',  ( 0.000000000000000000, 1.339643116734070064E-06, -3.500000000000000000 ) ) ;
#4266 = ORIENTED_EDGE ( 'NONE', *, *, #2498, .T. ) ;
#4267 = CARTESIAN_POINT ( 'NONE',  ( 103.6475518097073802, -21.06335503678887022, -29.42387103302535678 ) ) ;
#4268 = CARTESIAN_POINT ( 'NONE',  ( 44.07957387308911734, -35.05963119624611579, -1.876276163781540829 ) ) ;
#4269 = CARTESIAN_POINT ( 'NONE',  ( 139.3799326301305541, -45.13319204520066563, -65.79128857138150011 ) ) ;
#4270 = CARTESIAN_POINT ( 'NONE',  ( 74.42321040937716248, -18.36698806476008272, 23.14187093787273142 ) ) ;
#4271 = CARTESIAN_POINT ( 'NONE',  ( 117.5110701777520745, -29.74939769752206331, -30.42724653568808435 ) ) ;
#4272 = CARTESIAN_POINT ( 'NONE',  ( 21.11045646049063507, 4.138934613057652534, 16.82782680763708782 ) ) ;
#4273 = CARTESIAN_POINT ( 'NONE',  ( 87.98846057178060676, -24.86258521962696832, 28.18202886559048181 ) ) ;
#4274 = CARTESIAN_POINT ( 'NONE',  ( 32.31490397883149512, -20.88773393358286512, -12.70911857775771026 ) ) ;
#4275 = CARTESIAN_POINT ( 'NONE',  ( 82.53736990323935174, -26.40259858061393672, 23.69338403099336787 ) ) ;
#4276 = CARTESIAN_POINT ( 'NONE',  ( 118.3537326456311547, -27.22288803272171975, -28.30445456992144670 ) ) ;
#4277 = CARTESIAN_POINT ( 'NONE',  ( 130.4642763407167365, 2.811726703516640224, -35.00000000000000000 ) ) ;
#4278 = APPROVAL_STATUS ( 'not_yet_approved' ) ;
#4279 = ORIENTED_EDGE ( 'NONE', *, *, #1330, .T. ) ;
#4280 = CARTESIAN_POINT ( 'NONE',  ( 73.71150797428644807, -19.14504932660044290, -25.76978120451224186 ) ) ;
#4281 = CARTESIAN_POINT ( 'NONE',  ( 99.47588834050974071, -22.38930704154162044, -21.23833474180811720 ) ) ;
#4282 = CARTESIAN_POINT ( 'NONE',  ( 63.24502449729363462, 36.75259991991021025, 10.78248521259642345 ) ) ;
#4283 = CARTESIAN_POINT ( 'NONE',  ( 92.22147544672183983, -24.58362735276883981, 29.15513478692961158 ) ) ;
#4284 = DIRECTION ( 'NONE',  ( 3.290533628671976001E-18, 0.4277609429282533404, -0.9038919048786373533 ) ) ;
#4285 = CARTESIAN_POINT ( 'NONE',  ( 101.3732104093771511, -22.21170408430874943, 19.10973022487138806 ) ) ;
#4286 = ORIENTED_EDGE ( 'NONE', *, *, #3628, .F. ) ;
#4287 = CARTESIAN_POINT ( 'NONE',  ( 0.000000000000000000, 0.8411391472904639066, -3.467302228025641142 ) ) ;
#4288 = ORIENTED_EDGE ( 'NONE', *, *, #3763, .F. ) ;
#4289 = CARTESIAN_POINT ( 'NONE',  ( 85.42080363930645603, -25.19458913571650882, -27.29729630727453937 ) ) ;
#4290 = CARTESIAN_POINT ( 'NONE',  ( 0.000000000000000000, -4.700487605611238351, -1.214892451353362990 ) ) ;
#4291 = CARTESIAN_POINT ( 'NONE',  ( 129.9999999999997726, -16.70194809206813602, 33.17440851660807510 ) ) ;
#4292 = CARTESIAN_POINT ( 'NONE',  ( 90.64457155269711564, -31.76346730921406802, -21.76018598782222213 ) ) ;
#4293 = DIRECTION ( 'NONE',  ( 1.348150961071065268E-33, -0.9038919048786374644, 0.4277609429282533404 ) ) ;
#4294 = CARTESIAN_POINT ( 'NONE',  ( 0.000000000000000000, 2.473873534006945096, 3.063308152932332717 ) ) ;
#4295 = LINE ( 'NONE', #3572, #1119 ) ;
#4296 = CARTESIAN_POINT ( 'NONE',  ( 130.4664392539296784, -32.36607734562523575, -26.99657317676596691 ) ) ;
#4297 = DIRECTION ( 'NONE',  ( 0.000000000000000000, 0.9038919048786377974, -0.4277609429282521192 ) ) ;
#4298 = CARTESIAN_POINT ( 'NONE',  ( 82.53854614624836472, -28.01287941462080866, -22.70665075988253179 ) ) ;
#4299 = CARTESIAN_POINT ( 'NONE',  ( 0.000000000000000000, -1.670036308073700848, -3.317257051284884461 ) ) ;
#4300 = EDGE_CURVE ( 'NONE', #120, #339, #1224, .T. ) ;
#4301 = APPROVAL_DATE_TIME ( #4229, #4392 ) ;
#4302 = ORIENTED_EDGE ( 'NONE', *, *, #3763, .T. ) ;
#4303 = CARTESIAN_POINT ( 'NONE',  ( 82.83358337306890462, -25.72109232209215079, -25.47187050183127965 ) ) ;
#4304 = CARTESIAN_POINT ( 'NONE',  ( 93.07820806486353149, -29.78644558356046090, 26.15277894160689343 ) ) ;
#4305 = CARTESIAN_POINT ( 'NONE',  ( 130.0000000000003411, 44.03408421382766846, 16.92405482931946281 ) ) ;
#4306 = CARTESIAN_POINT ( 'NONE',  ( 96.00250861117258694, -20.79851081442641458, 28.59339459237782677 ) ) ;
#4307 = CARTESIAN_POINT ( 'NONE',  ( 118.6954067346216846, -28.66121406745266498, 31.68898590004275206 ) ) ;
#4308 = CARTESIAN_POINT ( 'NONE',  ( 113.6732104093771625, -23.74514489885957857, -20.59669332741573555 ) ) ;
#4309 = ORIENTED_EDGE ( 'NONE', *, *, #1259, .F. ) ;
#4310 = CARTESIAN_POINT ( 'NONE',  ( 130.9298369111534441, 16.76270356060551237, -33.19462813226960662 ) ) ;
#4311 = EDGE_LOOP ( 'NONE', ( #4286, #3095, #1943, #446 ) ) ;
#4312 = CARTESIAN_POINT ( 'NONE',  ( 118.7967702350107260, -23.79849439097078800, -29.87903295599393871 ) ) ;
#4313 = CARTESIAN_POINT ( 'NONE',  ( 65.28489289006381568, -39.61616420385490045, -7.603036229402901469 ) ) ;
#4314 = EDGE_CURVE ( 'NONE', #2202, #4493, #2954, .T. ) ;
#4315 = CARTESIAN_POINT ( 'NONE',  ( 130.4642763407167365, -2.811726703516648662, 35.00000000000000000 ) ) ;
#4316 = LINE ( 'NONE', #2169, #4024 ) ;
#4317 = CARTESIAN_POINT ( 'NONE',  ( 117.3189776973625129, -31.94848988441090754, -37.75299800732386046 ) ) ;
#4318 = CARTESIAN_POINT ( 'NONE',  ( 131.3932345683778635, 8.473263460978619932, 34.67761258304356886 ) ) ;
#4319 = CARTESIAN_POINT ( 'NONE',  ( 85.75336543334290695, -25.14351395778414755, 27.43592507960611471 ) ) ;
#4320 = CARTESIAN_POINT ( 'NONE',  ( 42.11879555737944969, -32.76459073064090433, -5.522950294782393854 ) ) ;
#4321 = CIRCLE ( 'NONE', #3650, 5.500000000000004441 ) ;
#4322 = ORIENTED_EDGE ( 'NONE', *, *, #1849, .F. ) ;
#4323 = DIRECTION ( 'NONE',  ( -3.290533628671975616E-18, -0.4277609429282532849, -0.9038919048786374644 ) ) ;
#4324 = CIRCLE ( 'NONE', #2905, 5.500000000000004441 ) ;
#4325 = EDGE_CURVE ( 'NONE', #623, #2774, #3261, .T. ) ;
#4326 = CARTESIAN_POINT ( 'NONE',  ( 83.42176305749295295, -26.87875178090310868, -25.17594289278714470 ) ) ;
#4327 = VERTEX_POINT ( 'NONE', #4380 ) ;
#4328 = VECTOR ( 'NONE', #3530, 999.9999999999998863 ) ;
#4329 = CARTESIAN_POINT ( 'NONE',  ( 125.1183577332007104, -39.84644367750127003, 54.32798814365455797 ) ) ;
#4330 = EDGE_CURVE ( 'NONE', #86, #2508, #1175, .T. ) ;
#4331 = CARTESIAN_POINT ( 'NONE',  ( 113.6732104093771625, -18.96721949811559682, 14.00719950277902548 ) ) ;
#4332 = AXIS2_PLACEMENT_3D ( 'NONE', #1959, #3315, #2263 ) ;
#4333 = CARTESIAN_POINT ( 'NONE',  ( 131.4058065014247632, 50.05126637461628292, -1.414272870784560654 ) ) ;
#4334 = EDGE_CURVE ( 'NONE', #2815, #3740, #1278, .T. ) ;
#4335 = CARTESIAN_POINT ( 'NONE',  ( 115.4704397275563679, -26.76698470557403553, 31.55650219858957684 ) ) ;
#4336 = CARTESIAN_POINT ( 'NONE',  ( 120.4473479166883294, -24.72482452805139985, -29.64053613155455125 ) ) ;
#4337 = PRODUCT_DEFINITION_SHAPE ( 'NONE', 'NONE',  #1363 ) ;
#4338 = CARTESIAN_POINT ( 'NONE',  ( 101.3732104093771511, -21.67889521275150599, -12.72391667399426574 ) ) ;
#4339 = VERTEX_POINT ( 'NONE', #1977 ) ;
#4340 = CARTESIAN_POINT ( 'NONE',  ( 23.91156834007576037, 9.350636311289187930, -15.98831873964048533 ) ) ;
#4341 = ORIENTED_EDGE ( 'NONE', *, *, #3274, .T. ) ;
#4342 = AXIS2_PLACEMENT_3D ( 'NONE', #943, #3094, #1688 ) ;
#4343 = CARTESIAN_POINT ( 'NONE',  ( 120.0760542501194408, -24.47149139637021165, -29.71436076993525432 ) ) ;
#4344 = CARTESIAN_POINT ( 'NONE',  ( 4.809640427829894982, -10.20805195618177841, -1.256106287931075149 ) ) ;
#4345 = DIRECTION ( 'NONE',  ( -1.000000000000000000, 1.407561767737851301E-18, -2.974286709687526747E-18 ) ) ;
#4346 = CARTESIAN_POINT ( 'NONE',  ( 74.42321040937716248, -39.86414998258337761, 68.56703411983463070 ) ) ;
#4347 = CARTESIAN_POINT ( 'NONE',  ( 118.7188461747378909, -28.71058710725024454, 31.69066281775900862 ) ) ;
#4348 = CARTESIAN_POINT ( 'NONE',  ( 130.9288230455853466, 8.452187698498196511, 34.67531989879422127 ) ) ;
#4349 = CARTESIAN_POINT ( 'NONE',  ( 108.3817077872479899, -18.96721949811559682, -14.00719950277902548 ) ) ;
#4350 = CARTESIAN_POINT ( 'NONE',  ( 24.40882333499675028, -21.28581870270520326, -8.100441100275796558 ) ) ;
#4351 = ORIENTED_EDGE ( 'NONE', *, *, #1745, .F. ) ;
#4352 = LINE ( 'NONE', #3300, #2826 ) ;
#4353 = CARTESIAN_POINT ( 'NONE',  ( 83.67732762369712418, -27.05482510729614276, -25.22850695749578165 ) ) ;
#4354 = ORIENTED_EDGE ( 'NONE', *, *, #2446, .F. ) ;
#4355 = CARTESIAN_POINT ( 'NONE',  ( 82.67143536913052060, -25.83486144092772818, -25.23328904521278560 ) ) ;
#4356 = CARTESIAN_POINT ( 'NONE',  ( 111.0869244500318871, -30.67286593755774504, 28.68634639485447835 ) ) ;
#4357 = CARTESIAN_POINT ( 'NONE',  ( 0.000000000000000000, 5.000000000000000000, -0.1401658592245201840 ) ) ;
#4358 = CARTESIAN_POINT ( 'NONE',  ( 121.1612922089686180, -25.37810763485910925, 29.42150495540446542 ) ) ;
#4359 = CARTESIAN_POINT ( 'NONE',  ( 115.1122173869368766, -22.63499963196358422, -30.00567631280758718 ) ) ;
#4360 = CARTESIAN_POINT ( 'NONE',  ( 124.1232104093771937, -21.98628126750228517, -31.03710751532317147 ) ) ;
#4361 = VERTEX_POINT ( 'NONE', #921 ) ;
#4362 = CARTESIAN_POINT ( 'NONE',  ( 4.066130117077038086, 7.948461641567989844, -3.558495353620214630 ) ) ;
#4363 = ORIENTED_EDGE ( 'NONE', *, *, #2513, .T. ) ;
#4364 = CARTESIAN_POINT ( 'NONE',  ( 118.1067118453402571, -27.96485206057594297, -31.61603780741288716 ) ) ;
#4365 = CARTESIAN_POINT ( 'NONE',  ( 130.9356835359303659, -44.07919344025322061, -16.98868372250078096 ) ) ;
#4366 = CARTESIAN_POINT ( 'NONE',  ( 74.42321040937716248, -29.84641525671879236, -17.70930696268391458 ) ) ;
#4367 = DIRECTION ( 'NONE',  ( 1.535862163992218536E-16, 0.9038919048786374644, -0.4277609429282533404 ) ) ;
#4368 = CARTESIAN_POINT ( 'NONE',  ( 117.2885213662698476, -32.08483991562101778, -37.68847124521444414 ) ) ;
#4369 = CARTESIAN_POINT ( 'NONE',  ( 15.84796291139901925, 7.399048688048205591, 12.87550089706521561 ) ) ;
#4370 = CARTESIAN_POINT ( 'NONE',  ( 118.6954067346216419, -28.66121406745253353, -31.68898590004268101 ) ) ;
#4371 = CARTESIAN_POINT ( 'NONE',  ( 67.23203999225361827, -42.30010019038846991, 2.542608884049171181 ) ) ;
#4372 = ORIENTED_EDGE ( 'NONE', *, *, #1360, .F. ) ;
#4373 = PLANE ( 'NONE',  #3509 ) ;
#4374 = EDGE_CURVE ( 'NONE', #2259, #2202, #233, .T. ) ;
#4375 = CARTESIAN_POINT ( 'NONE',  ( 112.0504369723750813, -29.50525080892650820, -26.42438661418839985 ) ) ;
#4376 = CARTESIAN_POINT ( 'NONE',  ( 118.0916708396743076, -23.74514489878799139, 20.59669332744962489 ) ) ;
#4377 = CARTESIAN_POINT ( 'NONE',  ( 118.3112610912560996, -29.44513001238927785, 30.92666649839548043 ) ) ;
#4378 = CARTESIAN_POINT ( 'NONE',  ( 130.4684289651074778, 48.71365955192110420, 8.309095083763658351 ) ) ;
#4379 = CARTESIAN_POINT ( 'NONE',  ( 118.3677333917283079, -27.41665314104630369, 28.24202076744727563 ) ) ;
#4380 = CARTESIAN_POINT ( 'NONE',  ( 108.3817077872479899, -25.22931103905601447, -20.22621948448696116 ) ) ;
#4381 = CARTESIAN_POINT ( 'NONE',  ( 120.6222277360701014, -29.87273756920791712, 27.13811376120045438 ) ) ;
#4382 = ORIENTED_EDGE ( 'NONE', *, *, #1015, .T. ) ;
#4383 = CARTESIAN_POINT ( 'NONE',  ( 8.938605554753545235, 12.60242780272433016, -4.144432459937958058 ) ) ;
#4384 = CARTESIAN_POINT ( 'NONE',  ( 118.5610430892233325, -28.42027471659019611, -31.66668577136494989 ) ) ;
#4385 = CARTESIAN_POINT ( 'NONE',  ( 36.79668298616774536, -26.39915286822503049, -10.26328614245494464 ) ) ;
#4386 = CARTESIAN_POINT ( 'NONE',  ( 113.6732104093771625, -19.62926130788357781, 24.75716232327841126 ) ) ;
#4387 = CARTESIAN_POINT ( 'NONE',  ( 121.6079489672405742, -28.86546640262135810, -27.78417917414491356 ) ) ;
#4388 = CARTESIAN_POINT ( 'NONE',  ( 138.9126709529048469, -44.97940440956902108, -65.86406756594206513 ) ) ;
#4389 = CARTESIAN_POINT ( 'NONE',  ( 43.68083218481485375, -1.675457188323056901, 24.71518654164717432 ) ) ;
#4390 = DIRECTION ( 'NONE',  ( -2.974286709687527903E-18, 0.000000000000000000, 1.000000000000000000 ) ) ;
#4391 = CARTESIAN_POINT ( 'NONE',  ( 116.7201666410861378, -49.51571648649370161, 1.282498866652926228 ) ) ;
#4392 = APPROVAL ( #4278, 'æœª' ) ;
#4393 = ORIENTED_EDGE ( 'NONE', *, *, #4511, .T. ) ;
#4394 = CARTESIAN_POINT ( 'NONE',  ( 113.6732104093771625, -25.95650464203404084, 21.76283572278063971 ) ) ;
#4395 = CARTESIAN_POINT ( 'NONE',  ( 112.6060254711508009, -30.56884981908767074, -28.99404493407113392 ) ) ;
#4396 = AXIS2_PLACEMENT_3D ( 'NONE', #4448, #1619, #1315 ) ;
#4397 = CIRCLE ( 'NONE', #145, 5.500000000000004441 ) ;
#4398 = CARTESIAN_POINT ( 'NONE',  ( 125.0400672494144061, -39.95649474031795023, 54.27590719664459584 ) ) ;
#4399 = CARTESIAN_POINT ( 'NONE',  ( 116.4384262143334894, -30.02914013047386987, 29.99804540266551456 ) ) ;
#4400 = CARTESIAN_POINT ( 'NONE',  ( 116.7250750566212361, 48.17102452521603340, 7.702923699309998540 ) ) ;
#4401 = AXIS2_PLACEMENT_3D ( 'NONE', #2459, #2155, #1383 ) ;
#4402 = CARTESIAN_POINT ( 'NONE',  ( 113.6732104093771625, -18.50257185056348419, -23.07770679639960321 ) ) ;
#4403 = CARTESIAN_POINT ( 'NONE',  ( 96.12309356910165548, -20.79867053427444290, -28.60903231858686979 ) ) ;
#4404 = CARTESIAN_POINT ( 'NONE',  ( 118.1563599565563862, -29.51378908023038861, 30.80774602997900047 ) ) ;
#4405 = ORIENTED_EDGE ( 'NONE', *, *, #845, .T. ) ;
#4406 = CARTESIAN_POINT ( 'NONE',  ( 113.2224571529683601, -22.23703112306231588, -29.97956629084851343 ) ) ;
#4407 = CARTESIAN_POINT ( 'NONE',  ( 130.4644115227926591, -8.431111936017845920, -34.67302721454486658 ) ) ;
#4408 = AXIS2_PLACEMENT_3D ( 'NONE', #3685, #1533, #1913 ) ;
#4409 = CARTESIAN_POINT ( 'NONE',  ( 93.87321040937715111, -23.74514489885957147, -20.59669332741573911 ) ) ;
#4410 = CARTESIAN_POINT ( 'NONE',  ( 83.40354812286685160, -28.48788213296180416, -22.57385117815923437 ) ) ;
#4411 = ORIENTED_EDGE ( 'NONE', *, *, #167, .F. ) ;
#4412 = CARTESIAN_POINT ( 'NONE',  ( 120.6854829490986702, -38.36121521756554387, -55.03086281600964469 ) ) ;
#4413 = CARTESIAN_POINT ( 'NONE',  ( 116.8044477273391095, -23.81194477353716366, 30.07343981138154376 ) ) ;
#4414 = CARTESIAN_POINT ( 'NONE',  ( 2.006231500456003847, 0.000000000000000000, 5.864981991046377630 ) ) ;
#4415 = CARTESIAN_POINT ( 'NONE',  ( 12.01090769245364243, -16.76639541303489978, -0.8608054725640907900 ) ) ;
#4416 = B_SPLINE_CURVE_WITH_KNOTS ( 'NONE', 3,
 ( #2771, #291, #4131, #3775, #3403, #269, #223, #573, #2003, #1692 ),
 .UNSPECIFIED., .F., .F.,
 ( 4, 2, 2, 2, 4 ),
 ( 2.536258270415962346E-16, 0.0003145536213244863491, 0.0006291072426487189949, 0.0009436608639729516948, 0.001258214485297184503 ),
 .UNSPECIFIED. ) ;
#4417 = EDGE_LOOP ( 'NONE', ( #2560, #3779, #3003, #3971 ) ) ;
#4418 = CARTESIAN_POINT ( 'NONE',  ( 93.87321040937715111, -18.50257185056347708, 23.07770679639961742 ) ) ;
#4419 = CARTESIAN_POINT ( 'NONE',  ( 131.4052868953215238, 48.75064993515402278, -8.350416617966715194 ) ) ;
#4420 = CARTESIAN_POINT ( 'NONE',  ( 86.69673427897681961, -21.42431637333287142, 26.98523544320411460 ) ) ;
#4421 = CARTESIAN_POINT ( 'NONE',  ( 117.5517712539160442, -22.87531150253656875, 21.00833630352092030 ) ) ;
#4422 = CARTESIAN_POINT ( 'NONE',  ( -8.810216209892869141E-17, -11.45305539656967397, -24.20119047853855321 ) ) ;
#4423 = CARTESIAN_POINT ( 'NONE',  ( 130.9371367432449063, 49.79300441390208221, 4.228215314657722601 ) ) ;
#4424 = CARTESIAN_POINT ( 'NONE',  ( 124.1232104093771511, -50.62046365063918074, 63.47667889898840343 ) ) ;
#4425 = CARTESIAN_POINT ( 'NONE',  ( 124.1232104093771511, -18.36698806476009338, 23.14187093787273497 ) ) ;
#4426 = CARTESIAN_POINT ( 'NONE',  ( 117.7011221628089004, -29.69078912703208317, 30.51653205153643000 ) ) ;
#4427 = ORIENTED_EDGE ( 'NONE', *, *, #2107, .F. ) ;
#4428 = CARTESIAN_POINT ( 'NONE',  ( 116.8427573120004297, 0.000000000000000000, -35.00000000000000000 ) ) ;
#4429 = CARTESIAN_POINT ( 'NONE',  ( 24.40882333499691370, -21.28582155377094765, -8.100444236572016621 ) ) ;
#4430 = CARTESIAN_POINT ( 'NONE',  ( 82.76586219373061226, -26.25595118226897640, 25.04627887446519807 ) ) ;
#4431 = CARTESIAN_POINT ( 'NONE',  ( -1.278143573239510503E-16, -22.38930704154162044, -21.23833474180811720 ) ) ;
#4432 = EDGE_LOOP ( 'NONE', ( #388, #3799, #3477, #2956 ) ) ;
#4433 = CARTESIAN_POINT ( 'NONE',  ( 139.3746786733645706, -45.11256657128916459, -65.80104944225678310 ) ) ;
#4434 = CARTESIAN_POINT ( 'NONE',  ( 0.000000000000000000, -2.473873534356184400, 3.063308152908785775 ) ) ;
#4435 = CARTESIAN_POINT ( 'NONE',  ( 23.91156834007576037, 9.350636311289187930, 15.98831873964048533 ) ) ;
#4436 = CARTESIAN_POINT ( 'NONE',  ( 0.000000000000000000, -4.975386527000265069, -0.4203602064379698411 ) ) ;
#4437 = VERTEX_POINT ( 'NONE', #3399 ) ;
#4438 = CARTESIAN_POINT ( 'NONE',  ( 130.4678417679656945, 44.05663897915829352, -16.95636963250747797 ) ) ;
#4439 = CARTESIAN_POINT ( 'NONE',  ( 117.8830715785608021, -23.43708939686842996, 29.94317288949540767 ) ) ;
#4440 = CARTESIAN_POINT ( 'NONE',  ( 116.9370847967340978, -31.27967326010202953, 38.06951110841072961 ) ) ;
#4441 = CARTESIAN_POINT ( 'NONE',  ( 93.87321040937715111, -23.74514489885957147, 20.59669332741573911 ) ) ;
#4442 = ADVANCED_FACE ( 'NONE', ( #4445 ), #2249, .F. ) ;
#4443 = CARTESIAN_POINT ( 'NONE',  ( 131.4035253038960320, 44.10174805352315985, -17.02099816919152886 ) ) ;
#4444 = CARTESIAN_POINT ( 'NONE',  ( 120.6854829490986702, -41.10587424988709415, 53.73197084746163199 ) ) ;
#4445 = FACE_OUTER_BOUND ( 'NONE', #510, .T. ) ;
#4446 = ADVANCED_FACE ( 'NONE', ( #173 ), #897, .T. ) ;
#4447 = CARTESIAN_POINT ( 'NONE',  ( 118.3324687397207953, -29.43234059267108194, 30.95115682771484344 ) ) ;
#4448 = CARTESIAN_POINT ( 'NONE',  ( 93.87321040937715111, -24.60066678471608270, -22.40447713717302136 ) ) ;
#4449 = CARTESIAN_POINT ( 'NONE',  ( 116.7584762257471880, -38.48085254729547700, -21.13891850179814824 ) ) ;
#4450 = DIRECTION ( 'NONE',  ( 1.348150961071065268E-33, -0.9038919048786374644, -0.4277609429282533404 ) ) ;
#4451 = CARTESIAN_POINT ( 'NONE',  ( 82.58876423811663869, -22.63753871821974073, 25.72800797023782948 ) ) ;
#4452 = CARTESIAN_POINT ( 'NONE',  ( 74.31889528983008120, -30.55121519835551425, -19.19860366528451223 ) ) ;
#4453 = CARTESIAN_POINT ( 'NONE',  ( 121.8861252089386653, -28.27281546284795510, -28.11804009991060127 ) ) ;
#4454 = ORIENTED_EDGE ( 'NONE', *, *, #3622, .T. ) ;
#4455 = CARTESIAN_POINT ( 'NONE',  ( 123.8615284943279988, -40.68772847469791998, -53.92985560570649284 ) ) ;
#4456 = CARTESIAN_POINT ( 'NONE',  ( 2.006231500456004735, -0.5812256774474996446, 5.864981991046372301 ) ) ;
#4457 = ADVANCED_FACE ( 'NONE', ( #4492 ), #4127, .T. ) ;
#4458 = CARTESIAN_POINT ( 'NONE',  ( 116.8427573120004297, 0.000000000000000000, 35.00000000000000000 ) ) ;
#4459 = CARTESIAN_POINT ( 'NONE',  ( 29.37164097186501266, -28.55832029697794994, -0.4772882061759011196 ) ) ;
#4460 = ORIENTED_EDGE ( 'NONE', *, *, #4508, .F. ) ;
#4461 = CARTESIAN_POINT ( 'NONE',  ( 0.000000000000000000, 4.975386527000265957, -0.4203602064379693970 ) ) ;
#4462 = CARTESIAN_POINT ( 'NONE',  ( 113.2327071593445851, -22.23910729144816401, 29.97974684985813099 ) ) ;
#4463 = CARTESIAN_POINT ( 'NONE',  ( 73.62321040937712269, -28.21565527583145183, -20.71920597788000507 ) ) ;
#4464 = CARTESIAN_POINT ( 'NONE',  ( 73.62321040937716532, -18.36698806476008627, -23.14187093787273852 ) ) ;
#4465 = CARTESIAN_POINT ( 'NONE',  ( 116.7584762257470317, 38.48085254729532778, -21.13891850179819443 ) ) ;
#4466 = CARTESIAN_POINT ( 'NONE',  ( 115.1446905700826306, -30.14561955924980197, 38.60619461867289459 ) ) ;
#4467 = DIRECTION ( 'NONE',  ( -0.000000000000000000, 0.4277609429282542286, -0.9038919048786369093 ) ) ;
#4468 = CARTESIAN_POINT ( 'NONE',  ( 121.8384827825355927, -28.40353553338662707, 28.04657542409487192 ) ) ;
#4469 = VECTOR ( 'NONE', #3600, 1000.000000000000114 ) ;
#4470 = FACE_OUTER_BOUND ( 'NONE', #556, .T. ) ;
#4471 = CARTESIAN_POINT ( 'NONE',  ( 130.0000000000003695, -39.22622868398401863, -22.08680587672406759 ) ) ;
#4472 = ADVANCED_FACE ( 'NONE', ( #2764, #4514 ), #3468, .T. ) ;
#4473 = CARTESIAN_POINT ( 'NONE',  ( 112.7681726696171722, -38.36121521756554387, -55.03086281600964469 ) ) ;
#4474 = AXIS2_PLACEMENT_3D ( 'NONE', #4441, #518, #3767 ) ;
#4475 = CC_DESIGN_DATE_AND_TIME_ASSIGNMENT ( #3137, #1361, ( #159 ) ) ;
#4476 = CARTESIAN_POINT ( 'NONE',  ( 82.64423334976321200, -26.01270306885366779, 25.08699168514349154 ) ) ;
#4477 = CARTESIAN_POINT ( 'NONE',  ( 122.0087255027984412, -27.62822432808519579, 28.45220916014805113 ) ) ;
#4478 = CARTESIAN_POINT ( 'NONE',  ( 113.6732104093771625, -23.74514489885957502, -20.59669332741573555 ) ) ;
#4479 = ORIENTED_EDGE ( 'NONE', *, *, #530, .F. ) ;
#4480 = CARTESIAN_POINT ( 'NONE',  ( 115.1446905700826306, -30.14561955924980197, -38.60619461867289459 ) ) ;
#4481 = CARTESIAN_POINT ( 'NONE',  ( 116.8389263535340206, -7.812741146789363711, 34.60576119809067563 ) ) ;
#4482 = CARTESIAN_POINT ( 'NONE',  ( 80.42124416445085444, -27.91255069679203515, -25.91716597694083291 ) ) ;
#4483 = AXIS2_PLACEMENT_3D ( 'NONE', #4193, #3770, #2324 ) ;
#4484 = CARTESIAN_POINT ( 'NONE',  ( 3.042804097976382849, -4.625382396105252703, 5.196850558149330723 ) ) ;
#4485 = CARTESIAN_POINT ( 'NONE',  ( 86.53764784964901935, -28.32008078519631056, -25.56095471753792836 ) ) ;
#4486 = CARTESIAN_POINT ( 'NONE',  ( 116.7417157824581011, 43.39489910961199115, -16.00827758488070529 ) ) ;
#4487 = LINE ( 'NONE', #1238, #1191 ) ;
#4488 = CARTESIAN_POINT ( 'NONE',  ( 134.6897895703582151, -44.99482117670721237, 65.85677168154222727 ) ) ;
#4489 = CARTESIAN_POINT ( 'NONE',  ( 93.87321040937715111, -28.98771794715566941, 18.11567985843186435 ) ) ;
#4490 = CARTESIAN_POINT ( 'NONE',  ( 10.31720266782411599, 14.48792295665911389, -3.264452348970896978 ) ) ;
#4491 = CARTESIAN_POINT ( 'NONE',  ( 139.3516413448148796, -45.17392271451224417, 65.77201304803985238 ) ) ;
#4492 = FACE_OUTER_BOUND ( 'NONE', #1158, .T. ) ;
#4493 = VERTEX_POINT ( 'NONE', #3044 ) ;
#4494 = CARTESIAN_POINT ( 'NONE',  ( 86.89336656814322168, -28.44675241129443322, 25.59392290789907776 ) ) ;
#4495 = DIRECTION ( 'NONE',  ( 0.000000000000000000, 0.9038919048786373533, 0.4277609429282533404 ) ) ;
#4496 = FACE_OUTER_BOUND ( 'NONE', #3858, .T. ) ;
#4497 = CARTESIAN_POINT ( 'NONE',  ( 139.3799326301305541, -45.13319204520066563, 65.79128857138150011 ) ) ;
#4498 = CARTESIAN_POINT ( 'NONE',  ( 113.6732104093771625, -20.32305735543355496, 13.36555808838664561 ) ) ;
#4499 = CARTESIAN_POINT ( 'NONE',  ( 94.72882392876194046, -20.12111855622422851, -28.71868759393511539 ) ) ;
#4500 = ORIENTED_EDGE ( 'NONE', *, *, #2855, .T. ) ;
#4501 = CARTESIAN_POINT ( 'NONE',  ( 115.0177809679165364, -21.23123275429396983, -21.78638583776360349 ) ) ;
#4502 = CARTESIAN_POINT ( 'NONE',  ( 81.97948325268974656, -25.11885728432107356, -24.31303299961937725 ) ) ;
#4503 = CARTESIAN_POINT ( 'NONE',  ( 131.4052868953211544, -48.75064993515375988, 8.350416617966674337 ) ) ;
#4504 = CARTESIAN_POINT ( 'NONE',  ( 130.0000000000002842, 32.33552578849990056, 26.96816855286976988 ) ) ;
#4505 = CARTESIAN_POINT ( 'NONE',  ( 55.54915737911443330, -25.65605529369422300, 18.01645654206996383 ) ) ;
#4506 = ORIENTED_EDGE ( 'NONE', *, *, #2335, .F. ) ;
#4507 = CARTESIAN_POINT ( 'NONE',  ( 131.4057051148675725, 49.81040761591233945, -4.240009439592943075 ) ) ;
#4508 = EDGE_CURVE ( 'NONE', #2681, #275, #3590, .T. ) ;
#4509 = CARTESIAN_POINT ( 'NONE',  ( 81.58887861280962284, -23.32005513950941022, 25.20497191107742552 ) ) ;
#4510 = CARTESIAN_POINT ( 'NONE',  ( 135.7405809235568768, -45.38390250968454609, 65.67264148082701070 ) ) ;
#4511 = EDGE_CURVE ( 'NONE', #2729, #1123, #3443, .T. ) ;
#4512 = CARTESIAN_POINT ( 'NONE',  ( 55.54915737911444751, 25.65605529369427629, -18.01645654206995317 ) ) ;
#4513 = CARTESIAN_POINT ( 'NONE',  ( 139.3140530997617361, -45.19350797833955369, 65.76274444979590328 ) ) ;
#4514 = FACE_BOUND ( 'NONE', #1821, .T. ) ;
#4515 = ORIENTED_EDGE ( 'NONE', *, *, #1647, .T. ) ;
#4516 = CARTESIAN_POINT ( 'NONE',  ( 95.26881433802122956, -29.31369165993564962, 24.18057134832280042 ) ) ;
#4517 = CYLINDRICAL_SURFACE ( 'NONE', #3271, 5.500000000000004441 ) ;
#4518 = CARTESIAN_POINT ( 'NONE',  ( 125.1362128771300632, -39.73354473372631190, -54.38141683173564189 ) ) ;
#4519 = CARTESIAN_POINT ( 'NONE',  ( 82.68319015231629976, -25.83354488777923308, 25.24647166320121627 ) ) ;
#4520 = CARTESIAN_POINT ( 'NONE',  ( 113.6732104093771625, -23.24482892739813167, -23.04611855156539946 ) ) ;
#4521 = CARTESIAN_POINT ( 'NONE',  ( 124.1232104093770943, -25.79332926944335824, 29.54281106107894317 ) ) ;
#4522 = ORIENTED_EDGE ( 'NONE', *, *, #3993, .F. ) ;
#4523 = DIRECTION ( 'NONE',  ( 0.000000000000000000, -0.4277609429282532849, -0.9038919048786374644 ) ) ;
#4524 = CARTESIAN_POINT ( 'NONE',  ( 82.17417980711580583, -24.82172770152122609, -24.51447314657921694 ) ) ;
#4525 = CARTESIAN_POINT ( 'NONE',  ( 131.4046405560211497, -47.06497002927845585, 12.23151824948707400 ) ) ;
#4526 = ADVANCED_FACE ( 'NONE', ( #195 ), #1293, .T. ) ;
#4527 = APPLICATION_CONTEXT ( 'configuration controlled 3d designs of mechanical parts and assemblies' ) ;
#4528 = CARTESIAN_POINT ( 'NONE',  ( 131.4035253038964015, 44.10174850981954364, 17.02099923888351540 ) ) ;
#4529 = CARTESIAN_POINT ( 'NONE',  ( 59.99977932697732541, -32.14828067248730292, 14.38711755128785441 ) ) ;
#4530 = ORIENTED_EDGE ( 'NONE', *, *, #3707, .F. ) ;
#4531 = CARTESIAN_POINT ( 'NONE',  ( 116.7250750566208382, 48.17102550674302819, 7.702935465272967797 ) ) ;
#4532 = ADVANCED_FACE ( 'NONE', ( #3791 ), #3517, .F. ) ;
#4533 = LINE ( 'NONE', #1044, #3949 ) ;
#4534 = ADVANCED_FACE ( 'NONE', ( #569 ), #1243, .F. ) ;
#4535 = CARTESIAN_POINT ( 'NONE',  ( 115.3039126623093722, -31.46637126588987243, -25.59703719947928491 ) ) ;
#4536 = CARTESIAN_POINT ( 'NONE',  ( 3.554467107526689151, 6.338548881327771944, -4.466852918930497296 ) ) ;
#4537 = CARTESIAN_POINT ( 'NONE',  ( 109.1971438837503854, -38.97613547519667776, 54.73985581859074045 ) ) ;
#4538 = DIRECTION ( 'NONE',  ( 0.000000000000000000, 0.9038919048786374644, 0.4277609429282533404 ) ) ;
#4539 = EDGE_LOOP ( 'NONE', ( #316, #504, #469, #1208, #1387 ) ) ;
#4540 = VECTOR ( 'NONE', #4293, 999.9999999999998863 ) ;
#4541 = CARTESIAN_POINT ( 'NONE',  ( 112.9898666946264996, -26.12317960281813711, -31.47319251572793775 ) ) ;
#4542 = CARTESIAN_POINT ( 'NONE',  ( 118.0486133214183013, -24.04259078228984592, -20.45592900495692490 ) ) ;
#4543 = CARTESIAN_POINT ( 'NONE',  ( 82.75734123861967362, -25.76519553496995840, 25.36712089542866977 ) ) ;
#4544 = CARTESIAN_POINT ( 'NONE',  ( 113.6732104093771625, -24.60066678471608626, -22.40447713717301781 ) ) ;
#4545 = DIRECTION ( 'NONE',  ( 3.290533628671975231E-18, 0.4277609429282532849, 0.9038919048786375754 ) ) ;
#4546 = VERTEX_POINT ( 'NONE', #2670 ) ;
#4547 = CARTESIAN_POINT ( 'NONE',  ( 2.190032415392462184, 0.000000000000000000, -6.158470319802441750 ) ) ;
#4548 = ORIENTED_EDGE ( 'NONE', *, *, #1647, .F. ) ;
#4549 = CARTESIAN_POINT ( 'NONE',  ( 109.1408904257669263, -24.17472061244926707, -28.78502404151531024 ) ) ;
#4550 = CARTESIAN_POINT ( 'NONE',  ( 67.23203999225350458, -42.30010006527746924, 2.542600939048294872 ) ) ;
#4551 = CIRCLE ( 'NONE', #2451, 0.8000000000000014877 ) ;
#4552 = CARTESIAN_POINT ( 'NONE',  ( 24.40882333499671120, 21.28581870270511089, 8.100441100275810768 ) ) ;
#4553 = CARTESIAN_POINT ( 'NONE',  ( 65.28489289006381568, -39.61616420385490045, 7.603036229402901469 ) ) ;
#4554 = CIRCLE ( 'NONE', #1115, 5.800000000000003375 ) ;
#4555 = AXIS2_PLACEMENT_3D ( 'NONE', #670, #1728, #2800 ) ;
#4556 = CARTESIAN_POINT ( 'NONE',  ( 135.0003441381817026, -45.00743444300921681, -65.85080253561046959 ) ) ;
#4557 = CARTESIAN_POINT ( 'NONE',  ( 87.27387691670904246, 36.58740382825308046, 18.54019239833988664 ) ) ;
#4558 = AXIS2_PLACEMENT_3D ( 'NONE', #3620, #2545, #766 ) ;
#4559 = CARTESIAN_POINT ( 'NONE',  ( 110.6548609533822116, -25.68100582480985494, 31.35004124000863968 ) ) ;
#4560 = VECTOR ( 'NONE', #2973, 1000.000000000000000 ) ;
#4561 = CARTESIAN_POINT ( 'NONE',  ( 118.7512493580883159, -29.09727887798057822, -31.52504271235967437 ) ) ;
#4562 = CARTESIAN_POINT ( 'NONE',  ( 2.321339412014938208, -1.946972759165353395, -5.840407883655050369 ) ) ;
#4563 =( NAMED_UNIT ( * ) PLANE_ANGLE_UNIT ( ) SI_UNIT ( $, .RADIAN. ) );
#4564 = CARTESIAN_POINT ( 'NONE',  ( 94.18417693160932913, -24.52821295903006771, -29.51785518278910914 ) ) ;
#4565 = DIRECTION ( 'NONE',  ( 0.000000000000000000, 0.9038919048786373533, 0.4277609429282533404 ) ) ;
#4566 = CARTESIAN_POINT ( 'NONE',  ( 84.33964404902107503, -23.92331871732331194, 25.39964721461364761 ) ) ;
#4567 = CARTESIAN_POINT ( 'NONE',  ( 123.4294416931208218, -33.44307158673058211, -25.30931952828516529 ) ) ;
#4568 = CARTESIAN_POINT ( 'NONE',  ( 113.6732104093771625, -24.60066678471608626, -22.40447713717301781 ) ) ;
#4569 = ORIENTED_EDGE ( 'NONE', *, *, #3132, .T. ) ;
#4570 = DIRECTION ( 'NONE',  ( 0.000000000000000000, 0.9038919048786374644, -0.4277609429282532849 ) ) ;
#4571 = ORIENTED_EDGE ( 'NONE', *, *, #2716, .T. ) ;
#4572 = CARTESIAN_POINT ( 'NONE',  ( 98.00812071151365501, -23.22197076401308280, -27.84562481890398544 ) ) ;
#4573 = CARTESIAN_POINT ( 'NONE',  ( 44.26631466506144363, -35.26944309773888619, 0.6215901750565877570 ) ) ;
#4574 = CARTESIAN_POINT ( 'NONE',  ( 129.9999999999998863, -48.69516436027241468, 8.288434315813619335 ) ) ;
#4575 = CARTESIAN_POINT ( 'NONE',  ( 114.1790224126210376, -30.40639133634402214, -29.35249926608563342 ) ) ;
#4576 = CARTESIAN_POINT ( 'NONE',  ( 130.9372043342831944, 50.03417758307752194, 1.410068111271440827 ) ) ;
#4577 = CARTESIAN_POINT ( 'NONE',  ( 93.87321040937715111, -18.50257185056347708, -23.07770679639961742 ) ) ;
#4578 = CARTESIAN_POINT ( 'NONE',  ( 113.9128309850691494, -30.43131047648045495, -29.29465649085908652 ) ) ;
#4579 = CARTESIAN_POINT ( 'NONE',  ( 130.9288230455846076, -8.452189370889719555, -34.67531992581439226 ) ) ;
#4580 = DIRECTION ( 'NONE',  ( 0.000000000000000000, 0.000000000000000000, 1.000000000000000000 ) ) ;
#4581 = CARTESIAN_POINT ( 'NONE',  ( 113.6732104093771625, -28.98771794715569783, -18.11567985843187500 ) ) ;
#4582 = EDGE_CURVE ( 'NONE', #2478, #2306, #3039, .T. ) ;
#4583 = CYLINDRICAL_SURFACE ( 'NONE', #4401, 5.500000000000004441 ) ;
#4584 = EDGE_CURVE ( 'NONE', #273, #351, #244, .T. ) ;
#4585 = EDGE_CURVE ( 'NONE', #2484, #4258, #3811, .T. ) ;
#4586 = CARTESIAN_POINT ( 'NONE',  ( 86.55453342600495148, -21.46276400103141668, 26.94364133651931681 ) ) ;
#4587 = PLANE ( 'NONE',  #823 ) ;
#4588 = DIRECTION ( 'NONE',  ( -3.290533628671976386E-18, -0.4277609429282533404, -0.9038919048786374644 ) ) ;
#4589 = ORIENTED_EDGE ( 'NONE', *, *, #2195, .T. ) ;
#4590 = CARTESIAN_POINT ( 'NONE',  ( 131.3928290221502380, 1.481458074228884017E-05, -35.00000000000000000 ) ) ;
#4591 = ORIENTED_EDGE ( 'NONE', *, *, #3837, .F. ) ;
#4592 = CARTESIAN_POINT ( 'NONE',  ( 89.36887270138771555, -21.09389951598432589, -27.54001162697112903 ) ) ;
#4593 = CARTESIAN_POINT ( 'NONE',  ( 116.7201666410861378, -49.51571648649370161, 1.282486611553037781 ) ) ;
#4594 = DIRECTION ( 'NONE',  ( -3.290533628671975616E-18, -0.4277609429282532849, 0.9038919048786374644 ) ) ;
#4595 = CARTESIAN_POINT ( 'NONE',  ( 106.8732104093771511, -22.21170408430874943, 19.10973022487138806 ) ) ;
#4596 = CARTESIAN_POINT ( 'NONE',  ( 10.31720266782411599, 14.48792295665911389, 3.264452348970896978 ) ) ;
#4597 = MANIFOLD_SOLID_BREP ( 'Í¹Ì¨-À­Éì26', #1945 ) ;
#4598 = EDGE_CURVE ( 'NONE', #1123, #4628, #1049, .T. ) ;
#4599 = CARTESIAN_POINT ( 'NONE',  ( 99.16471303150633787, -25.95650464203404084, 21.76283572278064327 ) ) ;
#4600 = CARTESIAN_POINT ( 'NONE',  ( 130.9312563229483430, -24.80341593141981704, -30.67136704793028912 ) ) ;
#4601 = CARTESIAN_POINT ( 'NONE',  ( 104.6525629322344315, -29.82692166066319572, 25.26697831728422372 ) ) ;
#4602 = CARTESIAN_POINT ( 'NONE',  ( 116.7074550043010106, -31.24653744446494130, -25.90028831651284946 ) ) ;
#4603 = CARTESIAN_POINT ( 'NONE',  ( 130.9312563229495083, 24.80341474266544566, -30.67136677763929598 ) ) ;
#4604 = CARTESIAN_POINT ( 'NONE',  ( 0.000000000000000000, 0.000000000000000000, 0.000000000000000000 ) ) ;
#4605 = ORIENTED_EDGE ( 'NONE', *, *, #236, .T. ) ;
#4606 = CARTESIAN_POINT ( 'NONE',  ( 83.23135179509766601, -25.59640962041111223, -25.91065339141628954 ) ) ;
#4607 = CARTESIAN_POINT ( 'NONE',  ( 139.3140530997617645, -45.07287611206177758, -65.81983269296711114 ) ) ;
#4608 = CARTESIAN_POINT ( 'NONE',  ( 89.36887270140842077, -21.09389951598296520, 27.54001162697487359 ) ) ;
#4609 = CARTESIAN_POINT ( 'NONE',  ( 83.40354812286675212, -28.48788213296177929, 22.57385117815922726 ) ) ;
#4610 = CARTESIAN_POINT ( 'NONE',  ( 118.6954067346161565, -28.66121406744101563, 31.68898590004237548 ) ) ;
#4611 = EDGE_LOOP ( 'NONE', ( #337, #3535, #129, #1117 ) ) ;
#4612 = CARTESIAN_POINT ( 'NONE',  ( 13.49062453388675387, 0.000000000000000000, -13.77254560041768627 ) ) ;
#4613 = ORIENTED_EDGE ( 'NONE', *, *, #1539, .T. ) ;
#4614 = CARTESIAN_POINT ( 'NONE',  ( 83.41951434439037882, -22.26369942350340381, -26.05436346827474381 ) ) ;
#4615 = CARTESIAN_POINT ( 'NONE',  ( 130.4682135186738208, -47.02488081657312335, -12.17748084810448894 ) ) ;
#4616 = VECTOR ( 'NONE', #4219, 1000.000000000000000 ) ;
#4617 = CARTESIAN_POINT ( 'NONE',  ( 116.8427573120004297, 0.000000000000000000, 35.00000000000000000 ) ) ;
#4618 = CARTESIAN_POINT ( 'NONE',  ( 102.4785505563495462, -30.68969353561101343, -27.28010265598502215 ) ) ;
#4619 = CARTESIAN_POINT ( 'NONE',  ( 129.9999999999996021, 32.33552578814162359, 26.96816855280744463 ) ) ;
#4620 = DIRECTION ( 'NONE',  ( -1.000000000000000000, 1.407561767737850916E-18, 2.974286709687527133E-18 ) ) ;
#4621 = VECTOR ( 'NONE', #192, 999.9999999999998863 ) ;
#4622 = CARTESIAN_POINT ( 'NONE',  ( 130.4656281614738305, -24.77073644197423974, -30.65165900432189616 ) ) ;
#4623 = CARTESIAN_POINT ( 'NONE',  ( 85.33033011101179000, -27.55477637071519936, 23.54454745782182457 ) ) ;
#4624 = AXIS2_PLACEMENT_3D ( 'NONE', #3385, #2632, #3709 ) ;
#4625 = CARTESIAN_POINT ( 'NONE',  ( 118.0527710236810606, -29.55736002404329810, -30.73410607326962563 ) ) ;
#4626 = CARTESIAN_POINT ( 'NONE',  ( 2.595098964619792614, 2.922531635494962199, -5.738002218732238369 ) ) ;
#4627 = CARTESIAN_POINT ( 'NONE',  ( 73.62321040937716532, -17.64387454085717621, -23.48407969221534231 ) ) ;
#4628 = VERTEX_POINT ( 'NONE', #697 ) ;
#4629 = CARTESIAN_POINT ( 'NONE',  ( 117.6955728787247750, -27.69408411475848553, -31.59938911070279133 ) ) ;
ENDSEC;
END-ISO-10303-21;
